status,oldNumber,newBucket,title,videoId,viewCount,oldCategory,newCategory,language,year,yearConfidence
verified-era,POP-001,80年代流行曲,Monica,w3N5tisg20I,2721702,80年代流行曲,80年代流行曲,粵語,1984,hint-year
verified-era,POP-002,80年代流行曲,風繼續吹,UmTB6E5mU5w,3421893,80年代流行曲,80年代流行曲,粵語,1983,hint-year
verified-era,POP-003,80年代流行曲,為你鍾情,lkd06VLJGQg,519335,80年代流行曲,80年代流行曲,粵語,1985,hint-year
verified-era,POP-004,80年代流行曲,不羈的風,hEofxPB73Is,936360,80年代流行曲,80年代流行曲,粵語,1985,hint-year
verified-era,POP-005,80年代流行曲,有誰共鳴,9b1vv1kWYc4,5380944,80年代流行曲,80年代流行曲,粵語,1986,hint-year
verified-era,POP-006,80年代流行曲,沉默是金,7bl9bA7A0OM,3399897,80年代流行曲,80年代流行曲,粵語,1988,hint-year
verified-era,POP-007,80年代流行曲,偏偏喜歡你,RmTAUDlcPSk,21925461,80年代流行曲,80年代流行曲,粵語,1983,hint-year
verified-era,POP-008,80年代流行曲,今宵多珍重,7Fu9DJGRU8Y,11974109,80年代流行曲,80年代流行曲,粵語,1982,hint-year
verified-era,POP-009,80年代流行曲,愛情陷阱,DXo7zqbeY9Y,1540832,80年代流行曲,80年代流行曲,粵語,1985,title-match
verified-era,POP-010,80年代流行曲,朋友,DkDPEXyMOi8,2468940,80年代流行曲,80年代流行曲,粵語,1985,hint-year
verified-era,POP-011,80年代流行曲,真的愛你,n8aK_IUna_Y,1510718,80年代流行曲,80年代流行曲,粵語,1989,hint-year
verified-era,POP-012,80年代流行曲,喜歡你,U-bvp_hsinw,3557838,80年代流行曲,80年代流行曲,粵語,1988,hint-year
verified-era,POP-013,80年代流行曲,舊日的足跡,tFc6krvM51A,746276,80年代流行曲,80年代流行曲,粵語,1986,hint-year
verified-era,POP-014,80年代流行曲,冷雨夜,XtJvmzcCu1A,3130769,80年代流行曲,80年代流行曲,粵語,1988,hint-year
verified-era,POP-015,80年代流行曲,石頭記,4alhlTQselk,4285022,80年代流行曲,80年代流行曲,粵語,1987,hint-year
verified-era,POP-016,80年代流行曲,傾心,nuPaLeNmUpw,632895,80年代流行曲,80年代流行曲,粵語,1987,hint-year
verified-era,POP-017,80年代流行曲,分分鐘需要你,0OeZuH7-NZw,563552,80年代流行曲,80年代流行曲,粵語,1980,hint-year
verified-era,POP-018,80年代流行曲,每一個晚上,Y8tp91Rwn2o,860837,80年代流行曲,80年代流行曲,粵語,1984,hint-year
verified-era,POP-019,80年代流行曲,敢愛敢做,HGmTVMZR0hE,3138456,80年代流行曲,80年代流行曲,粵語,1987,hint-year
verified-era,POP-020,80年代流行曲,真的漢子,l4qCBKuS0Bc,2247556,80年代流行曲,80年代流行曲,粵語,1988,hint-year
verified-era,POP-021,90年代流行曲,海闊天空,qu_FSptjRic,173786139,80年代流行曲,90年代流行曲,粵語,1993,manual-title
era-unverified,POP-022,年代未核實,至少還有你,pQlAWZLOpgo,41074900,80年代流行曲,年代未核實,粵語,,unknown
era-unverified,POP-023,年代未核實,瀟灑走一回,KZ8Hxm2W5Ts,34935896,80年代流行曲,年代未核實,粵語,,unknown
era-unverified,POP-024,年代未核實,曾經心痛,RiGdxI6HNnQ,28894891,80年代流行曲,年代未核實,粵語,,unknown
verified-era,POP-025,90年代流行曲,當愛已成往事,IKA47rEDVSs,20133141,80年代流行曲,90年代流行曲,國語,1993,video-id-match
era-unverified,POP-026,年代未核實,朋友別哭,UOrGX49N2aU,18862877,80年代流行曲,年代未核實,粵語,,unknown
verified-era,POP-027,90年代流行曲,聽說愛情回來過,qSnSCOMVSYQ,18144054,80年代流行曲,90年代流行曲,國語,1995,video-id-match
era-unverified,POP-028,年代未核實,用餘生去愛,SY2SDAAFvWg,14081405,80年代流行曲,年代未核實,粵語,,unknown
era-unverified,POP-029,年代未核實,不裝飾你的夢,v-YeIjY2LVg,12816050,80年代流行曲,年代未核實,粵語,,unknown
verified-era,POP-030,90年代流行曲,今生今世,6jRNbtNy1K4,12811991,80年代流行曲,90年代流行曲,粵語,1995,video-id-match
era-unverified,POP-031,年代未核實,嫁給我,sTE21SU3TVM,12737347,80年代流行曲,年代未核實,國語,,unknown
era-unverified,POP-032,年代未核實,愛的可能,u20h020vkE8,11190758,80年代流行曲,年代未核實,粵語,,unknown
era-unverified,POP-033,年代未核實,女人花,HZf26r_DplA,9995746,80年代流行曲,年代未核實,國語,,unknown
era-unverified,POP-034,年代未核實,無心傷害,u650A5w7Ka0,9544588,80年代流行曲,年代未核實,國語,,unknown
era-unverified,POP-035,年代未核實,让一切随风,lz-e0NWIj88,8998276,80年代流行曲,年代未核實,國語,,unknown
era-unverified,POP-036,年代未核實,領悟,wa-HGDSFddw,8916284,80年代流行曲,年代未核實,國語,,unknown
era-unverified,POP-037,年代未核實,大海,uxNs7uBl7O8,8876342,80年代流行曲,年代未核實,粵語,,unknown
era-unverified,POP-038,年代未核實,男兒當自強,U_EgeFUTbW4,8405833,80年代流行曲,年代未核實,粵語,,unknown
era-unverified,POP-039,年代未核實,脫掉,bqWfosgn_QI,8220382,80年代流行曲,年代未核實,國語,,unknown
era-unverified,POP-040,年代未核實,暗里着迷,imPWMzs0Yv4,7863641,80年代流行曲,年代未核實,國語,,unknown
era-unverified,POP-041,年代未核實,蔡楓華,K96zOesFccY,7233393,80年代流行曲,年代未核實,粵語,,unknown
era-unverified,POP-042,年代未核實,回頭太難,6oScrw8ubPk,7105887,80年代流行曲,年代未核實,粵語,,unknown
verified-era,POP-043,90年代流行曲,有心人,V7Xzwpdffeg,6946034,80年代流行曲,90年代流行曲,粵語,1996,video-id-match
verified-era,POP-044,90年代流行曲,灰色轨迹,8F_91_S5Sno,6823037,80年代流行曲,90年代流行曲,粵語,1990,manual-title
era-unverified,POP-045,年代未核實,一生所愛,pAse1VuvcOE,6730559,80年代流行曲,年代未核實,國語,,unknown
era-unverified,POP-046,年代未核實,夜機,oLCHgT4gyjg,6667540,80年代流行曲,年代未核實,粵語,,unknown
era-unverified,POP-047,年代未核實,我醒著做夢,hER7WMTmAoE,6338315,80年代流行曲,年代未核實,粵語,,unknown
era-unverified,POP-048,年代未核實,聽不到的說話,Qd1vbVBu5lQ,5949337,80年代流行曲,年代未核實,粵語,,unknown
era-unverified,POP-049,年代未核實,飄雪,oGTEVhr6-5E,5940059,80年代流行曲,年代未核實,粵語,,unknown
era-unverified,POP-050,年代未核實,皇后大道東,av1-_SjPb2E,5879074,80年代流行曲,年代未核實,國語,,unknown
era-unverified,POP-051,年代未核實,不再猶豫,fKKgY7BXxJE,5807786,80年代流行曲,年代未核實,粵語,,unknown
era-unverified,POP-052,年代未核實,風再起時,zEfh1r3N0no,5510341,80年代流行曲,年代未核實,粵語,,unknown
era-unverified,POP-053,年代未核實,光辉岁月,HyChySXLyPk,5329934,80年代流行曲,年代未核實,粵語,,unknown
era-unverified,POP-054,年代未核實,主唱,CmlsjFgy0Ts,5238522,80年代流行曲,年代未核實,粵語,,unknown
era-unverified,POP-055,年代未核實,情人,iXqIb2KOC3M,5060709,80年代流行曲,年代未核實,國語,,unknown
verified-era,POP-056,80年代流行曲,風的季節,umUtPPGFe1w,4801833,80年代流行曲,80年代流行曲,粵語,1981,video-id-match
era-unverified,POP-057,年代未核實,似夢迷離,Yt1vq8pDGK0,4594344,80年代流行曲,年代未核實,粵語,,unknown
era-unverified,POP-058,年代未核實,怪你過份美麗,kIzTKC8ilyc,4568528,80年代流行曲,年代未核實,粵語,,unknown
era-unverified,POP-059,年代未核實,不裝飾妳的夢,cx7_DAc8tIw,4562683,80年代流行曲,年代未核實,粵語,,unknown
era-unverified,POP-060,年代未核實,祗有情永在,vwEyXcF3ULI,4464912,80年代流行曲,年代未核實,粵語,,unknown
era-unverified,POP-061,年代未核實,情愛幾多哀,TtqWdbm9OHI,4405656,80年代流行曲,年代未核實,粵語,,unknown
era-unverified,POP-062,年代未核實,鍾愛一生,6rNlumm_3Uw,4137474,80年代流行曲,年代未核實,國語,,unknown
era-unverified,POP-063,年代未核實,戏凤,y4CZVRaa-wI,4089197,80年代流行曲,年代未核實,國語,,unknown
era-unverified,POP-064,年代未核實,搵野做,j0flMZoT_HA,4059517,80年代流行曲,年代未核實,粵語,,unknown
era-unverified,POP-065,年代未核實,心如刀割,CA5CwZ4Nmnk,3976586,80年代流行曲,年代未核實,粵語,,unknown
era-unverified,POP-066,年代未核實,晚秋,3fthZU0WEFk,3897937,80年代流行曲,年代未核實,粵語,,unknown
era-unverified,POP-067,年代未核實,誰令你心痴,L6ZVIqonafQ,3704326,80年代流行曲,年代未核實,粵語,,unknown
era-unverified,POP-068,年代未核實,明日話今天,k06tSbM1fSs,3691882,80年代流行曲,年代未核實,粵語,,unknown
era-unverified,POP-069,年代未核實,老情歌,DnxWyXYqfVg,3506133,80年代流行曲,年代未核實,粵語,,unknown
era-unverified,POP-070,年代未核實,日本,ErGjJ-SjBQ4,3494676,80年代流行曲,年代未核實,粵語,,unknown
era-unverified,POP-071,年代未核實,相逢何必曾相識,DukIqaIOC8I,3446852,80年代流行曲,年代未核實,粵語,,unknown
era-unverified,POP-072,年代未核實,天真,W8K22zsaimk,3431587,80年代流行曲,年代未核實,國語,,unknown
era-unverified,POP-073,年代未核實,温兆伦,SVHwGmm0-VM,3312960,80年代流行曲,年代未核實,粵語,,unknown
era-unverified,POP-074,年代未核實,玻璃之情,rl28y-8dpuo,3275932,80年代流行曲,年代未核實,粵語,,unknown
era-unverified,POP-075,年代未核實,情書,VZz1e1dI3k4,3236694,80年代流行曲,年代未核實,粵語,,unknown
era-unverified,POP-076,年代未核實,鏗鏘玫瑰,_aC-5cMtKSo,3150503,80年代流行曲,年代未核實,國語,,unknown
era-unverified,POP-077,年代未核實,深愛著你,tW1hteo_qYg,3088024,80年代流行曲,年代未核實,粵語,,unknown
era-unverified,POP-078,年代未核實,這麼近那麼遠,pvRka3_7PqY,3080314,80年代流行曲,年代未核實,粵語,,unknown
era-unverified,POP-079,年代未核實,十分十二吋,ua9R7rjo4LM,3077302,80年代流行曲,年代未核實,粵語,,unknown
era-unverified,POP-080,年代未核實,把你寵壞,c4GuaUH3U9U,3069550,80年代流行曲,年代未核實,國語,,unknown
era-unverified,POP-081,年代未核實,明月心,uKPNHcEUUco,2972476,80年代流行曲,年代未核實,粵語,,unknown
era-unverified,POP-082,年代未核實,旧欢如梦,panrOM__uow,2804223,80年代流行曲,年代未核實,粵語,,unknown
era-unverified,POP-083,年代未核實,失戀陣線聯盟,SkcTeTqz6Hg,2793021,80年代流行曲,年代未核實,粵語,,unknown
era-unverified,POP-084,年代未核實,失恋阵线联盟,suIbr4JS5MA,2747224,80年代流行曲,年代未核實,粵語,,unknown
era-unverified,POP-085,年代未核實,情人知己,tM93Rv_RgqA,2640130,80年代流行曲,年代未核實,粵語,,unknown
era-unverified,POP-086,年代未核實,世界真細小,ThcaPON4lLQ,2619611,80年代流行曲,年代未核實,粵語,,unknown
era-unverified,POP-087,年代未核實,披著羊皮的狼,FHOfLOiFQBI,2595037,80年代流行曲,年代未核實,粵語,,unknown
era-unverified,POP-088,年代未核實,刻不容緩,4EPHUvk4xC8,2581016,80年代流行曲,年代未核實,粵語,,unknown
era-unverified,POP-089,年代未核實,不再犹豫,xhxA5z4WrUM,2558071,80年代流行曲,年代未核實,粵語,,unknown
era-unverified,POP-090,年代未核實,回家的路,UJOZc3yuA98,2423137,80年代流行曲,年代未核實,粵語,,unknown
era-unverified,POP-091,年代未核實,誰能明白我,qdFoHjrXcHk,2402343,80年代流行曲,年代未核實,粵語,,unknown
era-unverified,POP-092,年代未核實,一生中最愛,REEOBTBVPmg,2372041,80年代流行曲,年代未核實,粵語,,unknown
era-unverified,POP-093,年代未核實,兄弟不懷疑,beaYy7T9zdI,2365701,80年代流行曲,年代未核實,粵語,,unknown
era-unverified,POP-094,年代未核實,離開以後,t2v_AoXw9EY,2323057,80年代流行曲,年代未核實,粵語,,unknown
era-unverified,POP-095,年代未核實,你令我快樂過,I68MGGD9frU,2257111,80年代流行曲,年代未核實,粵語,,unknown
era-unverified,POP-096,年代未核實,罪人,Z0pbINmvJzE,2236023,80年代流行曲,年代未核實,粵語,,unknown
era-unverified,POP-097,年代未核實,跟著我一輩子,GtO4E5TRPP4,2208950,80年代流行曲,年代未核實,國語,,unknown
era-unverified,POP-098,年代未核實,童年時,bOUC4a5Gerw,2157134,80年代流行曲,年代未核實,粵語,,unknown
verified-era,POP-099,90年代流行曲,一起走过的日子,Vtj_8SrfqQ4,5732941,80年代流行曲,90年代流行曲,國語,1991,title-match
era-unverified,POP-100,年代未核實,孤身走我路,pJhSDisGZRc,2073644,80年代流行曲,年代未核實,粵語,,unknown
era-unverified,POP-101,年代未核實,最冷一天,sfkNRcANETw,2047311,80年代流行曲,年代未核實,粵語,,unknown
era-unverified,POP-102,年代未核實,祝福,KRKxMUlpbcc,1995366,80年代流行曲,年代未核實,粵語,,ambiguous-title
era-unverified,POP-103,年代未核實,陈百强,1I-sq9oA9PI,1956357,80年代流行曲,年代未核實,粵語,,unknown
era-unverified,POP-104,年代未核實,倪妮,NzZKj2-vUrU,1949650,80年代流行曲,年代未核實,粵語,,unknown
era-unverified,POP-105,年代未核實,学生哥,9LmNfCAshRs,1928539,80年代流行曲,年代未核實,粵語,,unknown
era-unverified,POP-106,年代未核實,流浪花,_YKz3HnXgY0,1905895,80年代流行曲,年代未核實,粵語,,unknown
era-unverified,POP-107,年代未核實,张国荣,OIP4NMDHzII,1904552,80年代流行曲,年代未核實,粵語,,unknown
era-unverified,POP-108,年代未核實,不應再猶豫,ENQ1uAM2EV0,1843788,80年代流行曲,年代未核實,粵語,,unknown
era-unverified,POP-109,年代未核實,正能量歌集,O8gKayuu4TI,1805104,80年代流行曲,年代未核實,粵語,,unknown
verified-era,POP-110,80年代流行曲,千千闋歌,n3B5XpRvyhI,1780212,80年代流行曲,80年代流行曲,粵語,1989,video-id-match
era-unverified,POP-111,年代未核實,失魂記,qHQ5QcqhsnQ,1767203,80年代流行曲,年代未核實,粵語,,unknown
era-unverified,POP-112,年代未核實,多愛你一天,L4g545iIG1Q,1766597,80年代流行曲,年代未核實,粵語,,unknown
era-unverified,POP-113,年代未核實,许冠杰,O8JjnL2-sX4,1738900,80年代流行曲,年代未核實,國語,,unknown
era-unverified,POP-114,年代未核實,愛多一次痛多一次,2vG-uGeHzjg,1722324,80年代流行曲,年代未核實,粵語,,unknown
era-unverified,POP-115,年代未核實,忘记你我做不到,QrBTygMIKvU,1704060,80年代流行曲,年代未核實,粵語,,unknown
era-unverified,POP-116,年代未核實,抱緊眼前人,svEcr_yRSoA,1685725,80年代流行曲,年代未核實,粵語,,unknown
era-unverified,POP-117,年代未核實,忘情森巴舞,T7lkqxCzDJo,1660461,80年代流行曲,年代未核實,粵語,,unknown
era-unverified,POP-118,年代未核實,一個都不能少,pC76Eq6F79c,1652663,80年代流行曲,年代未核實,粵語,,unknown
era-unverified,POP-119,年代未核實,兩忘煙水裡,tkdJNS-ZPs0,1618532,80年代流行曲,年代未核實,粵語,,unknown
era-unverified,POP-120,年代未核實,心裡日記,BQ-FlgXWjIQ,1609667,80年代流行曲,年代未核實,粵語,,unknown
era-unverified,POP-121,年代未核實,不走,pVsdqHo_neY,1570970,80年代流行曲,年代未核實,國語,,unknown
era-unverified,POP-122,年代未核實,情網,pGdPlye3y88,1567520,80年代流行曲,年代未核實,粵語,,unknown
verified-era,POP-123,80年代流行曲,傻女,7ur5UpuP0JE,1560008,80年代流行曲,80年代流行曲,粵語,1988,video-id-match
era-unverified,POP-124,年代未核實,我是憤怒,MEDxmS3ni6A,1550172,80年代流行曲,年代未核實,粵語,,unknown
era-unverified,POP-125,年代未核實,三人行,wJLPsV291d0,1550024,80年代流行曲,年代未核實,粵語,,unknown
era-unverified,POP-126,年代未核實,這些年來,HDfPogSj-0w,1543257,80年代流行曲,年代未核實,粵語,,unknown
era-unverified,POP-127,年代未核實,彎彎的月亮,b61cb-hxAbw,1532272,80年代流行曲,年代未核實,粵語,,unknown
era-unverified,POP-128,年代未核實,真的想你,2MYSVpVBXOo,1469501,80年代流行曲,年代未核實,國語,,unknown
era-unverified,POP-129,年代未核實,選擇,qGJ9sc5thco,1454117,80年代流行曲,年代未核實,粵語,,unknown
era-unverified,POP-130,年代未核實,財神到,6yMfASgXc2Q,1451017,80年代流行曲,年代未核實,粵語,,unknown
era-unverified,POP-131,年代未核實,無奈,sDm-awDiXdw,1424587,80年代流行曲,年代未核實,粵語,,unknown
era-unverified,POP-132,年代未核實,難免有錯,2Lo_YAnGBh4,1403275,80年代流行曲,年代未核實,粵語,,unknown
era-unverified,POP-133,年代未核實,寒傲似冰,0d-2lomH-ps,1388614,80年代流行曲,年代未核實,粵語,,unknown
era-unverified,POP-134,年代未核實,千枝針刺在心,oOHGhiuEfwU,1364119,80年代流行曲,年代未核實,粵語,,unknown
era-unverified,POP-135,年代未核實,沙文,IlZ6mPENFk8,1345081,80年代流行曲,年代未核實,粵語,,unknown
era-unverified,POP-136,年代未核實,夜半歌聲,khCDLCcG7Y4,1298086,80年代流行曲,年代未核實,粵語,,unknown
verified-era,POP-137,90年代流行曲,光輝歲月,9j3swX5tycM,1297641,80年代流行曲,90年代流行曲,粵語,1990,manual-title
era-unverified,POP-138,年代未核實,紙牌屋,1OEygLPPPvs,1246876,80年代流行曲,年代未核實,粵語,,unknown
era-unverified,POP-139,年代未核實,永遠愛著您,3-Z-4nkuaRs,1240614,80年代流行曲,年代未核實,粵語,,unknown
era-unverified,POP-140,年代未核實,人在旅途洒泪时,iyEJt88fbiA,1237664,80年代流行曲,年代未核實,國語,,unknown
era-unverified,POP-141,年代未核實,莫再悲,Dv2uI3QJwqw,1227382,80年代流行曲,年代未核實,粵語,,unknown
era-unverified,POP-142,年代未核實,午夜怨曲,1YLyY2l2ADM,1201271,80年代流行曲,年代未核實,粵語,,unknown
verified-era,POP-143,90年代流行曲,女人心,MrOicMfOMmQ,1188475,80年代流行曲,90年代流行曲,粵語,1994,title-match
era-unverified,POP-144,年代未核實,天蠶變,o3gDS2XysB0,1114335,80年代流行曲,年代未核實,粵語,,unknown
era-unverified,POP-145,年代未核實,遠走高飛,InbFsQwUVS4,1104346,80年代流行曲,年代未核實,粵語,,unknown
era-unverified,POP-146,年代未核實,不可一世,gm6Rd5DcbsE,1091866,80年代流行曲,年代未核實,粵語,,unknown
era-unverified,POP-147,年代未核實,放一顆心,P4hStlvBplQ,1078423,80年代流行曲,年代未核實,國語,,unknown
era-unverified,POP-148,年代未核實,讓愛那麼愉快,sGbsvkKOV3o,1076293,80年代流行曲,年代未核實,國語,,unknown
era-unverified,POP-149,年代未核實,纖維,0FLroClkIIE,1045411,80年代流行曲,年代未核實,粵語,,unknown
era-unverified,POP-150,年代未核實,女人的弱點,KhbZV111-Hs,1042798,80年代流行曲,年代未核實,粵語,,unknown
era-unverified,POP-151,年代未核實,我不在乎,yQf8WiYNrtA,1013928,80年代流行曲,年代未核實,粵語,,unknown
era-unverified,POP-152,年代未核實,萬千星輝賀台慶,6UZbYI3Z4Hk,999240,80年代流行曲,年代未核實,粵語,,unknown
era-unverified,POP-153,年代未核實,誘惑的街,vK4RRnoMAO8,985719,80年代流行曲,年代未核實,粵語,,unknown
era-unverified,POP-154,年代未核實,我曾用心爱着你,aMH84dCa9ik,968055,80年代流行曲,年代未核實,粵語,,unknown
era-unverified,POP-155,年代未核實,老的辣,WKTq07rRZZg,933951,80年代流行曲,年代未核實,粵語,,unknown
era-unverified,POP-156,年代未核實,玻璃窗的愛,yWM-QhcSj0A,932919,80年代流行曲,年代未核實,粵語,,unknown
era-unverified,POP-157,年代未核實,身外情,mPeNbLeTi6c,929558,80年代流行曲,年代未核實,粵語,,unknown
era-unverified,POP-158,年代未核實,癡癡的等,oUFEAyTnOiU,920194,80年代流行曲,年代未核實,國語,,unknown
era-unverified,POP-159,年代未核實,擦身情緣,QoY_HoHJUq4,892404,80年代流行曲,年代未核實,粵語,,unknown
era-unverified,POP-160,年代未核實,傳說,kRu2QZrXICY,881616,80年代流行曲,年代未核實,粵語,,unknown
era-unverified,POP-161,年代未核實,傻女 1989 日本,v43upKPqS94,876426,80年代流行曲,年代未核實,粵語,,unknown
era-unverified,POP-162,年代未核實,深海,q9_2djU8z20,870349,80年代流行曲,年代未核實,粵語,,unknown
era-unverified,POP-163,年代未核實,蓋亞,7E6nFE5BHsg,857696,80年代流行曲,年代未核實,粵語,,unknown
era-unverified,POP-164,年代未核實,珍重,LZe9E8TAT8o,848812,80年代流行曲,年代未核實,粵語,,unknown
era-unverified,POP-165,年代未核實,格林童話,zxq8mp5LcBo,845457,80年代流行曲,年代未核實,粵語,,unknown
era-unverified,POP-166,年代未核實,離開情人的日子,o0EwpqwadoQ,841114,80年代流行曲,年代未核實,粵語,,unknown
era-unverified,POP-167,年代未核實,纏綿,wZJ2muo4IW0,840790,80年代流行曲,年代未核實,粵語,,unknown
era-unverified,POP-168,年代未核實,我愛你,VE7XvNnYQ54,839777,80年代流行曲,年代未核實,粵語,,unknown
era-unverified,POP-169,年代未核實,无悔这一生,Oepmu6wWL5E,828220,80年代流行曲,年代未核實,粵語,,unknown
verified-era,POP-170,80年代流行曲,順流逆流,CrFyxF-eQJQ,825757,80年代流行曲,80年代流行曲,粵語,1985,video-id-match
era-unverified,POP-171,年代未核實,如果你是我的传说,UgsvQw8bFIU,819056,80年代流行曲,年代未核實,國語,,unknown
era-unverified,POP-172,年代未核實,玫瑰香,Zmw82bh5iQU,813215,80年代流行曲,年代未核實,國語,,unknown
era-unverified,POP-173,年代未核實,想你,pBnHNheHIUE,812594,80年代流行曲,年代未核實,國語,,unknown
era-unverified,POP-174,年代未核實,紅唇綠酒,wpsD3MIvd9U,800070,80年代流行曲,年代未核實,粵語,,unknown
era-unverified,POP-175,年代未核實,為我照顧她,NccA14RBJNg,791393,80年代流行曲,年代未核實,國語,,unknown
era-unverified,POP-176,年代未核實,漁舟唱晚,F-2PQxIkJqY,776218,80年代流行曲,年代未核實,粵語,,unknown
era-unverified,POP-177,年代未核實,信自己,z1LxRcx81VQ,762596,80年代流行曲,年代未核實,粵語,,unknown
era-unverified,POP-178,年代未核實,你好毒,YJyGevAUArA,756753,80年代流行曲,年代未核實,粵語,,unknown
era-unverified,POP-179,年代未核實,紅顏白髮,T7mkB81AjJ4,741700,80年代流行曲,年代未核實,粵語,,unknown
era-unverified,POP-180,年代未核實,夢仍是一樣,h_-J8Dg-dGA,740426,80年代流行曲,年代未核實,粵語,,unknown
era-unverified,POP-181,年代未核實,今夜星光燦爛,02vms3Eokz0,737401,80年代流行曲,年代未核實,粵語,,unknown
era-unverified,POP-182,年代未核實,粤语 557630,1meTpVwz_n0,727642,80年代流行曲,年代未核實,粵語,,unknown
era-unverified,POP-183,年代未核實,情凭谁来定错对,Ib53xpwTCLg,725872,80年代流行曲,年代未核實,粵語,,unknown
era-unverified,POP-184,年代未核實,黄昏,DITS_HDrKzM,715109,80年代流行曲,年代未核實,國語,,unknown
era-unverified,POP-185,年代未核實,這些那些,e-LaaRBBzfc,712647,80年代流行曲,年代未核實,國語,,unknown
era-unverified,POP-186,年代未核實,天意人心,3jDRCqyEDEw,712325,80年代流行曲,年代未核實,粵語,,unknown
era-unverified,POP-187,年代未核實,失戀,VFfaVW5Au2I,712013,80年代流行曲,年代未核實,粵語,,unknown
era-unverified,POP-188,年代未核實,愛和承諾,hSCgKsxGUcI,711232,80年代流行曲,年代未核實,粵語,,unknown
era-unverified,POP-189,年代未核實,農民,iaEEwpl9RsU,707951,80年代流行曲,年代未核實,粵語,,unknown
era-unverified,POP-190,年代未核實,月亮代表我的心,t-YCjDfhBmQ,707659,80年代流行曲,年代未核實,粵語,,unknown
era-unverified,POP-191,年代未核實,暴风女神,-WeKvGCyiWI,691093,80年代流行曲,年代未核實,國語,,unknown
era-unverified,POP-192,年代未核實,三分鐘放縱,quYu2vA3rwo,685577,80年代流行曲,年代未核實,粵語,,unknown
era-unverified,POP-193,年代未核實,今天,DuitCiGJvOA,681854,80年代流行曲,年代未核實,粵語,,unknown
era-unverified,POP-194,年代未核實,陪着你走,wnLqhVPOUes,678415,80年代流行曲,年代未核實,粵語,,unknown
era-unverified,POP-195,年代未核實,杜德伟,4OJnlkTTFdg,674458,80年代流行曲,年代未核實,粵語,,unknown
era-unverified,POP-196,年代未核實,幾分鐘的約會,jHTsbFTGK2o,671860,80年代流行曲,年代未核實,粵語,,unknown
era-unverified,POP-197,年代未核實,沒有你之後,CYxkWF-meeg,669971,80年代流行曲,年代未核實,粵語,,unknown
era-unverified,POP-198,年代未核實,戀愛為何物,22DhJf5vAiE,667803,80年代流行曲,年代未核實,粵語,,unknown
era-unverified,POP-199,年代未核實,我曾用心愛著你,K2ec_XXxPDs,664655,80年代流行曲,年代未核實,粵語,,unknown
era-unverified,POP-200,年代未核實,逝去的诺言,dfjdoswqC4s,661852,80年代流行曲,年代未核實,粵語,,unknown
era-unverified,POP-201,年代未核實,失蹤,h-m-in0p_iw,646531,80年代流行曲,年代未核實,粵語,,unknown
era-unverified,POP-202,年代未核實,岁月无声,qaA5u2GQwus,641913,80年代流行曲,年代未核實,粵語,,unknown
era-unverified,POP-203,年代未核實,每段路,wxVTfX3B0NA,636814,80年代流行曲,年代未核實,粵語,,unknown
era-unverified,POP-204,年代未核實,交叉點,M3jBiwgMx9g,626356,80年代流行曲,年代未核實,粵語,,unknown
era-unverified,POP-205,年代未核實,當我想起你,XkW6Kl_ZK2A,598697,80年代流行曲,年代未核實,粵語,,unknown
era-unverified,POP-206,年代未核實,祇有你不知道,oXZOSjubZD0,594825,80年代流行曲,年代未核實,粵語,,unknown
era-unverified,POP-207,年代未核實,卢冠廷,fTz5nODL9e4,594766,80年代流行曲,年代未核實,國語,,unknown
era-unverified,POP-208,年代未核實,黎明不要來,7n0H7HhOCNo,593852,80年代流行曲,年代未核實,粵語,,unknown
era-unverified,POP-209,年代未核實,想和你去吹吹風,sTPnrknKlTs,592911,80年代流行曲,年代未核實,粵語,,unknown
era-unverified,POP-210,年代未核實,傷一回,8vSVtDLLW0g,592391,80年代流行曲,年代未核實,粵語,,unknown
era-unverified,POP-211,年代未核實,弦續,k9ACWOkHb6g,591766,80年代流行曲,年代未核實,粵語,,unknown
era-unverified,POP-212,年代未核實,韋綺姍,q25YWawBKhM,590232,80年代流行曲,年代未核實,粵語,,unknown
era-unverified,POP-213,年代未核實,單身狗,vlw-fJdkusA,585008,80年代流行曲,年代未核實,粵語,,unknown
era-unverified,POP-214,年代未核實,陳苑淇,WdRdYQSi37Y,578640,80年代流行曲,年代未核實,粵語,,unknown
era-unverified,POP-215,年代未核實,留住我吧,nf6e4zSorRc,570252,80年代流行曲,年代未核實,粵語,,unknown
era-unverified,POP-216,年代未核實,陪伴,rua-Zr0FwjU,567686,80年代流行曲,年代未核實,粵語,,unknown
era-unverified,POP-217,年代未核實,急流勇退,Oc9c2E0zYUI,555835,80年代流行曲,年代未核實,粵語,,unknown
era-unverified,POP-218,年代未核實,結束不是我要的結果,n-RORUGp6wE,554425,80年代流行曲,年代未核實,粵語,,unknown
era-unverified,POP-219,年代未核實,再見理想,32aCnqXGdSI,548261,80年代流行曲,年代未核實,粵語,,unknown
era-unverified,POP-220,年代未核實,曾是拥有,eM24viDgDIM,545491,80年代流行曲,年代未核實,粵語,,unknown
era-unverified,POP-221,年代未核實,童年,mRKTOZmX2cE,31379264,80年代流行曲,年代未核實,粵語,,unknown
era-unverified,POP-222,年代未核實,天龍訣,ztS276kBYZk,531566,80年代流行曲,年代未核實,粵語,,unknown
era-unverified,POP-223,年代未核實,在水中央,5dMLwx9EuLc,527236,80年代流行曲,年代未核實,粵語,,unknown
era-unverified,POP-224,年代未核實,吸煙的女人,Cq3g1ffzEO0,522306,80年代流行曲,年代未核實,粵語,,unknown
era-unverified,POP-225,年代未核實,某月某日,dEVhUZ1Wzro,520578,80年代流行曲,年代未核實,粵語,,unknown
era-unverified,POP-226,年代未核實,随缘,d0gb7zFy1hg,509539,80年代流行曲,年代未核實,國語,,unknown
era-unverified,POP-227,年代未核實,隨想曲,OAXfkKx1_VI,504173,80年代流行曲,年代未核實,粵語,,unknown
era-unverified,POP-228,年代未核實,二分之一的幸福,tRtJ33FTbw0,501717,80年代流行曲,年代未核實,粵語,,unknown
era-unverified,POP-229,年代未核實,蚌的啟示,mP_7ID6mWpU,500386,80年代流行曲,年代未核實,粵語,,unknown
verified-era,POP-230,80年代流行曲,夢醒時分,nku5zFMZAdU,50554273,80年代流行曲,80年代流行曲,國語,1989,title-match
era-unverified,POP-231,年代未核實,鬼迷心竅,wF0kCGbuVT4,46526076,80年代流行曲,年代未核實,國語,,unknown
era-unverified,POP-232,年代未核實,山丘,rVEMTxg_LrU,40478668,80年代流行曲,年代未核實,國語,,unknown
era-unverified,POP-233,年代未核實,飄洋過海來看你,hNQohQBFnwI,29666247,80年代流行曲,年代未核實,國語,,unknown
era-unverified,POP-234,年代未核實,橄欖樹,LZb8fJZFhlo,25801248,80年代流行曲,年代未核實,國語,,unknown
era-unverified,POP-235,年代未核實,多年以後,At3SKCsdBFQ,24265040,80年代流行曲,年代未核實,粵語,,unknown
era-unverified,POP-236,年代未核實,滾滾紅塵,qVm3GdOd2P8,21568850,80年代流行曲,年代未核實,粵語,,unknown
era-unverified,POP-237,年代未核實,凡人歌,mfQel3jxK-g,21462145,80年代流行曲,年代未核實,國語,,unknown
era-unverified,POP-238,年代未核實,哭砂,p4YkHQrPt2I,20625490,80年代流行曲,年代未核實,粵語,,unknown
era-unverified,POP-239,年代未核實,我終於失去了妳,67p_MAZUnvE,19139454,80年代流行曲,年代未核實,國語,,unknown
era-unverified,POP-240,年代未核實,戀曲1990,GeNIpOsmEwA,18209490,80年代流行曲,年代未核實,國語,,unknown
era-unverified,POP-241,年代未核實,給自己的歌,WMVtriQkPxg,14826788,80年代流行曲,年代未核實,國語,,unknown
verified-era,POP-242,90年代流行曲,追夢人,dZqUFh96_JQ,14653740,80年代流行曲,90年代流行曲,粵語,1991,title-match
era-unverified,POP-243,年代未核實,明天你是否依然爱我,hLhqIVtoV5c,14446335,80年代流行曲,年代未核實,國語,,unknown
era-unverified,POP-244,年代未核實,無人熟識,ASVTqnN_Nu8,13556962,80年代流行曲,年代未核實,國語,,unknown
era-unverified,POP-245,年代未核實,牽手,wJNHRweW5WE,13426119,80年代流行曲,年代未核實,粵語,,unknown
era-unverified,POP-246,年代未核實,给所有知道我名字的人,RyEuElp6D9M,10487753,80年代流行曲,年代未核實,粵語,,unknown
era-unverified,POP-247,年代未核實,跟往事乾杯,5maUPQEjvCQ,10222258,80年代流行曲,年代未核實,粵語,,unknown
era-unverified,POP-248,年代未核實,最後一夜,YwA0Tsgo_js,9922856,80年代流行曲,年代未核實,粵語,,unknown
era-unverified,POP-249,年代未核實,懸崖,0ZpSE70K1zc,8877778,80年代流行曲,年代未核實,粵語,,unknown
verified-era,POP-250,90年代流行曲,笑紅塵,rx5Yx9OFiHE,8022618,80年代流行曲,90年代流行曲,國語,1993,video-id-match
era-unverified,POP-251,年代未核實,勇敢一點,bfPCrzao5bU,7380483,80年代流行曲,年代未核實,國語,,unknown
era-unverified,POP-252,年代未核實,不让我的眼泪陪我过夜,JZBiMtcxumY,7303416,80年代流行曲,年代未核實,國語,,unknown
era-unverified,POP-253,年代未核實,時間有淚,_7GjLNtbOlk,6950610,80年代流行曲,年代未核實,粵語,,unknown
era-unverified,POP-254,年代未核實,我只在乎你,LE6vRCpcbb8,6386063,80年代流行曲,年代未核實,粵語,,unknown
era-unverified,POP-255,年代未核實,微風細雨,QFqpwOaMKKc,5433658,80年代流行曲,年代未核實,粵語,,unknown
era-unverified,POP-256,年代未核實,花雨夜,yeefEPRKFwA,4726430,80年代流行曲,年代未核實,國語,,unknown
era-unverified,POP-257,年代未核實,大約在冬季,ZYkxIi8H13w,4595351,80年代流行曲,年代未核實,粵語,,unknown
era-unverified,POP-258,年代未核實,流水年華,0B7EH-cYnfo,4577476,80年代流行曲,年代未核實,粵語,,unknown
era-unverified,POP-259,年代未核實,簾後,Yx--odgxwmE,4442509,80年代流行曲,年代未核實,國語,,unknown
era-unverified,POP-260,年代未核實,愛的代價,sre44fHAujc,4226408,80年代流行曲,年代未核實,國語,,unknown
era-unverified,POP-261,年代未核實,最近比較煩,5lectiCCUqc,4004393,80年代流行曲,年代未核實,國語,,unknown
era-unverified,POP-262,年代未核實,心肝寶貝,U_eBzpkZb3E,3708575,80年代流行曲,年代未核實,粵語,,unknown
era-unverified,POP-263,年代未核實,你的樣子,YAZSNlgnm7Y,3613621,80年代流行曲,年代未核實,國語,,unknown
era-unverified,POP-264,年代未核實,大雨,wgNRXndLex8,3502632,80年代流行曲,年代未核實,國語,,unknown
era-unverified,POP-265,年代未核實,鹿港小鎮,Xgjny7YFMD4,3340177,80年代流行曲,年代未核實,國語,,unknown
era-unverified,POP-266,年代未核實,夢不到你,al5SPa-3G0M,3181359,80年代流行曲,年代未核實,粵語,,unknown
era-unverified,POP-267,年代未核實,明明白白我的心,kxu1Oqc3m-8,3037995,80年代流行曲,年代未核實,國語,,unknown
era-unverified,POP-268,年代未核實,英勇勳章,3bNPSnIXBJI,2692765,80年代流行曲,年代未核實,粵語,,unknown
era-unverified,POP-269,年代未核實,愛得太多,mAMCeAR4CYg,2666941,80年代流行曲,年代未核實,粵語,,unknown
era-unverified,POP-270,年代未核實,夢田,ioTWIlehYXc,2523936,80年代流行曲,年代未核實,國語,,unknown
era-unverified,POP-271,年代未核實,爱要怎么说出口,PQhgAhRbekM,2157810,80年代流行曲,年代未核實,國語,,unknown
era-unverified,POP-272,年代未核實,感謝妳,-ckIQsDDRfk,2151023,80年代流行曲,年代未核實,粵語,,unknown
era-unverified,POP-273,年代未核實,小虎队,NbSf07Zr3ow,2137705,80年代流行曲,年代未核實,粵語,,unknown
verified-era,POP-274,80年代流行曲,跟著感覺走,v6mL0au2T1Q,2135537,80年代流行曲,80年代流行曲,粵語,1988,video-id-match
era-unverified,POP-275,年代未核實,我是真的愛你,170-YV4EP6k,2032260,80年代流行曲,年代未核實,國語,,unknown
era-unverified,POP-276,年代未核實,奇異恩典,eIItJrTpYv0,1889734,80年代流行曲,年代未核實,國語,,unknown
era-unverified,POP-277,年代未核實,梅花三弄,E14jcso7u1Y,1825955,80年代流行曲,年代未核實,粵語,,unknown
era-unverified,POP-278,年代未核實,四季謠,dIJ7JmTBl5o,1809043,80年代流行曲,年代未核實,粵語,,unknown
era-unverified,POP-279,年代未核實,浮生千山路,eVNaFoHq95A,1787456,80年代流行曲,年代未核實,國語,,unknown
era-unverified,POP-280,年代未核實,努力活著,gSpaoNrlReA,1759838,80年代流行曲,年代未核實,國語,,unknown
era-unverified,POP-281,年代未核實,出嫁,y2hz93m0xN0,1701937,80年代流行曲,年代未核實,國語,,unknown
era-unverified,POP-282,年代未核實,想要跟你飛,jna53qxXRw4,1678088,80年代流行曲,年代未核實,粵語,,unknown
era-unverified,POP-283,年代未核實,純情青春夢,o_-O_ss6f5o,1673711,80年代流行曲,年代未核實,國語,,unknown
era-unverified,POP-284,年代未核實,戀曲1980,kf1-jV4p9XA,1645370,80年代流行曲,年代未核實,粵語,,unknown
era-unverified,POP-285,年代未核實,大雨的夜裡,CJo4C1tRU80,1577366,80年代流行曲,年代未核實,國語,,unknown
era-unverified,POP-286,年代未核實,秋水長天,rq1MhhLJKAU,1486009,80年代流行曲,年代未核實,粵語,,unknown
era-unverified,POP-287,年代未核實,甜蜜蜜,5eF8oOWtsk4,1115155,80年代流行曲,年代未核實,粵語,,unknown
era-unverified,POP-288,年代未核實,深邃與甜蜜,FQanFJ2ddKc,1100022,80年代流行曲,年代未核實,國語,,unknown
era-unverified,POP-289,年代未核實,相思河畔,cCNvs4PXfWE,1081495,80年代流行曲,年代未核實,粵語,,unknown
era-unverified,POP-290,年代未核實,野百合也有春天,GSoLwHTXRmM,1062156,80年代流行曲,年代未核實,國語,,unknown
era-unverified,POP-291,年代未核實,燃燒一瞬間,uMlj4vA8tOw,1061869,80年代流行曲,年代未核實,國語,,unknown
era-unverified,POP-292,年代未核實,鬼丈夫,tnkVAdM4rRA,1007379,80年代流行曲,年代未核實,粵語,,unknown
era-unverified,POP-293,年代未核實,雪在燒,_yhFEBZgf7U,973722,80年代流行曲,年代未核實,粵語,,unknown
era-unverified,POP-294,年代未核實,留不住的故事,AV-85NTYCuw,971263,80年代流行曲,年代未核實,粵語,,unknown
era-unverified,POP-295,年代未核實,夜夜夜夜,KA6yIAE9No4,906323,80年代流行曲,年代未核實,粵語,,unknown
era-unverified,POP-296,年代未核實,殘酷的溫柔,l1WjLI4eL_U,871164,80年代流行曲,年代未核實,國語,,unknown
era-unverified,POP-297,年代未核實,再見十九歲,QY4-Gfesmsw,859002,80年代流行曲,年代未核實,粵語,,unknown
era-unverified,POP-298,年代未核實,寂寞難耐,M3k9PhyNEto,849418,80年代流行曲,年代未核實,國語,,unknown
era-unverified,POP-299,年代未核實,陪你到天亮,JGwvbGiIl5Y,760481,80年代流行曲,年代未核實,國語,,unknown
era-unverified,POP-300,年代未核實,鑼聲若響,d2sbF5wY9y0,751117,80年代流行曲,年代未核實,粵語,,unknown
era-unverified,POP-301,年代未核實,偶然,Bk9AC1Tvq9s,731947,80年代流行曲,年代未核實,國語,,unknown
era-unverified,POP-302,年代未核實,痴心的我,Q9_g3QBkZg4,721582,80年代流行曲,年代未核實,粵語,,unknown
era-unverified,POP-303,年代未核實,跟我說愛我,saDQSfWh1Xw,720832,80年代流行曲,年代未核實,粵語,,unknown
era-unverified,POP-304,年代未核實,月夜愁,WJ9knixKXU8,712192,80年代流行曲,年代未核實,粵語,,unknown
era-unverified,POP-305,年代未核實,飞车,t6OnA2VSLgg,667893,80年代流行曲,年代未核實,粵語,,unknown
era-unverified,POP-306,年代未核實,阮若打開心內門窗,kDJenh6ulcs,665692,80年代流行曲,年代未核實,粵語,,unknown
era-unverified,POP-307,年代未核實,成全,-H-1qpow-Ec,659130,80年代流行曲,年代未核實,國語,,unknown
era-unverified,POP-308,年代未核實,月滿西樓,pPF6Kl2rCQA,650224,80年代流行曲,年代未核實,粵語,,unknown
era-unverified,POP-309,年代未核實,奉獻,gEm1D0psy20,629389,80年代流行曲,年代未核實,粵語,,unknown
era-unverified,POP-310,年代未核實,守著陽光守著你,6gxiMmgAJMQ,610659,80年代流行曲,年代未核實,國語,,unknown
era-unverified,POP-311,年代未核實,忘不了,NMkR9bt8unk,598841,80年代流行曲,年代未核實,國語,,unknown
era-unverified,POP-312,年代未核實,來自心海的消息,4y1QWOSafD4,597101,80年代流行曲,年代未核實,粵語,,unknown
era-unverified,POP-313,年代未核實,告別的年代,hmnH33QR-hY,585830,80年代流行曲,年代未核實,國語,,unknown
era-unverified,POP-314,年代未核實,放我的真心在你的手心,0rRMKrPZg70,557646,80年代流行曲,年代未核實,粵語,,unknown
era-unverified,POP-315,年代未核實,我家在那裡,f0WsYbRQ5yI,538733,80年代流行曲,年代未核實,粵語,,unknown
era-unverified,POP-316,年代未核實,生生世世,yChhK47MNBs,517700,80年代流行曲,年代未核實,粵語,,unknown
era-unverified,POP-317,年代未核實,河堤上的傻瓜,7icANcCws-A,1065757,80年代流行曲,年代未核實,粵語,,unknown
era-unverified,POP-318,年代未核實,謝謝你曾經愛我,lCRKkVzOHtg,587076,80年代流行曲,年代未核實,國語,,unknown
era-unverified,POP-319,年代未核實,你怎麼說,MOMWwOwjZ2M,6122479,80年代流行曲,年代未核實,粵語,,unknown
era-unverified,POP-320,年代未核實,對不起,l6FcPEjKGEg,5763957,80年代流行曲,年代未核實,粵語,,unknown
era-unverified,POP-321,年代未核實,原來,BKJqniDLTb8,4445640,80年代流行曲,年代未核實,粵語,,unknown
era-unverified,POP-322,年代未核實,思慕的人,PB4jWsd8WsY,3946591,80年代流行曲,年代未核實,粵語,,unknown
era-unverified,POP-323,年代未核實,悲歡歲月,jEjx1yRzg9I,3756611,80年代流行曲,年代未核實,粵語,,unknown
era-unverified,POP-324,年代未核實,只有分離,MpacDmgv1Yo,3630827,80年代流行曲,年代未核實,粵語,,unknown
era-unverified,POP-325,年代未核實,一樣的月光,ufAtOoMazjw,3300069,80年代流行曲,年代未核實,粵語,,unknown
era-unverified,POP-326,年代未核實,送別,76XjSH1KpBM,3026578,80年代流行曲,年代未核實,國語,,unknown
era-unverified,POP-327,年代未核實,不讓我的眼淚陪我過夜,7sgToX7PN10,2930976,80年代流行曲,年代未核實,粵語,,unknown
era-unverified,POP-328,年代未核實,惦記這一些,bvRDWKyaZo0,2670004,80年代流行曲,年代未核實,粵語,,unknown
era-unverified,POP-329,年代未核實,你的眼神,F_ram9i7uxA,2663411,80年代流行曲,年代未核實,粵語,,unknown
era-unverified,POP-330,年代未核實,情關,To2Mcur-WzU,2551113,80年代流行曲,年代未核實,粵語,,unknown
era-unverified,POP-331,年代未核實,夢駝鈴,AjitR7RZEQU,36300735,80年代流行曲,年代未核實,粵語,,unknown
era-unverified,POP-332,年代未核實,驛動的心,t2B_SPk77M0,27714677,80年代流行曲,年代未核實,粵語,,unknown
era-unverified,POP-333,年代未核實,掌聲響起,q29VsOdF-p0,20046409,80年代流行曲,年代未核實,粵語,,unknown
era-unverified,POP-334,年代未核實,一剪梅,VKq2flvS7dw,9828273,80年代流行曲,年代未核實,粵語,,unknown
era-unverified,POP-335,年代未核實,其實你不懂我的心,Wr9SYsEYRao,7925576,80年代流行曲,年代未核實,粵語,,unknown
era-unverified,POP-336,年代未核實,台北的天空,ZAlSw_dVq1Q,7030385,80年代流行曲,年代未核實,國語,,unknown
era-unverified,POP-337,年代未核實,恰似你的溫柔,c3lZJo5gsF8,5679591,80年代流行曲,年代未核實,粵語,,unknown
verified-era,POP-338,80年代流行曲,光陰的故事,kwX-nw1bhcU,5371877,80年代流行曲,80年代流行曲,國語,1982,title-match
era-unverified,POP-339,年代未核實,三百六十五里路,LDgO0TG30lQ,4712647,80年代流行曲,年代未核實,粵語,,unknown
era-unverified,POP-340,年代未核實,冬天里的一把火,RMenNGcc7WY,4549109,80年代流行曲,年代未核實,國語,,unknown
era-unverified,POP-341,年代未核實,外面的世界,l_ARPAl2fwQ,4522499,80年代流行曲,年代未核實,粵語,,unknown
era-unverified,POP-342,年代未核實,晚安曲,vFxjK0WTdTQ,3923500,80年代流行曲,年代未核實,粵語,,unknown
era-unverified,POP-343,年代未核實,阿美阿美,NoY2m1iSTsw,3822111,80年代流行曲,年代未核實,國語,,unknown
era-unverified,POP-344,年代未核實,激情過後,279rEQ5RCqE,3212377,80年代流行曲,年代未核實,粵語,,unknown
verified-era,POP-345,80年代流行曲,酒干倘賣無,jGY0lAWCMCY,3175168,80年代流行曲,80年代流行曲,粵語,1983,title-match
era-unverified,POP-346,年代未核實,龍的傳人,xwhdafQDIOg,3066606,80年代流行曲,年代未核實,粵語,,unknown
era-unverified,POP-347,年代未核實,桂花巷,CDOKJlZ6XUM,3049028,80年代流行曲,年代未核實,粵語,,unknown
era-unverified,POP-348,年代未核實,我很醜可是我很溫柔,EdsWaWQhZ08,2750172,80年代流行曲,年代未核實,國語,,unknown
era-unverified,POP-349,年代未核實,被遺忘的時光,Y0T4QLmZ82A,2720741,80年代流行曲,年代未核實,粵語,,unknown
era-unverified,POP-350,年代未核實,我終於失去了你,VeczygVUHUI,2685605,80年代流行曲,年代未核實,粵語,,unknown
era-unverified,POP-351,年代未核實,聰明糊塗心,2U5XTaNVQ70,1614727,80年代流行曲,年代未核實,國語,,unknown
era-unverified,POP-352,年代未核實,千年等一回,mPNTfZh9Atc,1246759,80年代流行曲,年代未核實,粵語,,unknown
era-unverified,POP-353,年代未核實,走在陽光裡,M9ezi2gHguU,1103076,80年代流行曲,年代未核實,粵語,,unknown
era-unverified,POP-354,年代未核實,天天天藍,j5Dt5MhlPsM,505594,80年代流行曲,年代未核實,國語,,unknown
era-unverified,POP-355,年代未核實,千里之外,ocDo3ySyHSI,46437586,80年代流行曲,年代未核實,國語,,unknown
verified-era,POP-356,90年代流行曲,傷痕,qCXTF6pQQR0,18203505,80年代流行曲,90年代流行曲,國語,1995,video-id-match
era-unverified,POP-357,年代未核實,飘洋过海来看你,cbT84M9GQ8A,13875885,80年代流行曲,年代未核實,國語,,unknown
era-unverified,POP-358,年代未核實,向前走,gD14iiXq7Xw,12269426,80年代流行曲,年代未核實,國語,,unknown
era-unverified,POP-359,年代未核實,北風,CQ5DGI41pIM,11512753,80年代流行曲,年代未核實,粵語,,unknown
era-unverified,POP-360,年代未核實,不浪漫罪名,1WLFhjQ0cDc,11383858,80年代流行曲,年代未核實,粵語,,unknown
era-unverified,POP-361,年代未核實,風雨同路,v8U_OzYGPjc,10065585,80年代流行曲,年代未核實,粵語,,unknown
era-unverified,POP-362,年代未核實,英雄淚,5Ua9sOEH5qs,9823480,80年代流行曲,年代未核實,粵語,,unknown
verified-era,POP-363,90年代流行曲,為你我受冷風吹,ZD57Fv_V74s,8656068,80年代流行曲,90年代流行曲,國語,1995,video-id-match
era-unverified,POP-364,年代未核實,鬼迷心窍,Q8_qzRJji_c,5844074,80年代流行曲,年代未核實,國語,,unknown
era-unverified,POP-365,年代未核實,天下有情人,IKB_fJmW_SE,5834059,80年代流行曲,年代未核實,國語,,unknown
era-unverified,POP-366,年代未核實,春夏秋冬,iU1mnIMlcZk,5306616,80年代流行曲,年代未核實,粵語,,unknown
era-unverified,POP-367,年代未核實,林慧萍,H5rsi-DpnIU,5171335,80年代流行曲,年代未核實,粵語,,unknown
era-unverified,POP-368,年代未核實,詞曲,zafycD5jiN8,5147402,80年代流行曲,年代未核實,國語,,unknown
era-unverified,POP-369,年代未核實,練習,Tad3kweJmC4,4825617,80年代流行曲,年代未核實,粵語,,unknown
verified-era,POP-370,90年代流行曲,每天爱你多一些,sMvRPYOkHZI,4171401,80年代流行曲,90年代流行曲,國語,1991,title-match
era-unverified,POP-371,年代未核實,你說的,mLSU3PvBccc,4050708,80年代流行曲,年代未核實,粵語,,unknown
era-unverified,POP-372,年代未核實,拜訪春天,Onl3wGsYQYE,4044954,80年代流行曲,年代未核實,國語,,unknown
era-unverified,POP-373,年代未核實,夢難留,krChdgGQ3J8,3576262,80年代流行曲,年代未核實,粵語,,unknown
era-unverified,POP-374,年代未核實,酒干淌賣無,z2nf5UpVaj8,3574951,80年代流行曲,年代未核實,粵語,,unknown
era-unverified,POP-375,年代未核實,作品,2of0594t64A,3573288,80年代流行曲,年代未核實,粵語,,unknown
era-unverified,POP-376,年代未核實,你怎麽說,z-_nyBXHfYs,3553407,80年代流行曲,年代未核實,粵語,,unknown
era-unverified,POP-377,年代未核實,笑红尘,BxleQcPFAro,3490761,80年代流行曲,年代未核實,國語,,unknown
era-unverified,POP-378,年代未核實,赵传,fwa8hmvFzM8,3448316,80年代流行曲,年代未核實,粵語,,unknown
era-unverified,POP-379,年代未核實,瀟灑的走,qu0r6JxtBoM,3251128,80年代流行曲,年代未核實,粵語,,unknown
era-unverified,POP-380,年代未核實,遙不可及,d3MfUozeXiI,2861406,80年代流行曲,年代未核實,粵語,,unknown
era-unverified,POP-381,年代未核實,葉倩文,X0YGXcqV_6U,2853351,80年代流行曲,年代未核實,粵語,,unknown
era-unverified,POP-382,年代未核實,緩慢,Oxb40lBURW0,2650737,80年代流行曲,年代未核實,國語,,unknown
era-unverified,POP-383,年代未核實,跟往事干杯,KI-lLH74-K4,2643882,80年代流行曲,年代未核實,粵語,,unknown
era-unverified,POP-384,年代未核實,我真的受傷了,1bDAC3gmO4A,2626358,80年代流行曲,年代未核實,粵語,,unknown
era-unverified,POP-385,年代未核實,因為單身的緣故＿,eRqJRlqXyj4,2586700,80年代流行曲,年代未核實,粵語,,unknown
era-unverified,POP-386,年代未核實,舊歡如夢,wY1twS80d2M,2543387,80年代流行曲,年代未核實,粵語,,unknown
era-unverified,POP-387,年代未核實,讓一切隨風,I761A-jbDHU,2528169,80年代流行曲,年代未核實,粵語,,unknown
era-unverified,POP-388,年代未核實,松林的低語,Qvi844tQH3s,2505000,80年代流行曲,年代未核實,粵語,,unknown
era-unverified,POP-389,年代未核實,如果有一天,WQqXjcd4ajU,2424044,80年代流行曲,年代未核實,粵語,,unknown
verified-era,POP-390,80年代流行曲,搭錯車,XJfFYbZn_P8,2366960,80年代流行曲,80年代流行曲,粵語,1983,video-id-match
era-unverified,POP-391,年代未核實,我是一片雲,k50Mwe_81vM,2366076,80年代流行曲,年代未核實,粵語,,unknown
era-unverified,POP-392,年代未核實,回家,Bw7Fi7KSpBs,2333253,80年代流行曲,年代未核實,粵語,,unknown
era-unverified,POP-393,年代未核實,古月照今塵,UhK5uertut8,2328747,80年代流行曲,年代未核實,粵語,,unknown
era-unverified,POP-394,年代未核實,遙望,PNNoSo3QIV4,2301717,80年代流行曲,年代未核實,粵語,,unknown
era-unverified,POP-395,年代未核實,把悲傷留給自己,a5FCQwLPwlY,2252115,80年代流行曲,年代未核實,粵語,,unknown
era-unverified,POP-396,年代未核實,楓葉情,2K0CSLW0w9s,2250387,80年代流行曲,年代未核實,粵語,,unknown
era-unverified,POP-397,年代未核實,情憑誰來定錯對,nd7StU7kMZc,2237457,80年代流行曲,年代未核實,粵語,,unknown
era-unverified,POP-398,年代未核實,你走你的路,GvacNWcEXBo,2227134,80年代流行曲,年代未核實,國語,,unknown
era-unverified,POP-399,年代未核實,一簾幽夢,Q-xlDjK06Kc,2224398,80年代流行曲,年代未核實,粵語,,unknown
era-unverified,POP-400,年代未核實,刘明湘,Rrkb3XhAsL8,2197089,80年代流行曲,年代未核實,國語,,unknown
era-unverified,POP-401,年代未核實,碧海情天,KDGtsNZ_fWA,2088985,80年代流行曲,年代未核實,國語,,unknown
era-unverified,POP-402,年代未核實,不必勉強,jwnumdJAMck,1976438,80年代流行曲,年代未核實,粵語,,unknown
era-unverified,POP-403,年代未核實,文章,aP0UX-YJzV0,1940989,80年代流行曲,年代未核實,粵語,,unknown
era-unverified,POP-404,年代未核實,談情說愛,zXHpWQUAa1g,1900686,80年代流行曲,年代未核實,粵語,,unknown
era-unverified,POP-405,年代未核實,我明白,_7jlkK6AxSE,1862706,80年代流行曲,年代未核實,國語,,unknown
era-unverified,POP-406,年代未核實,劉明湘,wo-ufsIPZEI,1841304,80年代流行曲,年代未核實,國語,,unknown
era-unverified,POP-407,年代未核實,念舊,V9-Wy1rDUYw,1817278,80年代流行曲,年代未核實,粵語,,unknown
era-unverified,POP-408,年代未核實,船歌,bbKMyxNgijY,1792441,80年代流行曲,年代未核實,粵語,,unknown
era-unverified,POP-409,年代未核實,中华情,GNEVfwPPwa0,1786454,80年代流行曲,年代未核實,國語,,unknown
era-unverified,POP-410,年代未核實,日出時讓街燈安睡,z4f5FBSBybU,1744135,80年代流行曲,年代未核實,粵語,,unknown
era-unverified,POP-411,年代未核實,草原之夜,ALedpV13seE,1655604,80年代流行曲,年代未核實,粵語,,unknown
era-unverified,POP-412,年代未核實,另一種鄉愁,e3CHsXx-dKw,1615711,80年代流行曲,年代未核實,粵語,,unknown
era-unverified,POP-413,年代未核實,幾度夕陽紅,VxgQM7ZXxtc,1568650,80年代流行曲,年代未核實,國語,,unknown
era-unverified,POP-414,年代未核實,刘文正,QdCzgMq7WBA,1564459,80年代流行曲,年代未核實,粵語,,unknown
era-unverified,POP-415,年代未核實,月圓花好,7EIH0TMiAsE,1448634,80年代流行曲,年代未核實,粵語,,unknown
era-unverified,POP-416,年代未核實,昨夜小樓又東風,ryBQjN8wR00,1432845,80年代流行曲,年代未核實,粵語,,unknown
era-unverified,POP-417,年代未核實,是否,Z7GmECol79Q,1412091,80年代流行曲,年代未核實,粵語,,unknown
era-unverified,POP-418,年代未核實,在水中,p7imv0sKCjA,1351861,80年代流行曲,年代未核實,國語,,unknown
era-unverified,POP-419,年代未核實,夢一生,9LB6NoX6vwg,1327938,80年代流行曲,年代未核實,粵語,,unknown
era-unverified,POP-420,年代未核實,漫漫前路,sHw6UUgoxNQ,1313585,80年代流行曲,年代未核實,粵語,,unknown
era-unverified,POP-421,年代未核實,別讓明天的太陽離開我,2vIC5GEmt34,1269323,80年代流行曲,年代未核實,粵語,,unknown
era-unverified,POP-422,年代未核實,再回首,4mtxW6UEVxk,1254166,80年代流行曲,年代未核實,粵語,,unknown
era-unverified,POP-423,年代未核實,愛與奉獻,hfDfx1d3-gc,1242593,80年代流行曲,年代未核實,粵語,,unknown
era-unverified,POP-424,年代未核實,楓葉飄飄,PqjLcDAhNcg,1222736,80年代流行曲,年代未核實,粵語,,unknown
era-unverified,POP-425,年代未核實,哈利路亞,l_RfbHXaOj8,1215294,80年代流行曲,年代未核實,國語,,unknown
era-unverified,POP-426,年代未核實,拥有的回忆,YXa-TX6kQLU,1214821,80年代流行曲,年代未核實,國語,,unknown
era-unverified,POP-427,年代未核實,秋意上心頭,-i-pCQZNBbk,1209435,80年代流行曲,年代未核實,粵語,,unknown
verified-era,POP-428,90年代流行曲,只想一生跟你走,xvHjpfiUP28,1204292,80年代流行曲,90年代流行曲,粵語,1993,manual-title
verified-era,POP-429,90年代流行曲,似是故人來,qagYwsguedg,1193727,80年代流行曲,90年代流行曲,粵語,1991,video-id-match
era-unverified,POP-430,年代未核實,笑擁江山夢,oNlsaX7Kfas,1092687,80年代流行曲,年代未核實,國語,,unknown
era-unverified,POP-431,年代未核實,ni wa wa 泥,hBysFrqqrmI,1081622,80年代流行曲,年代未核實,粵語,,unknown
era-unverified,POP-432,年代未核實,最後的溫柔,LlG_Ol3dWow,1066689,80年代流行曲,年代未核實,國語,,unknown
verified-era,POP-433,90年代流行曲,等你等到我心痛,ObO1sLij8BM,1044715,80年代流行曲,90年代流行曲,粵語,1993,title-match
era-unverified,POP-434,年代未核實,一生守候,pQ-JP3pSOwc,1036914,80年代流行曲,年代未核實,國語,,unknown
era-unverified,POP-435,年代未核實,葬心,9WEVbVtWdvQ,1026690,80年代流行曲,年代未核實,粵語,,unknown
era-unverified,POP-436,年代未核實,我是一隻小小鳥,9eN9I6E-8xI,1026057,80年代流行曲,年代未核實,國語,,unknown
era-unverified,POP-437,年代未核實,火車,P2vtoQ7jPys,1021466,80年代流行曲,年代未核實,國語,,unknown
era-unverified,POP-438,年代未核實,像我這樣的人,r3pjpJxrw0M,1011294,80年代流行曲,年代未核實,粵語,,unknown
era-unverified,POP-439,年代未核實,當真就好,ukWVYdUwygU,1004281,80年代流行曲,年代未核實,粵語,,unknown
era-unverified,POP-440,年代未核實,祈禱,zkLh7Si7vBg,993180,80年代流行曲,年代未核實,粵語,,unknown
era-unverified,POP-441,年代未核實,雪山盟,olJhsJi2NtU,988719,80年代流行曲,年代未核實,粵語,,unknown
era-unverified,POP-442,年代未核實,酒干倘卖无,R2Z0Tg_f8v8,984837,80年代流行曲,年代未核實,國語,,unknown
era-unverified,POP-443,年代未核實,在水一方,3KmBJ_gvtvA,978046,80年代流行曲,年代未核實,粵語,,unknown
era-unverified,POP-444,年代未核實,高胜美,wWCBdJ-JgAU,970133,80年代流行曲,年代未核實,粵語,,unknown
era-unverified,POP-445,年代未核實,喝彩,LzGhq2vRSYs,966066,80年代流行曲,年代未核實,粵語,,unknown
era-unverified,POP-446,年代未核實,无广告,u4cKUnvEPWY,955423,80年代流行曲,年代未核實,國語,,unknown
era-unverified,POP-447,年代未核實,花若離枝,OBR67NyFUBM,952021,80年代流行曲,年代未核實,粵語,,unknown
era-unverified,POP-448,年代未核實,非凡,MIQqlx8wY1g,948771,80年代流行曲,年代未核實,粵語,,unknown
era-unverified,POP-449,年代未核實,忘了我是誰,QKbLZ1Wy6cw,946321,80年代流行曲,年代未核實,粵語,,unknown
era-unverified,POP-450,年代未核實,抉擇,Yg76VjN4xbA,912724,80年代流行曲,年代未核實,粵語,,unknown
era-unverified,POP-451,年代未核實,醉紅塵,2cmstt1wPk4,901972,80年代流行曲,年代未核實,粵語,,unknown
era-unverified,POP-452,年代未核實,美麗的預謀,6i0Uo_LOGWw,894357,80年代流行曲,年代未核實,國語,,unknown
era-unverified,POP-453,年代未核實,酒矸倘賣無,we1Y9VgeAXM,886791,80年代流行曲,年代未核實,國語,,unknown
era-unverified,POP-454,年代未核實,回心轉意,qIzw3HrkSKo,852184,80年代流行曲,年代未核實,粵語,,unknown
era-unverified,POP-455,年代未核實,何必旁人來說媒,vGl9akqCGso,844371,80年代流行曲,年代未核實,粵語,,unknown
era-unverified,POP-456,年代未核實,尖沙咀,u_do5tNUF5w,843662,80年代流行曲,年代未核實,粵語,,unknown
era-unverified,POP-457,年代未核實,答案,OUnh7ZxcLHc,809907,80年代流行曲,年代未核實,國語,,unknown
era-unverified,POP-458,年代未核實,情意結,75maXf7tWxo,807459,80年代流行曲,年代未核實,粵語,,unknown
era-unverified,POP-459,年代未核實,晴天,42MrygWRkQM,806260,80年代流行曲,年代未核實,粵語,,unknown
era-unverified,POP-460,年代未核實,你如何還能這樣溫柔,G2CfYCMIOyc,799282,80年代流行曲,年代未核實,國語,,unknown
era-unverified,POP-461,年代未核實,萬年孤寂,aWaswRN9h6c,776736,80年代流行曲,年代未核實,粵語,,unknown
era-unverified,POP-462,年代未核實,名不虛傳,O8Cjha00pbE,769192,80年代流行曲,年代未核實,粵語,,unknown
era-unverified,POP-463,年代未核實,祝你幸福,AIcWy2GMhtA,753870,80年代流行曲,年代未核實,粵語,,unknown
era-unverified,POP-464,年代未核實,鞠婧祎,ysGCZHrMYOU,749172,80年代流行曲,年代未核實,國語,,unknown
era-unverified,POP-465,年代未核實,心碎了無痕,VGZ-dzy96K0,748287,80年代流行曲,年代未核實,粵語,,unknown
era-unverified,POP-466,年代未核實,無朋友,qnWkiJjMmg4,744595,80年代流行曲,年代未核實,粵語,,unknown
era-unverified,POP-467,年代未核實,天上人間,W-yJp9oKx2Y,732506,80年代流行曲,年代未核實,粵語,,unknown
era-unverified,POP-468,年代未核實,親愛的小孩,Jq5MzlkXXfE,731438,80年代流行曲,年代未核實,粵語,,unknown
era-unverified,POP-469,年代未核實,可否衝破,gxAtr7HqGIE,712448,80年代流行曲,年代未核實,粵語,,unknown
era-unverified,POP-470,年代未核實,我是不是你最疼愛的人,JXJjLDm-iVY,703118,80年代流行曲,年代未核實,國語,,unknown
era-unverified,POP-471,年代未核實,何日君再来,7guSDkKIpX0,700906,80年代流行曲,年代未核實,粵語,,unknown
era-unverified,POP-472,年代未核實,冬恋,5e-jtBXlhsU,695661,80年代流行曲,年代未核實,國語,,unknown
era-unverified,POP-473,年代未核實,舉棋不定,uzChsrNhoAA,680127,80年代流行曲,年代未核實,國語,,unknown
era-unverified,POP-474,年代未核實,感情到老,O_GIXQKwFmc,670499,80年代流行曲,年代未核實,粵語,,unknown
era-unverified,POP-475,年代未核實,鳳凰于飛,3CRTlOfzg3s,656241,80年代流行曲,年代未核實,粵語,,unknown
era-unverified,POP-476,年代未核實,在空中,jeLFwDD6WV8,654457,80年代流行曲,年代未核實,國語,,unknown
era-unverified,POP-477,年代未核實,無情的雨無情的你,Cw6ttb6edm0,651953,80年代流行曲,年代未核實,粵語,,unknown
era-unverified,POP-478,年代未核實,新少林寺,b0kfoyt8XPg,651179,80年代流行曲,年代未核實,粵語,,unknown
era-unverified,POP-479,年代未核實,梦驼铃,mjmiuGEqf0c,643416,80年代流行曲,年代未核實,國語,,unknown
era-unverified,POP-480,年代未核實,忘了你忘了我,qMC4NAbFpyw,642332,80年代流行曲,年代未核實,粵語,,unknown
era-unverified,POP-481,年代未核實,忘夫崖,oTp0na_pb7Y,640488,80年代流行曲,年代未核實,粵語,,unknown
era-unverified,POP-482,年代未核實,情字這條路,f10_2zSpaYY,637005,80年代流行曲,年代未核實,國語,,unknown
era-unverified,POP-483,年代未核實,愛情宣言,6a1WFYbiZ6U,627751,80年代流行曲,年代未核實,國語,,unknown
era-unverified,POP-484,年代未核實,哪個不多情,Szddn_1cWGo,624221,80年代流行曲,年代未核實,粵語,,unknown
era-unverified,POP-485,年代未核實,那個傻瓜愛過你,41QgAZr2dZY,618104,80年代流行曲,年代未核實,國語,,unknown
era-unverified,POP-486,年代未核實,巧合,faYb7l9HxR8,614821,80年代流行曲,年代未核實,粵語,,unknown
era-unverified,POP-487,年代未核實,讓愛自由,pEAbNRDjtdE,612208,80年代流行曲,年代未核實,粵語,,unknown
era-unverified,POP-488,年代未核實,夜空,qFhITKcIgy8,596109,80年代流行曲,年代未核實,粵語,,unknown
era-unverified,POP-489,年代未核實,你的淺笑,xPCLjJyQ0y8,593964,80年代流行曲,年代未核實,粵語,,unknown
era-unverified,POP-490,年代未核實,追風的女兒,9kywtGhKy7M,590768,80年代流行曲,年代未核實,粵語,,unknown
era-unverified,POP-491,年代未核實,其實我真的很在乎,KZA788TScsg,585459,80年代流行曲,年代未核實,粵語,,unknown
era-unverified,POP-492,年代未核實,為何他會離開你,zqc7LBFNr-k,580310,80年代流行曲,年代未核實,粵語,,unknown
era-unverified,POP-493,年代未核實,午夜的街頭,eT6TUAlDt4o,578803,80年代流行曲,年代未核實,粵語,,unknown
era-unverified,POP-494,年代未核實,好好愛我,VHIuFo9_uBk,575429,80年代流行曲,年代未核實,粵語,,unknown
era-unverified,POP-495,年代未核實,秋去秋來,qkvUHxogwk4,570974,80年代流行曲,年代未核實,粵語,,unknown
era-unverified,POP-496,年代未核實,心痛的感覺,IMHz79pVL5I,570124,80年代流行曲,年代未核實,粵語,,unknown
era-unverified,POP-497,年代未核實,懷念經典歌曲,5kz-aSBlDHQ,558389,80年代流行曲,年代未核實,粵語,,unknown
era-unverified,POP-498,年代未核實,多少次,qPfFEzFIe2s,550423,80年代流行曲,年代未核實,粵語,,unknown
era-unverified,POP-499,年代未核實,給親愛的親愛,xc_R85Rkyxw,550118,80年代流行曲,年代未核實,粵語,,unknown
era-unverified,POP-500,年代未核實,殷正洋,3b2dadcuNgM,523451,80年代流行曲,年代未核實,粵語,,unknown
era-unverified,POP-501,年代未核實,想不盡的你,ynhSwg0dXMg,521571,80年代流行曲,年代未核實,國語,,unknown
era-unverified,POP-502,年代未核實,心內事無人知,pwBBExZlbNc,507904,80年代流行曲,年代未核實,粵語,,unknown
era-unverified,POP-503,年代未核實,油麻菜籽,7GCzSHc43nE,507275,80年代流行曲,年代未核實,國語,,unknown
era-unverified,POP-504,年代未核實,有多少爱可以重来,pnkTTppcnQs,506774,80年代流行曲,年代未核實,國語,,unknown
era-unverified,POP-505,年代未核實,加州陽光,fbRd8bczEq0,504627,80年代流行曲,年代未核實,國語,,unknown
era-unverified,POP-506,年代未核實,我是一只小小鸟,aPSzUdRRDjg,4382882,80年代流行曲,年代未核實,粵語,,unknown
verified-era,POP-507,80年代流行曲,明天會更好,s6T4DXRKYHM,32699123,80年代流行曲,80年代流行曲,國語,1985,title-match
era-unverified,POP-508,年代未核實,城里的月光,88GAq2AWBdg,14068598,80年代流行曲,年代未核實,粵語,,unknown
era-unverified,POP-509,年代未核實,紫釵記,tTnGkJEl0_Y,3683179,80年代流行曲,年代未核實,粵語,,unknown
era-unverified,POP-510,年代未核實,就在今夜,NUPOUgQxHHU,3369051,80年代流行曲,年代未核實,粵語,,unknown
era-unverified,POP-511,年代未核實,飄浪之女,YgJ8ZKdQg4o,2736486,80年代流行曲,年代未核實,粵語,,unknown
era-unverified,POP-512,年代未核實,再見亦是淚,Z-QeY1gCb3Q,2719827,80年代流行曲,年代未核實,粵語,,unknown
verified-era,POP-513,80年代流行曲,我的未來不是夢,lTxZmhAoSGU,2440419,80年代流行曲,80年代流行曲,國語,1988,title-match
era-unverified,POP-514,年代未核實,绿岛小夜曲,bQnQ27GfZ1w,2373472,80年代流行曲,年代未核實,國語,,unknown
era-unverified,POP-515,年代未核實,故事的角色,wARk0o2zIyI,2345968,80年代流行曲,年代未核實,粵語,,unknown
era-unverified,POP-516,年代未核實,心仍是冷,wGpMs2jvRn0,891830,80年代流行曲,年代未核實,粵語,,unknown
era-unverified,POP-517,年代未核實,男人哭吧不是罪,oHq6kKbtHeY,882599,80年代流行曲,年代未核實,粵語,,unknown
era-unverified,POP-518,年代未核實,我還是永遠的愛著你,IFfcjRHVl1g,753949,80年代流行曲,年代未核實,粵語,,unknown
era-unverified,POP-519,年代未核實,月琴,eOT5Y72U1pM,681544,80年代流行曲,年代未核實,國語,,unknown
era-unverified,POP-520,年代未核實,真的好想你,bnjF7kIIoE4,648825,80年代流行曲,年代未核實,粵語,,unknown
era-unverified,POP-521,年代未核實,冰雨,13D42JBLWEI,596168,80年代流行曲,年代未核實,粵語,,unknown
era-unverified,POP-522,年代未核實,恨不鍾情在當年,6oxsusT9-aA,595374,80年代流行曲,年代未核實,粵語,,unknown
era-unverified,POP-523,年代未核實,無情弦,Jvmx88jKqXo,580196,80年代流行曲,年代未核實,粵語,,unknown
era-unverified,POP-524,年代未核實,情深往事,zEqYUYQUghc,542013,80年代流行曲,年代未核實,粵語,,unknown
verified-era,POP-525,80年代流行曲,零時十分,2oH-nfOrPu8,503235,80年代流行曲,80年代流行曲,粵語,1984,title-match
era-unverified,POP-526,年代未核實,亞細亞的孤兒,2fqhfVBjeso,500844,80年代流行曲,年代未核實,粵語,,unknown
verified-era,POP-527,80年代流行曲,真的愛妳,66USpPn59G0,8528711,80年代流行曲,80年代流行曲,粵語,1989,title-match
verified-era,POP-528,80年代流行曲,當年情,cYo047rraQw,5030247,80年代流行曲,80年代流行曲,粵語,1986,title-match
era-unverified,POP-529,年代未核實,夜太黑,WnyPg2fQqpE,4793601,80年代流行曲,年代未核實,國語,,unknown
era-unverified,POP-530,年代未核實,梁祝 • 恨綿綿,6eUs3zwF5Q4,2850708,80年代流行曲,年代未核實,粵語,,unknown
era-unverified,POP-531,年代未核實,明天仍要繼續,XHht-tlUD7k,2790805,80年代流行曲,年代未核實,粵語,,unknown
era-unverified,POP-532,年代未核實,榕樹下,S_cqRr4H1Mw,2599810,80年代流行曲,年代未核實,粵語,,unknown
era-unverified,POP-533,年代未核實,漫步人生路,Qhy8SCHl6gU,2593230,80年代流行曲,年代未核實,粵語,,unknown
era-unverified,POP-534,年代未核實,春雨彎刀,ZMUs0vu4tnE,1919781,80年代流行曲,年代未核實,粵語,,unknown
verified-era,POP-535,90年代流行曲,漂洋过海来看你,SIzosK9Esm4,1844763,80年代流行曲,90年代流行曲,國語,1991,title-match
era-unverified,POP-536,年代未核實,光阴的故事,hrtZUUPiEMM,1786679,80年代流行曲,年代未核實,粵語,,unknown
era-unverified,POP-537,年代未核實,殘缺的溫柔,qDR9Q5ffRrU,1724807,80年代流行曲,年代未核實,粵語,,unknown
era-unverified,POP-538,年代未核實,逆風飛行,GcNN0O29Pks,1614626,80年代流行曲,年代未核實,粵語,,unknown
era-unverified,POP-539,年代未核實,飛機師的風衣,nW8HC4LwPh4,1420614,80年代流行曲,年代未核實,粵語,,unknown
era-unverified,POP-540,年代未核實,東方之珠,6puIEIT93zI,1395449,80年代流行曲,年代未核實,粵語,,unknown
verified-era,POP-541,80年代流行曲,將冰山劈開,CIkFISPTOEE,1282321,80年代流行曲,80年代流行曲,粵語,1986,title-match
era-unverified,POP-542,年代未核實,唱一遍一遍,XJRugZnGHDQ,1151723,80年代流行曲,年代未核實,粵語,,unknown
era-unverified,POP-543,年代未核實,掌声响起,BfuCNpLf0Cs,1026198,80年代流行曲,年代未核實,國語,,unknown
era-unverified,POP-544,年代未核實,星星的約會,A_34o46B4RI,954013,80年代流行曲,年代未核實,粵語,,unknown
era-unverified,POP-545,年代未核實,月下待杜鵑不來,JmcAQ83JbUQ,823404,80年代流行曲,年代未核實,粵語,,unknown
era-unverified,POP-546,年代未核實,台北孤兒,Ik4ixPWCrrA,806029,80年代流行曲,年代未核實,國語,,unknown
era-unverified,POP-547,年代未核實,鄉愁四韻,4zBon_tBuOg,715536,80年代流行曲,年代未核實,粵語,,unknown
verified-era,POP-548,80年代流行曲,甜言蜜語,WjfFgfayyq8,546867,80年代流行曲,80年代流行曲,粵語,1987,title-match
era-unverified,POP-549,年代未核實,愛我你怕了嗎,NVzriyjizok,546856,80年代流行曲,年代未核實,粵語,,unknown
era-unverified,POP-550,年代未核實,緣盡,sHv4pw2RPEk,540977,80年代流行曲,年代未核實,粵語,,unknown
era-unverified,POP-551,年代未核實,我怎能離開你,-aDGVYX7KRw,509598,80年代流行曲,年代未核實,粵語,,unknown
era-unverified,POP-552,年代未核實,生命过客,enKyDKL1iiA,500876,80年代流行曲,年代未核實,國語,,unknown
verified-era,POP-553,90年代流行曲,光輝歲月,PrGsAMbgUh4,7409731,90年代流行曲,90年代流行曲,粵語,1990,hint-year
verified-era,POP-554,90年代流行曲,海闊天空,V4GUy2EHMMs,981950,90年代流行曲,90年代流行曲,粵語,1993,hint-year
verified-era,POP-555,90年代流行曲,Amani,JhgRVEzNJ1s,1339997,90年代流行曲,90年代流行曲,粵語,1991,hint-year
verified-era,POP-556,90年代流行曲,情人,mgJNiPRsXNo,3451789,90年代流行曲,90年代流行曲,粵語,1993,hint-year
verified-era,POP-557,90年代流行曲,長城,IOXoAvF6r_A,7721909,90年代流行曲,90年代流行曲,粵語,1992,hint-year
verified-era,POP-558,90年代流行曲,灰色軌跡,-PkuSuJOlfE,3631798,90年代流行曲,90年代流行曲,粵語,1990,hint-year
verified-era,POP-559,90年代流行曲,誰伴我闖蕩,piAdQLO_9nU,1583516,90年代流行曲,90年代流行曲,粵語,1991,hint-year
verified-era,POP-560,90年代流行曲,早班火車,PE9IUuRrTFU,3246776,90年代流行曲,90年代流行曲,粵語,1992,hint-year
verified-era,POP-561,90年代流行曲,李香蘭,N_cwacSuSao,9522988,90年代流行曲,90年代流行曲,粵語,1990,hint-year
verified-era,POP-562,90年代流行曲,吻別,mIF-nn_y2_8,1903296,90年代流行曲,90年代流行曲,粵語,1993,hint-year
verified-era,POP-563,90年代流行曲,只想一生跟你走,LpxHlo_Oe0o,22497391,90年代流行曲,90年代流行曲,粵語,1993,hint-year
verified-era,POP-564,90年代流行曲,等你等到我心痛,LYvKEp8sv6Y,2202961,90年代流行曲,90年代流行曲,粵語,1993,hint-year
verified-era,POP-565,90年代流行曲,一千個傷心的理由,Yl9sIjmaZP8,5152493,90年代流行曲,90年代流行曲,粵語,1995,hint-year
verified-era,POP-566,90年代流行曲,祝福,R4qQpZ2PQ1c,1386920,90年代流行曲,90年代流行曲,粵語,1993,hint-year
verified-era,POP-567,90年代流行曲,還是覺得你最好,nKZZoZ1Ln58,566608,90年代流行曲,90年代流行曲,粵語,1991,hint-year
verified-era,POP-568,90年代流行曲,一起走過的日子,SJyYH8AeAhE,768986,90年代流行曲,90年代流行曲,粵語,1991,hint-year
verified-era,POP-569,90年代流行曲,暗裡著迷,UxoGJ5urVdI,566384,90年代流行曲,90年代流行曲,粵語,1993,hint-year
verified-era,POP-570,90年代流行曲,忘情水,pKoeIPTlTDI,716785,90年代流行曲,90年代流行曲,粵語,1994,hint-year
verified-era,POP-571,90年代流行曲,冰雨,90zAJ4tFSy8,4980174,90年代流行曲,90年代流行曲,粵語,1997,hint-year
verified-era,POP-572,90年代流行曲,夏日傾情,5mRCIb5Oq3Q,1862426,90年代流行曲,90年代流行曲,粵語,1993,hint-year
verified-era,POP-573,90年代流行曲,情深說話未曾講,rdLUjXHRbdQ,1257272,90年代流行曲,90年代流行曲,粵語,1996,hint-year
verified-era,POP-574,90年代流行曲,我的親愛,WEfh8dns2A0,1349933,90年代流行曲,90年代流行曲,粵語,1992,hint-year
era-unverified,POP-575,年代未核實,对你爱不完,gcvWz1VLScE,1001440,90年代流行曲,年代未核實,國語,,unknown
verified-era,POP-576,90年代流行曲,狂野之城,hcq-EqL4gWM,1783636,90年代流行曲,90年代流行曲,粵語,1994,hint-year
verified-era,POP-577,90年代流行曲,鐵幕誘惑,SddT2SfKYzk,620066,90年代流行曲,90年代流行曲,粵語,1994,hint-year
verified-era,POP-578,90年代流行曲,唱這歌,pTj52-2AtnE,2136458,90年代流行曲,90年代流行曲,粵語,1997,hint-year
verified-era,POP-579,90年代流行曲,我願意,4Ah5gsjXVgo,1841686,90年代流行曲,90年代流行曲,粵語,1994,hint-year
verified-era,POP-580,90年代流行曲,棋子,aMVnE0WAcuQ,3455932,90年代流行曲,90年代流行曲,粵語,1994,hint-year
verified-era,POP-581,90年代流行曲,約定,ygf2uiEUg64,5730432,90年代流行曲,90年代流行曲,粵語,1997,hint-year
verified-era,POP-582,90年代流行曲,紅豆,5wmfXve11rM,50057450,90年代流行曲,90年代流行曲,粵語,1998,hint-year
verified-era,POP-583,90年代流行曲,最愛,gSapYefBgbM,3190914,90年代流行曲,90年代流行曲,粵語,1993,hint-year
verified-era,POP-584,90年代流行曲,自作多情,MmNzHUfB5MY,1986357,90年代流行曲,90年代流行曲,粵語,1993,hint-year
verified-era,POP-585,90年代流行曲,痴心換情深,vj3GObiEsvw,1744512,90年代流行曲,90年代流行曲,粵語,1993,hint-year
verified-era,POP-586,90年代流行曲,流言,7nuiNcs840Q,2022097,90年代流行曲,90年代流行曲,國語,1992,hint-year
verified-era,POP-587,90年代流行曲,歸來吧,LcZZ4zlC6Pc,2020655,90年代流行曲,90年代流行曲,粵語,1992,hint-year
era-unverified,POP-588,年代未核實,挪威的森林,gPpZJlE0Ca8,99711997,90年代流行曲,年代未核實,國語,,unknown
verified-era,POP-589,90年代流行曲,心太軟,ZSWeurc1yMw,77485189,90年代流行曲,90年代流行曲,國語,1996,video-id-match
verified-era,POP-590,90年代流行曲,傷心太平洋,b1SRjGmgA54,53724856,90年代流行曲,90年代流行曲,國語,1998,title-match
verified-era,POP-591,90年代流行曲,花心,IZ8-K3YPVN0,52155600,90年代流行曲,90年代流行曲,國語,1993,video-id-match
era-unverified,POP-592,年代未核實,朋友,6lbPgfKK7m4,48556768,90年代流行曲,年代未核實,國語,,ambiguous-title
verified-era,POP-593,最近15年流行曲,我們,dhjomo8W6Lc,38071710,90年代流行曲,最近15年流行曲,粵語,2018,manual-title
era-unverified,POP-594,年代未核實,忘了你忘了我,y5bUCGzw6tY,34912382,90年代流行曲,年代未核實,粵語,,unknown
verified-era,POP-595,90年代流行曲,讓我歡喜讓我憂,vqTXMw9zdto,34221017,90年代流行曲,90年代流行曲,國語,1991,title-match
era-unverified,POP-596,年代未核實,天涯,FDeRzYjRGvY,33633754,90年代流行曲,年代未核實,國語,,unknown
era-unverified,POP-597,年代未核實,匆匆那年,04cHqPMD4So,32337823,90年代流行曲,年代未核實,粵語,,unknown
era-unverified,POP-598,年代未核實,這世界那麼多人,xLscpRjb8DI,27567002,90年代流行曲,年代未核實,粵語,,unknown
era-unverified,POP-599,年代未核實,記事本,aAgywnuL7UQ,27013493,90年代流行曲,年代未核實,粵語,,unknown
era-unverified,POP-600,年代未核實,她的背影,wcb21ldLdNg,26738279,90年代流行曲,年代未核實,粵語,,unknown
era-unverified,POP-601,年代未核實,愛你一萬年,CgAJAmP14kQ,25942602,90年代流行曲,年代未核實,國語,,unknown
era-unverified,POP-602,年代未核實,廣島之戀,iuz6QvKxGPw,25928030,90年代流行曲,年代未核實,國語,,unknown
era-unverified,POP-603,年代未核實,心愛的再會啦,kEXCoQNY6Mc,24346693,90年代流行曲,年代未核實,國語,,unknown
verified-era,POP-604,80年代流行曲,一場遊戲一場夢,B2S1EngkjQk,23740077,90年代流行曲,80年代流行曲,粵語,1987,title-match
era-unverified,POP-605,年代未核實,如愿,6fV2dRqJHvw,23707412,90年代流行曲,年代未核實,粵語,,unknown
era-unverified,POP-606,年代未核實,愛情限時批,JJhlRIN90YY,23603869,90年代流行曲,年代未核實,國語,,unknown
era-unverified,POP-607,年代未核實,風雨無阻,HUvDaKBcA44,22870255,90年代流行曲,年代未核實,國語,,unknown
era-unverified,POP-608,年代未核實,再出發,iRuWMQZB7wA,21934036,90年代流行曲,年代未核實,國語,,unknown
era-unverified,POP-609,年代未核實,你給我聽好,T9V45IhnMRU,21837022,90年代流行曲,年代未核實,粵語,,unknown
era-unverified,POP-610,年代未核實,囚鳥,pSqIJFr11xk,20821437,90年代流行曲,年代未核實,粵語,,unknown
verified-era,POP-611,90年代流行曲,愛相隨,ymDTR22Zerw,20809333,90年代流行曲,90年代流行曲,國語,1995,title-match
era-unverified,POP-612,年代未核實,與妳到永久,ZjCPy66w0Ng,20124828,90年代流行曲,年代未核實,國語,,unknown
era-unverified,POP-613,年代未核實,對摺,VZik4B5LhrM,19907949,90年代流行曲,年代未核實,國語,,unknown
era-unverified,POP-614,年代未核實,難得有情人,lhB9uMNveXI,19669157,90年代流行曲,年代未核實,粵語,,unknown
era-unverified,POP-615,年代未核實,好久不見,UsFQ9kbpQhw,18594038,90年代流行曲,年代未核實,粵語,,unknown
era-unverified,POP-616,年代未核實,他不愛我,nuWIJIn7wkw,18249231,90年代流行曲,年代未核實,國語,,unknown
era-unverified,POP-617,年代未核實,我是真的愛上你,gGLp7ht_2bk,18176686,90年代流行曲,年代未核實,粵語,,unknown
verified-era,POP-618,90年代流行曲,對面的女孩看過來,6aosRlnxg9I,18040011,90年代流行曲,90年代流行曲,國語,1998,title-match
era-unverified,POP-619,年代未核實,苦瓜,UdWlBBqiC7I,17795473,90年代流行曲,年代未核實,粵語,,unknown
era-unverified,POP-620,年代未核實,刀劍如夢,Ij0-jMzeZ2U,17312815,90年代流行曲,年代未核實,國語,,unknown
era-unverified,POP-621,年代未核實,牽掛,WsAwDBG6Kk8,16196460,90年代流行曲,年代未核實,國語,,unknown
era-unverified,POP-622,年代未核實,陰天,tYWufUugeUc,16155245,90年代流行曲,年代未核實,國語,,unknown
era-unverified,POP-623,年代未核實,眉飛色舞,bG46ysbbVTs,15562360,90年代流行曲,年代未核實,國語,,unknown
era-unverified,POP-624,年代未核實,飄流教室,B1dDPfs6cXo,14895146,90年代流行曲,年代未核實,粵語,,unknown
era-unverified,POP-625,年代未核實,如願,MgAGV6sITnU,14376261,90年代流行曲,年代未核實,粵語,,unknown
era-unverified,POP-626,年代未核實,痛哭的人,P8fqHvr82-o,13415706,90年代流行曲,年代未核實,國語,,unknown
era-unverified,POP-627,年代未核實,心的距離,g-E0ojfjYu0,13205012,90年代流行曲,年代未核實,粵語,,unknown
era-unverified,POP-628,年代未核實,被動,yGoHsTV6QrE,13135059,90年代流行曲,年代未核實,國語,,unknown
era-unverified,POP-629,年代未核實,味道,9BByAxgUCJw,12735809,90年代流行曲,年代未核實,國語,,unknown
era-unverified,POP-630,年代未核實,是否我真的一無所有,bDgWkgQ1oXA,11910650,90年代流行曲,年代未核實,粵語,,unknown
era-unverified,POP-631,年代未核實,白鴿,lNuXbIfwXP4,11837845,90年代流行曲,年代未核實,國語,,unknown
era-unverified,POP-632,年代未核實,一絲不掛,t0EG6pSwcBk,11593860,90年代流行曲,年代未核實,粵語,,unknown
era-unverified,POP-633,年代未核實,四季,GSG7ziTzqOU,10723953,90年代流行曲,年代未核實,粵語,,unknown
era-unverified,POP-634,年代未核實,極速,YpY9WUQyMuM,9733872,90年代流行曲,年代未核實,粵語,,unknown
verified-era,POP-635,00後流行曲,明年今日,YX64gETkKrU,9398912,90年代流行曲,00後流行曲,粵語,2002,title-match
era-unverified,POP-636,年代未核實,飛在風中的小雨,YRMg3smsZTo,8806594,90年代流行曲,年代未核實,國語,,unknown
era-unverified,POP-637,年代未核實,謝謝你的愛1999,Wmb8twEjlgg,8594993,90年代流行曲,年代未核實,粵語,,unknown
era-unverified,POP-638,年代未核實,不要驚動愛情,-3ovjhj8ZOE,8425589,90年代流行曲,年代未核實,粵語,,unknown
era-unverified,POP-639,年代未核實,至少還有你,kXLN0bPfq6o,8349036,90年代流行曲,年代未核實,粵語,,unknown
era-unverified,POP-640,年代未核實,人來人往,gAotCGoKhD0,8288592,90年代流行曲,年代未核實,粵語,,unknown
era-unverified,POP-641,年代未核實,死不了,wAbiWdBs8LM,8274614,90年代流行曲,年代未核實,國語,,unknown
era-unverified,POP-642,年代未核實,我是一隻魚,hQMRGsteyRc,8263465,90年代流行曲,年代未核實,國語,,unknown
era-unverified,POP-643,年代未核實,但願人長久,wCREDfUEd3Y,7914889,90年代流行曲,年代未核實,國語,,unknown
era-unverified,POP-644,年代未核實,心痛,7tYy2NE_c3s,7613775,90年代流行曲,年代未核實,粵語,,unknown
era-unverified,POP-645,年代未核實,浪花一朵朵,beWjTKhY_l8,7537366,90年代流行曲,年代未核實,國語,,unknown
era-unverified,POP-646,年代未核實,愛情的盡頭,zzlC6ma-SYQ,7517820,90年代流行曲,年代未核實,國語,,unknown
verified-era,POP-647,最近15年流行曲,慢慢喜歡你,kqqraGvoqVs,7201382,90年代流行曲,最近15年流行曲,粵語,2018,manual-title
era-unverified,POP-648,年代未核實,樹枝孤鳥,ObSPLQ-1fJI,7156895,90年代流行曲,年代未核實,國語,,unknown
era-unverified,POP-649,年代未核實,是但求其愛,bJHCgo85irM,6924388,90年代流行曲,年代未核實,粵語,,unknown
era-unverified,POP-650,年代未核實,超平凡人的,5WXWMdVVTT8,6704588,90年代流行曲,年代未核實,粵語,,unknown
era-unverified,POP-651,年代未核實,素蘭小姐要出嫁,FAI7PgIQMo8,6272277,90年代流行曲,年代未核實,國語,,unknown
era-unverified,POP-652,年代未核實,愛最大,Cx2S3MsdQ-o,6116173,90年代流行曲,年代未核實,粵語,,unknown
era-unverified,POP-653,年代未核實,自我安慰,wHIgVyfzAt0,5895819,90年代流行曲,年代未核實,粵語,,unknown
era-unverified,POP-654,年代未核實,愛的輓歌,V_QR3a5MOuU,5783144,90年代流行曲,年代未核實,粵語,,unknown
era-unverified,POP-655,年代未核實,從不喜歡孤單一個,qBRgVJq39ig,5750300,90年代流行曲,年代未核實,粵語,,unknown
era-unverified,POP-656,年代未核實,寂寞的戀人啊,Z_AKZR9hWeo,5731007,90年代流行曲,年代未核實,國語,,unknown
era-unverified,POP-657,年代未核實,K歌之王 AIR,9elvYViwP4g,5708192,90年代流行曲,年代未核實,粵語,,unknown
era-unverified,POP-658,年代未核實,可以了,UbUsGd5h16E,5583310,90年代流行曲,年代未核實,粵語,,unknown
era-unverified,POP-659,年代未核實,愛後餘生,F-_VUyi8T50,5287659,90年代流行曲,年代未核實,粵語,,unknown
era-unverified,POP-660,年代未核實,內疚,BQ_ZsRhMB6s,5257546,90年代流行曲,年代未核實,國語,,unknown
era-unverified,POP-661,年代未核實,無聲仿有聲,qPMrMmDUJA4,5153357,90年代流行曲,年代未核實,粵語,,unknown
era-unverified,POP-662,年代未核實,喜歡一個人,tqVq8ZbM0Gg,5100122,90年代流行曲,年代未核實,粵語,,unknown
era-unverified,POP-663,年代未核實,嫁給愛情,grh0bKLUxyk,5070274,90年代流行曲,年代未核實,粵語,,unknown
era-unverified,POP-664,年代未核實,看上她,J4Iehie7TAs,5040439,90年代流行曲,年代未核實,粵語,,unknown
era-unverified,POP-665,年代未核實,半點心,F3oRObMMNx8,4946535,90年代流行曲,年代未核實,粵語,,unknown
era-unverified,POP-666,年代未核實,朋友的酒,f_MY_UuFg3o,4944008,90年代流行曲,年代未核實,粵語,,unknown
era-unverified,POP-667,年代未核實,處處吻,ZMGJEOnuVDw,4770679,90年代流行曲,年代未核實,粵語,,unknown
era-unverified,POP-668,年代未核實,膽小鬼,u7z6ppwGxlw,4717794,90年代流行曲,年代未核實,粵語,,unknown
era-unverified,POP-669,年代未核實,默契,zrs5UftPa4E,4712867,90年代流行曲,年代未核實,粵語,,unknown
era-unverified,POP-670,年代未核實,多少,REbUxgJKYEA,4662575,90年代流行曲,年代未核實,粵語,,unknown
era-unverified,POP-671,年代未核實,少女的祈禱,iU4x7VlaZwE,4573906,90年代流行曲,年代未核實,粵語,,unknown
era-unverified,POP-672,年代未核實,我也不想這樣,L6-crgqJiRk,4563443,90年代流行曲,年代未核實,粵語,,unknown
era-unverified,POP-673,年代未核實,誰明浪子心,GbBiyckeER8,4541321,90年代流行曲,年代未核實,粵語,,unknown
era-unverified,POP-674,年代未核實,任逍遙,FbEjRgAoj3I,4398380,90年代流行曲,年代未核實,國語,,unknown
era-unverified,POP-675,年代未核實,你的背包,s3AmqV6VlE0,4381300,90年代流行曲,年代未核實,粵語,,unknown
era-unverified,POP-676,年代未核實,全日愛,PGLLhpDfqdM,4376831,90年代流行曲,年代未核實,粵語,,unknown
era-unverified,POP-677,年代未核實,愛的路上只有我和你,ERWVYOKeM7U,4346559,90年代流行曲,年代未核實,國語,,unknown
era-unverified,POP-678,年代未核實,楓葉,AkBKzjlCNX0,4243095,90年代流行曲,年代未核實,國語,,unknown
era-unverified,POP-679,年代未核實,友情歲月,4X32WZ7EuO8,4223758,90年代流行曲,年代未核實,粵語,,unknown
era-unverified,POP-680,年代未核實,非走不可,d7xRE0VkZXE,4178562,90年代流行曲,年代未核實,粵語,,unknown
era-unverified,POP-681,年代未核實,所以我快樂,LXHs3VBE5cc,4163362,90年代流行曲,年代未核實,粵語,,unknown
era-unverified,POP-682,年代未核實,堅強的理由,22b1WnBg5LA,4132212,90年代流行曲,年代未核實,國語,,unknown
era-unverified,POP-683,年代未核實,製造浪漫,ANpeWlJX24E,4131678,90年代流行曲,年代未核實,粵語,,unknown
era-unverified,POP-684,年代未核實,倆倆相忘,CR_JvOHcN5E,4011106,90年代流行曲,年代未核實,國語,,unknown
era-unverified,POP-685,年代未核實,不拖不欠,2wD-jRLP9yU,3945259,90年代流行曲,年代未核實,粵語,,unknown
era-unverified,POP-686,年代未核實,我們萬歲,Vo9d7LKtYbc,3695746,90年代流行曲,年代未核實,粵語,,unknown
era-unverified,POP-687,年代未核實,中視劇場,UOaPBQM1lf0,3598268,90年代流行曲,年代未核實,國語,,unknown
era-unverified,POP-688,年代未核實,早知,UnJg55Aabmc,3566657,90年代流行曲,年代未核實,粵語,,unknown
era-unverified,POP-689,年代未核實,親愛的妳,uk_4xss8yNU,3560895,90年代流行曲,年代未核實,國語,,unknown
era-unverified,POP-690,年代未核實,我是真的付出我的愛,1FfhCRozKJc,3555842,90年代流行曲,年代未核實,國語,,unknown
era-unverified,POP-691,年代未核實,潛龍勿用,J3BA9CLWvmQ,3551464,90年代流行曲,年代未核實,粵語,,unknown
era-unverified,POP-692,年代未核實,曖昧,bR8u65g_t7o,3498707,90年代流行曲,年代未核實,粵語,,unknown
era-unverified,POP-693,年代未核實,信者得愛,IA9WoKic_ww,3448295,90年代流行曲,年代未核實,粵語,,unknown
era-unverified,POP-694,年代未核實,亂世情侶,TWkVtt0Q5OU,3429768,90年代流行曲,年代未核實,粵語,,unknown
era-unverified,POP-695,年代未核實,娛樂天空,5VKHRTr-Dvk,3404384,90年代流行曲,年代未核實,粵語,,unknown
era-unverified,POP-696,年代未核實,四季歌,Nx5N4ovggvA,3372081,90年代流行曲,年代未核實,國語,,unknown
era-unverified,POP-697,年代未核實,斷腸詩,EQI8oKA6X4o,3265768,90年代流行曲,年代未核實,國語,,unknown
era-unverified,POP-698,年代未核實,值得,1b8cx1v0ctE,3262639,90年代流行曲,年代未核實,粵語,,unknown
era-unverified,POP-699,年代未核實,戀無可戀,HiDI28Ndwgc,3251742,90年代流行曲,年代未核實,粵語,,unknown
era-unverified,POP-700,年代未核實,兄弟,xTjrJmcSjzM,3242003,90年代流行曲,年代未核實,國語,,unknown
era-unverified,POP-701,年代未核實,愛的呼喚,D4DSNG6IRRI,3198377,90年代流行曲,年代未核實,粵語,,unknown
era-unverified,POP-702,年代未核實,甘心替代你,Lct9NmhCTcc,3157443,90年代流行曲,年代未核實,粵語,,unknown
era-unverified,POP-703,年代未核實,妳是我的完美,201mB2icv4o,3121810,90年代流行曲,年代未核實,國語,,unknown
era-unverified,POP-704,年代未核實,愛得太多,ez5WOPMKouM,3120145,90年代流行曲,年代未核實,粵語,,unknown
era-unverified,POP-705,年代未核實,煞到妳,GUIMi_WoSc4,3098587,90年代流行曲,年代未核實,國語,,unknown
era-unverified,POP-706,年代未核實,花太香,BrsehfcRl88,3077753,90年代流行曲,年代未核實,國語,,unknown
era-unverified,POP-707,年代未核實,別傻了,eRBGNGk4xEs,3070597,90年代流行曲,年代未核實,國語,,unknown
era-unverified,POP-708,年代未核實,梁咏琪,WwerHJQ-77I,2902534,90年代流行曲,年代未核實,粵語,,unknown
era-unverified,POP-709,年代未核實,子華說,Hk_P6rfg_aU,2813325,90年代流行曲,年代未核實,粵語,,unknown
era-unverified,POP-710,年代未核實,紅塵有你,ki8kPYsudZo,2807427,90年代流行曲,年代未核實,粵語,,unknown
era-unverified,POP-711,年代未核實,清風徐來,Strd1sCe_rQ,2798720,90年代流行曲,年代未核實,粵語,,unknown
era-unverified,POP-712,年代未核實,依靠,GpWO-H2dVkQ,2696924,90年代流行曲,年代未核實,國語,,unknown
era-unverified,POP-713,年代未核實,短髮,ssnNaAlL-i8,2664707,90年代流行曲,年代未核實,粵語,,unknown
era-unverified,POP-714,年代未核實,出界,nAjJ9AamrQ0,2637429,90年代流行曲,年代未核實,粵語,,unknown
era-unverified,POP-715,年代未核實,忘記你不如忘記自己,8bd76jGM7II,2636993,90年代流行曲,年代未核實,粵語,,unknown
era-unverified,POP-716,年代未核實,車婉婉,RrqV25GnbEM,2619906,90年代流行曲,年代未核實,粵語,,unknown
era-unverified,POP-717,年代未核實,安妮,1kROCIulcwQ,2595469,90年代流行曲,年代未核實,粵語,,unknown
era-unverified,POP-718,年代未核實,上帝也哭泣,_amUufIUYdU,2582127,90年代流行曲,年代未核實,粵語,,unknown
era-unverified,POP-719,年代未核實,煞科,wVZdkt38YO0,2567988,90年代流行曲,年代未核實,粵語,,unknown
era-unverified,POP-720,年代未核實,永不退縮,M0A9-z2Yj1I,2542541,90年代流行曲,年代未核實,國語,,unknown
era-unverified,POP-721,年代未核實,讓我留在你身邊,my0MeO3zWCQ,2532544,90年代流行曲,年代未核實,粵語,,unknown
era-unverified,POP-722,年代未核實,傳奇,cJF7NAZN-g4,2514344,90年代流行曲,年代未核實,國語,,unknown
era-unverified,POP-723,年代未核實,忘憂草,_-rUZu0R_Ww,2513474,90年代流行曲,年代未核實,國語,,unknown
era-unverified,POP-724,年代未核實,有故事的人,Ols0ltpkGfQ,2500681,90年代流行曲,年代未核實,國語,,unknown
era-unverified,POP-725,年代未核實,我愿你知道,SEZIXTiAtfM,2490359,90年代流行曲,年代未核實,粵語,,unknown
era-unverified,POP-726,年代未核實,秋風夜雨,a__QJ39ba1o,2446713,90年代流行曲,年代未核實,國語,,unknown
era-unverified,POP-727,年代未核實,真的嗎,Txz-q0NlNZ8,2444329,90年代流行曲,年代未核實,國語,,unknown
era-unverified,POP-728,年代未核實,比我幸福,Zx-yRVjQyhI,2444243,90年代流行曲,年代未核實,粵語,,unknown
era-unverified,POP-729,年代未核實,七十二變,T4yin-YXIro,2443230,90年代流行曲,年代未核實,粵語,,unknown
era-unverified,POP-730,年代未核實,你是你我是我,yQcCuPKChfg,2433942,90年代流行曲,年代未核實,粵語,,unknown
era-unverified,POP-731,年代未核實,盲婚啞嫁,bWxHgHLJlYw,2322967,90年代流行曲,年代未核實,粵語,,unknown
era-unverified,POP-732,年代未核實,逆行,MWYz42g8TuU,2318037,90年代流行曲,年代未核實,粵語,,unknown
era-unverified,POP-733,年代未核實,衝衝衝,lGF2QrDLXCM,2301019,90年代流行曲,年代未核實,國語,,unknown
era-unverified,POP-734,年代未核實,湯寳如,crwc9j8TIeE,2274977,90年代流行曲,年代未核實,粵語,,unknown
era-unverified,POP-735,年代未核實,一场游戏一场梦,MjtUQmhKGuI,2259237,90年代流行曲,年代未核實,國語,,unknown
era-unverified,POP-736,年代未核實,讓懂你的人愛你,ceE6SlV5jko,2242407,90年代流行曲,年代未核實,粵語,,unknown
era-unverified,POP-737,年代未核實,算了吧,jvnChb-hQlI,2197654,90年代流行曲,年代未核實,國語,,unknown
era-unverified,POP-738,年代未核實,前前後後左左右右,i4ix3PGZ51c,2197320,90年代流行曲,年代未核實,粵語,,unknown
era-unverified,POP-739,年代未核實,一生愛你一個,4F4U76B2iok,2191560,90年代流行曲,年代未核實,粵語,,unknown
era-unverified,POP-740,年代未核實,讓我永遠愛你,waQl9LgKEbY,2179293,90年代流行曲,年代未核實,粵語,,unknown
era-unverified,POP-741,年代未核實,流年,lFUUVItSCpk,2179017,90年代流行曲,年代未核實,粵語,,unknown
era-unverified,POP-742,年代未核實,致青春,___KCYtANNQ,2167562,90年代流行曲,年代未核實,粵語,,unknown
era-unverified,POP-743,年代未核實,兩極,nZ18FkLNUxw,2159550,90年代流行曲,年代未核實,國語,,unknown
era-unverified,POP-744,年代未核實,陰天快樂,9Z0aHUUv88Y,2159525,90年代流行曲,年代未核實,粵語,,unknown
era-unverified,POP-745,年代未核實,春天花會開,tzYsKUZcby8,2119032,90年代流行曲,年代未核實,國語,,unknown
era-unverified,POP-746,年代未核實,你係我嘅,OsLR8YLPCCc,2096339,90年代流行曲,年代未核實,粵語,,unknown
era-unverified,POP-747,年代未核實,花花宇宙,WK9qq2k2_SM,2052628,90年代流行曲,年代未核實,粵語,,unknown
era-unverified,POP-748,年代未核實,大約在冬季,U6dshkyM0Hw,2029800,90年代流行曲,年代未核實,粵語,,unknown
era-unverified,POP-749,年代未核實,初心,PeVqYYBHyzU,1942152,90年代流行曲,年代未核實,粵語,,unknown
era-unverified,POP-750,年代未核實,衣櫃裡的男人,CHWOrrPrp88,1917003,90年代流行曲,年代未核實,粵語,,unknown
era-unverified,POP-751,年代未核實,大日子,fb-pFRwI1i4,1916156,90年代流行曲,年代未核實,粵語,,unknown
era-unverified,POP-752,年代未核實,一生幸福,XUhm0Fy7idY,1911503,90年代流行曲,年代未核實,粵語,,unknown
era-unverified,POP-753,年代未核實,哭個痛快,_QZ8M2nKlnI,1867105,90年代流行曲,年代未核實,國語,,unknown
era-unverified,POP-754,年代未核實,小雪,RjThQs--s1s,1843620,90年代流行曲,年代未核實,國語,,unknown
verified-era,POP-755,80年代流行曲,分分鐘需要你,AOd-xaZnSM0,1804929,90年代流行曲,80年代流行曲,粵語,1980,title-match
era-unverified,POP-756,年代未核實,萬物有時,Eloz-R0A8m4,1796569,90年代流行曲,年代未核實,粵語,,unknown
era-unverified,POP-757,年代未核實,乘虛而入.mpg,j8Vy9DadMh8,1682551,90年代流行曲,年代未核實,粵語,,unknown
era-unverified,POP-758,年代未核實,戰勝自己,vPxfk6KgexY,1650969,90年代流行曲,年代未核實,粵語,,unknown
era-unverified,POP-759,年代未核實,愛你不愛你,I0mOKlUsE8I,1608602,90年代流行曲,年代未核實,粵語,,unknown
era-unverified,POP-760,年代未核實,要我怎麼忘了他,2YlXB-uVQ48,1590640,90年代流行曲,年代未核實,粵語,,unknown
era-unverified,POP-761,年代未核實,謝謝儂,-Qwf-ps1dx0,1570088,90年代流行曲,年代未核實,粵語,,unknown
era-unverified,POP-762,年代未核實,孤星,ZfIkDS7ZXns,1559016,90年代流行曲,年代未核實,粵語,,unknown
era-unverified,POP-763,年代未核實,最真的夢,yXVNkhXv1XI,1553033,90年代流行曲,年代未核實,國語,,unknown
era-unverified,POP-764,年代未核實,塵大師,LKMGlj3Y_Lg,1527499,90年代流行曲,年代未核實,粵語,,unknown
era-unverified,POP-765,年代未核實,燭光,GuIAbr0EHIE,1506817,90年代流行曲,年代未核實,國語,,unknown
era-unverified,POP-766,年代未核實,黃種人,mV5IQbd0o0U,1483755,90年代流行曲,年代未核實,粵語,,unknown
era-unverified,POP-767,年代未核實,顧家,tsVXQwE_MuY,1473408,90年代流行曲,年代未核實,粵語,,unknown
era-unverified,POP-768,年代未核實,承諾,j75_4JqX07A,1457312,90年代流行曲,年代未核實,粵語,,unknown
era-unverified,POP-769,年代未核實,突然心動,rh54fB_TgXw,1443658,90年代流行曲,年代未核實,粵語,,unknown
era-unverified,POP-770,年代未核實,緣份的天空,ogbXOBbZv44,1421126,90年代流行曲,年代未核實,粵語,,unknown
era-unverified,POP-771,年代未核實,戀愛頻率,yUCDN4aWb9c,1408007,90年代流行曲,年代未核實,粵語,,unknown
era-unverified,POP-772,年代未核實,致我們的夢想,ORx9rRilR9g,1407040,90年代流行曲,年代未核實,粵語,,unknown
era-unverified,POP-773,年代未核實,最佳位置,-lB9Z4IeTDc,1394849,90年代流行曲,年代未核實,粵語,,unknown
era-unverified,POP-774,年代未核實,久別重逢,wokhkxSzF5Y,1389168,90年代流行曲,年代未核實,粵語,,unknown
era-unverified,POP-775,年代未核實,失戀,nXJSTkUXxLI,1380301,90年代流行曲,年代未核實,粵語,,unknown
era-unverified,POP-776,年代未核實,雨人,UwUwfZ5hPB0,1374507,90年代流行曲,年代未核實,國語,,unknown
era-unverified,POP-777,年代未核實,我還能愛誰,wysliTqWOQY,1368936,90年代流行曲,年代未核實,粵語,,unknown
era-unverified,POP-778,年代未核實,別問舊傷口,YoYhkdTeUZ0,1343337,90年代流行曲,年代未核實,國語,,unknown
era-unverified,POP-779,年代未核實,成長的錯,KveGJklq7Ho,1340763,90年代流行曲,年代未核實,粵語,,unknown
era-unverified,POP-780,年代未核實,性情中人,Yw8DwIR1xo0,1334344,90年代流行曲,年代未核實,粵語,,unknown
era-unverified,POP-781,年代未核實,怕黑,6p9UirDVuCk,1330209,90年代流行曲,年代未核實,國語,,unknown
era-unverified,POP-782,年代未核實,不再犹豫,IuRIaT3ye5k,1319925,90年代流行曲,年代未核實,粵語,,unknown
era-unverified,POP-783,年代未核實,想說,vz6bzGMqUNc,1299409,90年代流行曲,年代未核實,粵語,,unknown
era-unverified,POP-784,年代未核實,男人不该让女人流泪,LmQO65r1cC8,1292157,90年代流行曲,年代未核實,國語,,unknown
era-unverified,POP-785,年代未核實,流著淚的妳的臉,6V7-vI1YRkw,1284495,90年代流行曲,年代未核實,國語,,unknown
era-unverified,POP-786,年代未核實,眼睛不能沒眼淚,1gtL86S1LPs,1272089,90年代流行曲,年代未核實,粵語,,unknown
era-unverified,POP-787,年代未核實,聽風的歌,PsXl8pw4oXE,1265639,90年代流行曲,年代未核實,粵語,,unknown
era-unverified,POP-788,年代未核實,心理遊戲,EWSru6yv00c,1253803,90年代流行曲,年代未核實,粵語,,unknown
era-unverified,POP-789,年代未核實,相信你的人,dIrC9S6LJVg,1251128,90年代流行曲,年代未核實,粵語,,unknown
era-unverified,POP-790,年代未核實,塑造,_V6nXXq7jV8,1239533,90年代流行曲,年代未核實,粵語,,unknown
era-unverified,POP-791,年代未核實,一擊即中,5UIEdt55JV8,1237235,90年代流行曲,年代未核實,粵語,,unknown
era-unverified,POP-792,年代未核實,很受傷,NyZihvtZ2u4,1223091,90年代流行曲,年代未核實,國語,,unknown
era-unverified,POP-793,年代未核實,一個人,cNo7gwNIG5Y,1194887,90年代流行曲,年代未核實,國語,,unknown
era-unverified,POP-794,年代未核實,我恨我是女人,7hNsevC7Z1o,1180724,90年代流行曲,年代未核實,粵語,,unknown
era-unverified,POP-795,年代未核實,夢中人,hN2jOHeI5tc,1179531,90年代流行曲,年代未核實,粵語,,unknown
era-unverified,POP-796,年代未核實,情願不自由,Ef8kmHeyoZU,1177265,90年代流行曲,年代未核實,粵語,,unknown
era-unverified,POP-797,年代未核實,共你趕到這班車就是傳奇,ZcsBnbXtF3M,1147155,90年代流行曲,年代未核實,粵語,,unknown
era-unverified,POP-798,年代未核實,烈女,iCp3yL-Q6nM,1119488,90年代流行曲,年代未核實,粵語,,unknown
era-unverified,POP-799,年代未核實,寂寞的眼,ariyIvIkIP0,1111746,90年代流行曲,年代未核實,國語,,unknown
era-unverified,POP-800,年代未核實,尋開心,Rl5yVrZMDbA,1094740,90年代流行曲,年代未核實,粵語,,unknown
era-unverified,POP-801,年代未核實,因為愛所以愛,dU27W43li54,1083345,90年代流行曲,年代未核實,國語,,unknown
era-unverified,POP-802,年代未核實,濃情化不開,kiZIFlPDTw4,1077039,90年代流行曲,年代未核實,粵語,,unknown
era-unverified,POP-803,年代未核實,推倒重來,t9OZhoaExPA,1069728,90年代流行曲,年代未核實,粵語,,unknown
era-unverified,POP-804,年代未核實,無忌,nAXL9RhkR28,1057410,90年代流行曲,年代未核實,粵語,,unknown
era-unverified,POP-805,年代未核實,男子組,Dv0pCu-S7Wo,1043842,90年代流行曲,年代未核實,粵語,,unknown
era-unverified,POP-806,年代未核實,誰可情深如我,FHJ497bmR7A,1036612,90年代流行曲,年代未核實,粵語,,unknown
era-unverified,POP-807,年代未核實,非我莫屬,aQcdwrfyVL4,1024939,90年代流行曲,年代未核實,粵語,,unknown
era-unverified,POP-808,年代未核實,如果我們不再見,3BHjwUDczPI,1021203,90年代流行曲,年代未核實,粵語,,unknown
era-unverified,POP-809,年代未核實,我可以忘記你,sYQVCcrx0ng,1006532,90年代流行曲,年代未核實,粵語,,unknown
era-unverified,POP-810,年代未核實,我比誰都清楚,SJwajdV68MY,1004061,90年代流行曲,年代未核實,粵語,,unknown
era-unverified,POP-811,年代未核實,我的歌,8O4DO4xZIxw,1001264,90年代流行曲,年代未核實,粵語,,unknown
era-unverified,POP-812,年代未核實,只愛你一個人,GqqI7s7if5M,985901,90年代流行曲,年代未核實,國語,,unknown
era-unverified,POP-813,年代未核實,讓我跟你走,3er3jmxeXUI,985057,90年代流行曲,年代未核實,粵語,,unknown
era-unverified,POP-814,年代未核實,從前的我們,iiFyo5tE7yw,967167,90年代流行曲,年代未核實,粵語,,unknown
era-unverified,POP-815,年代未核實,好結果,oUvoy8UduGQ,961792,90年代流行曲,年代未核實,粵語,,unknown
era-unverified,POP-816,年代未核實,放不低,F0uVpf4fpuI,957779,90年代流行曲,年代未核實,粵語,,unknown
era-unverified,POP-817,年代未核實,若不是因為你,T1nWff6zrbI,952555,90年代流行曲,年代未核實,國語,,unknown
era-unverified,POP-818,年代未核實,告別我的戀人們,YRl62x5JLKQ,923913,90年代流行曲,年代未核實,粵語,,unknown
era-unverified,POP-819,年代未核實,善良,LKuc7hb0ktg,909940,90年代流行曲,年代未核實,粵語,,unknown
era-unverified,POP-820,年代未核實,只是不夠愛,mQ2pv2nA01s,889684,90年代流行曲,年代未核實,粵語,,unknown
era-unverified,POP-821,年代未核實,失戀萬歲,Zu0X0pxwa9Y,883495,90年代流行曲,年代未核實,國語,,unknown
era-unverified,POP-822,年代未核實,煉金術,y87LmH8OkRU,876785,90年代流行曲,年代未核實,粵語,,unknown
era-unverified,POP-823,年代未核實,今日,c4aqLLk5k34,841780,90年代流行曲,年代未核實,粵語,,unknown
era-unverified,POP-824,年代未核實,一了百了,J0cUchG8ems,841010,90年代流行曲,年代未核實,粵語,,unknown
era-unverified,POP-825,年代未核實,妳喜歡的會有幾個,UFR_fQ_yOco,839521,90年代流行曲,年代未核實,國語,,unknown
era-unverified,POP-826,年代未核實,有時候,zyrM2SrEMrA,837556,90年代流行曲,年代未核實,粵語,,unknown
era-unverified,POP-827,年代未核實,纏綿遊戲,xui1EawVNxM,829620,90年代流行曲,年代未核實,粵語,,unknown
era-unverified,POP-828,年代未核實,一起吃苦的幸福,CXiC5E-F-KU,829264,90年代流行曲,年代未核實,國語,,unknown
era-unverified,POP-829,年代未核實,破繭,QLsvx7TXWeE,806494,90年代流行曲,年代未核實,國語,,unknown
era-unverified,POP-830,年代未核實,無名份的浪漫,yX-zJW1sxhg,802220,90年代流行曲,年代未核實,粵語,,unknown
era-unverified,POP-831,年代未核實,心癮,PU5EpfSeP1I,792816,90年代流行曲,年代未核實,粵語,,unknown
era-unverified,POP-832,年代未核實,我有我天地,Kkr6cVXWGqQ,790127,90年代流行曲,年代未核實,粵語,,unknown
era-unverified,POP-833,年代未核實,六月飛霜,-yKnlZlQ5ug,785423,90年代流行曲,年代未核實,粵語,,unknown
era-unverified,POP-834,年代未核實,原來愛情這麼傷,KCDMucUEjfw,782918,90年代流行曲,年代未核實,粵語,,unknown
era-unverified,POP-835,年代未核實,天使也一樣,di6mUvIDDrw,779630,90年代流行曲,年代未核實,國語,,unknown
era-unverified,POP-836,年代未核實,再見二丁目,uhxS1iMfVvw,768545,90年代流行曲,年代未核實,粵語,,unknown
era-unverified,POP-837,年代未核實,盲人,D7JbsofNgxE,767578,90年代流行曲,年代未核實,粵語,,unknown
era-unverified,POP-838,年代未核實,風眼,RyxpgRb6s7s,758885,90年代流行曲,年代未核實,粵語,,unknown
era-unverified,POP-839,年代未核實,一百樣可能,Cv03OAvgqQE,756143,90年代流行曲,年代未核實,粵語,,unknown
era-unverified,POP-840,年代未核實,北極雪,cWjakP5tl1Y,754777,90年代流行曲,年代未核實,粵語,,unknown
era-unverified,POP-841,年代未核實,無去無來,h331g6FLq6U,733823,90年代流行曲,年代未核實,粵語,,unknown
era-unverified,POP-842,年代未核實,爆了,jikPvwWgU8g,709782,90年代流行曲,年代未核實,粵語,,unknown
era-unverified,POP-843,年代未核實,罪與罰,DbZF4kztm-A,707086,90年代流行曲,年代未核實,粵語,,unknown
era-unverified,POP-844,年代未核實,完美啟示錄,4aR6Qrobld4,696968,90年代流行曲,年代未核實,粵語,,unknown
era-unverified,POP-845,年代未核實,改造人,6wKI1lAUHV0,694792,90年代流行曲,年代未核實,粵語,,unknown
era-unverified,POP-846,年代未核實,火鳥,9H0MmElrHD0,688459,90年代流行曲,年代未核實,粵語,,unknown
era-unverified,POP-847,年代未核實,傳說,vVc2tVm8ayY,688205,90年代流行曲,年代未核實,粵語,,unknown
era-unverified,POP-848,年代未核實,飛女正傳,uMVgQp1iPS4,687211,90年代流行曲,年代未核實,粵語,,unknown
era-unverified,POP-849,年代未核實,不要變,rfQbW4QVOLY,684703,90年代流行曲,年代未核實,國語,,unknown
era-unverified,POP-850,年代未核實,上弦月,u9c2aclLNNM,678778,90年代流行曲,年代未核實,粵語,,unknown
era-unverified,POP-851,年代未核實,雨中感嘆號,PZHeJvZoL9A,674699,90年代流行曲,年代未核實,粵語,,unknown
era-unverified,POP-852,年代未核實,豬先生,Mq8xSj0WGvE,672514,90年代流行曲,年代未核實,粵語,,unknown
era-unverified,POP-853,年代未核實,教我這麼愛下去,ZO8Fip_5UAY,671487,90年代流行曲,年代未核實,粵語,,unknown
era-unverified,POP-854,年代未核實,你變了,cDf3jV4CI2s,671286,90年代流行曲,年代未核實,粵語,,unknown
era-unverified,POP-855,年代未核實,走過,z9eIco0juTY,668672,90年代流行曲,年代未核實,國語,,unknown
era-unverified,POP-856,年代未核實,分享愛,A6W1GEhL9Vk,666900,90年代流行曲,年代未核實,粵語,,unknown
era-unverified,POP-857,年代未核實,向右走,OURMLVMCXT4,664943,90年代流行曲,年代未核實,粵語,,unknown
era-unverified,POP-858,年代未核實,兩個女孩,KmGpOMVSKfA,664093,90年代流行曲,年代未核實,國語,,unknown
era-unverified,POP-859,年代未核實,向太陽怒吼,LoUA2f3mu6Q,637880,90年代流行曲,年代未核實,粵語,,unknown
era-unverified,POP-860,年代未核實,都是你的錯,1LXWKH6gXGE,637300,90年代流行曲,年代未核實,粵語,,unknown
era-unverified,POP-861,年代未核實,半邊生命,vr4SlWBmvKI,628346,90年代流行曲,年代未核實,粵語,,unknown
era-unverified,POP-862,年代未核實,重複犯錯,QJU0hFghiBE,619396,90年代流行曲,年代未核實,粵語,,unknown
era-unverified,POP-863,年代未核實,壞習慣,VuvpCOL1hLQ,613909,90年代流行曲,年代未核實,粵語,,unknown
era-unverified,POP-864,年代未核實,如夢初醒,AFNI4IO05jU,606078,90年代流行曲,年代未核實,粵語,,unknown
era-unverified,POP-865,年代未核實,愛一天多一天,5RY0vsnBoQc,603170,90年代流行曲,年代未核實,粵語,,unknown
era-unverified,POP-866,年代未核實,曾經,qUdcM0PVGHo,591206,90年代流行曲,年代未核實,粵語,,unknown
era-unverified,POP-867,年代未核實,恭喜自己,ujOspkCDtYU,588539,90年代流行曲,年代未核實,國語,,unknown
era-unverified,POP-868,年代未核實,致少年時代,SyRe8BHKb_Q,585803,90年代流行曲,年代未核實,粵語,,unknown
era-unverified,POP-869,年代未核實,風一樣的男子,Pgdzv0UKLIM,575366,90年代流行曲,年代未核實,粵語,,unknown
era-unverified,POP-870,年代未核實,仍能情深愛上,KEl-i9kQ1BU,575090,90年代流行曲,年代未核實,粵語,,unknown
era-unverified,POP-871,年代未核實,我是不是该安静的走开,tnkQmsXIkP8,566953,90年代流行曲,年代未核實,粵語,,unknown
era-unverified,POP-872,年代未核實,黯然離別,u9cQu0CmRoQ,555220,90年代流行曲,年代未核實,粵語,,unknown
era-unverified,POP-873,年代未核實,永遠,ngm_TXH-BS0,546745,90年代流行曲,年代未核實,國語,,unknown
era-unverified,POP-874,年代未核實,把歌談心,4dUc1gchfJE,546314,90年代流行曲,年代未核實,粵語,,unknown
era-unverified,POP-875,年代未核實,唉聲嘆氣,pyAr-EaXJG8,544564,90年代流行曲,年代未核實,粵語,,unknown
era-unverified,POP-876,年代未核實,童話,Rc0xAVd0MHk,541085,90年代流行曲,年代未核實,國語,,unknown
era-unverified,POP-877,年代未核實,癡癡為你等,JSU9_0IpWb4,540431,90年代流行曲,年代未核實,粵語,,unknown
era-unverified,POP-878,年代未核實,相逢在雨中,0hnb0uUWh7c,538720,90年代流行曲,年代未核實,粵語,,unknown
era-unverified,POP-879,年代未核實,苏永康,6PaSO2RyfJ8,537993,90年代流行曲,年代未核實,粵語,,unknown
era-unverified,POP-880,年代未核實,愛你躲你,2SkaG4JkT7Y,537251,90年代流行曲,年代未核實,粵語,,unknown
era-unverified,POP-881,年代未核實,新歌,gIevkvW4fcw,535443,90年代流行曲,年代未核實,粵語,,unknown
era-unverified,POP-882,年代未核實,活得比你好,YFtMjkEekyI,534524,90年代流行曲,年代未核實,粵語,,unknown
era-unverified,POP-883,年代未核實,只會因你唱,NPLy6ofmLlI,533660,90年代流行曲,年代未核實,粵語,,unknown
era-unverified,POP-884,年代未核實,每個愛情都危險,95TLJ-rHD-U,529610,90年代流行曲,年代未核實,國語,,unknown
era-unverified,POP-885,年代未核實,每隔兩秒,f80yVBKukmM,524449,90年代流行曲,年代未核實,粵語,,unknown
era-unverified,POP-886,年代未核實,完美,JFsEdKNo0QI,518364,90年代流行曲,年代未核實,粵語,,unknown
era-unverified,POP-887,年代未核實,直至消失天與地,UU9bJ9mfabs,508760,90年代流行曲,年代未核實,粵語,,unknown
era-unverified,POP-888,年代未核實,忐忑,igzeQxN4efc,508170,90年代流行曲,年代未核實,國語,,unknown
era-unverified,POP-889,年代未核實,動地驚天愛戀過,nK_0CMKY3nc,504952,90年代流行曲,年代未核實,粵語,,unknown
era-unverified,POP-890,年代未核實,我為我生存,XdlCzyxjlc4,504262,90年代流行曲,年代未核實,粵語,,unknown
verified-era,POP-891,最近15年流行曲,後來的我們,pd3eV-SG23E,146207942,90年代流行曲,最近15年流行曲,國語,2016,manual-title
era-unverified,POP-892,年代未核實,愛我別走,zPeMFCDPgKE,88037101,90年代流行曲,年代未核實,國語,,unknown
era-unverified,POP-893,年代未核實,傷心的人別聽慢歌,xWTiOqJqkk0,48377751,90年代流行曲,年代未核實,國語,,unknown
verified-era,POP-894,80年代流行曲,你怎麼捨得我難過,oMDj9L44LZM,47137836,90年代流行曲,80年代流行曲,國語,1989,title-match
era-unverified,POP-895,年代未核實,思念是一種病,9ei1PUmDz98,39390443,90年代流行曲,年代未核實,國語,,unknown
era-unverified,POP-896,年代未核實,浪人情歌,OPkqtboFFYI,37402895,90年代流行曲,年代未核實,國語,,unknown
era-unverified,POP-897,年代未核實,忠孝東路走九遍,hFJAzTqYFHc,29665217,90年代流行曲,年代未核實,國語,,unknown
era-unverified,POP-898,年代未核實,春泥,xAh377i2Rmg,21138577,90年代流行曲,年代未核實,粵語,,unknown
era-unverified,POP-899,年代未核實,所以我,_s8Iot-uo7s,21109767,90年代流行曲,年代未核實,國語,,unknown
era-unverified,POP-900,年代未核實,再見,_VCU94B_Oig,17194342,90年代流行曲,年代未核實,國語,,unknown
era-unverified,POP-901,年代未核實,能不能,9qq7cFhznpU,15862457,90年代流行曲,年代未核實,國語,,unknown
era-unverified,POP-902,年代未核實,只願和你相愛,DPDTqSw6p9Y,15570294,90年代流行曲,年代未核實,國語,,unknown
era-unverified,POP-903,年代未核實,成名在望,-hU1O3bG1eo,13760125,90年代流行曲,年代未核實,國語,,unknown
era-unverified,POP-904,年代未核實,太想愛你,hG4-xzaDv40,13407465,90年代流行曲,年代未核實,粵語,,unknown
era-unverified,POP-905,年代未核實,aMEI,OvlWgjiQYpo,12314245,90年代流行曲,年代未核實,國語,,unknown
era-unverified,POP-906,年代未核實,小小的太陽,RU-jH9VcO5s,10231299,90年代流行曲,年代未核實,粵語,,unknown
era-unverified,POP-907,年代未核實,盛夏光年,nlvTrcdwDLw,9662471,90年代流行曲,年代未核實,國語,,unknown
era-unverified,POP-908,年代未核實,缺口,BCJr1EG1boc,9355136,90年代流行曲,年代未核實,國語,,unknown
era-unverified,POP-909,年代未核實,星星點燈,tFXGhrHRLiA,8947999,90年代流行曲,年代未核實,粵語,,unknown
era-unverified,POP-910,年代未核實,破吉他,9ATcxIOeDiY,8710238,90年代流行曲,年代未核實,國語,,unknown
era-unverified,POP-911,年代未核實,什麼歌,3njEHMo_5t0,8344706,90年代流行曲,年代未核實,國語,,unknown
era-unverified,POP-912,年代未核實,我愛台妹,ZQ8mn5fS5_M,8267607,90年代流行曲,年代未核實,國語,,unknown
era-unverified,POP-913,年代未核實,永遠不再,zt5b956do5Y,8247527,90年代流行曲,年代未核實,國語,,unknown
era-unverified,POP-914,年代未核實,第一滴淚,3zVmy2PreJs,8063960,90年代流行曲,年代未核實,國語,,unknown
era-unverified,POP-915,年代未核實,跳上車子離開傷心的台北,wcYstYvQGbU,7236768,90年代流行曲,年代未核實,粵語,,unknown
era-unverified,POP-916,年代未核實,一言難盡,xkDC4n-ZEWY,6979666,90年代流行曲,年代未核實,粵語,,unknown
era-unverified,POP-917,年代未核實,我不該哭,u67qCBLAIB4,6801178,90年代流行曲,年代未核實,國語,,unknown
era-unverified,POP-918,年代未核實,秘密,Ngyz1gmZzb0,6625616,90年代流行曲,年代未核實,國語,,unknown
era-unverified,POP-919,年代未核實,猜心,i6BHvcY-Hv0,6391276,90年代流行曲,年代未核實,國語,,unknown
era-unverified,POP-920,年代未核實,分手吧,4hTHm5CKtSI,6359135,90年代流行曲,年代未核實,國語,,unknown
era-unverified,POP-921,年代未核實,裝醉,CNQZnZBZxpk,6137168,90年代流行曲,年代未核實,國語,,unknown
era-unverified,POP-922,年代未核實,傘下,aI_SszyOM2A,6097399,90年代流行曲,年代未核實,粵語,,unknown
era-unverified,POP-923,年代未核實,我不祝福,wlXZ5l22iyo,5591277,90年代流行曲,年代未核實,粵語,,unknown
era-unverified,POP-924,年代未核實,抱著你,bFEKOqHfLsY,5311800,90年代流行曲,年代未核實,國語,,unknown
era-unverified,POP-925,年代未核實,姊姊妹妹站起來,_e2PdJOgs1g,5191161,90年代流行曲,年代未核實,國語,,unknown
era-unverified,POP-926,年代未核實,我心中尚未崩壞的地方,GDjFEYwezo8,5066824,90年代流行曲,年代未核實,國語,,unknown
era-unverified,POP-927,年代未核實,在我生命中的每一天,ZmOg0yTawfY,4980945,90年代流行曲,年代未核實,國語,,unknown
era-unverified,POP-928,年代未核實,刀馬旦,MZdxy7_lc8U,4965730,90年代流行曲,年代未核實,粵語,,unknown
era-unverified,POP-929,年代未核實,妳在他鄉,m8_4Mi2-H_Y,4867590,90年代流行曲,年代未核實,國語,,unknown
era-unverified,POP-930,年代未核實,寬容,fQItfi8WsK8,4616407,90年代流行曲,年代未核實,粵語,,unknown
era-unverified,POP-931,年代未核實,不要對他說,3J7rfx0NofU,4579670,90年代流行曲,年代未核實,粵語,,unknown
era-unverified,POP-932,年代未核實,背叛情歌,2t0P9zKj4OQ,4485541,90年代流行曲,年代未核實,國語,,unknown
era-unverified,POP-933,年代未核實,那麼愛你為什麼,s-62HoQFtEg,4394266,90年代流行曲,年代未核實,國語,,unknown
era-unverified,POP-934,年代未核實,叩叩,0RiKyg98ns0,4075467,90年代流行曲,年代未核實,國語,,unknown
era-unverified,POP-935,年代未核實,讓水倒流,_dW66owaCJs,3862372,90年代流行曲,年代未核實,國語,,unknown
era-unverified,POP-936,年代未核實,斷了,ZxA02BlZFps,3721036,90年代流行曲,年代未核實,粵語,,unknown
era-unverified,POP-937,年代未核實,路口,49xsEr77YCc,3663117,90年代流行曲,年代未核實,國語,,unknown
era-unverified,POP-938,年代未核實,用情,M5MliGcbqNM,3372900,90年代流行曲,年代未核實,粵語,,unknown
era-unverified,POP-939,年代未核實,愛到瘋癲,WIKDr7ZLHmc,3286659,90年代流行曲,年代未核實,國語,,unknown
era-unverified,POP-940,年代未核實,真想見到你,vcrx-G1gjMk,3055155,90年代流行曲,年代未核實,粵語,,unknown
era-unverified,POP-941,年代未核實,經典,G709Upxh9EY,2983613,90年代流行曲,年代未核實,粵語,,unknown
era-unverified,POP-942,年代未核實,一想到你呀,W51yU6cyj7Y,2879277,90年代流行曲,年代未核實,國語,,unknown
era-unverified,POP-943,年代未核實,輸了你贏了世界又如何,nfOxL7aRUjI,2799616,90年代流行曲,年代未核實,粵語,,unknown
era-unverified,POP-944,年代未核實,一天一萬年,fHTBrWZkAoE,2768842,90年代流行曲,年代未核實,粵語,,unknown
era-unverified,POP-945,年代未核實,知足,YGl6EYwxNFY,2603245,90年代流行曲,年代未核實,國語,,unknown
era-unverified,POP-946,年代未核實,解決師,2lyduZywxuo,2574872,90年代流行曲,年代未核實,粵語,,unknown
era-unverified,POP-947,年代未核實,难道我就这样过我的一生,nZMgwsI-VIk,2482641,90年代流行曲,年代未核實,國語,,unknown
era-unverified,POP-948,年代未核實,愛就一個字,NhJFuDZ7RDg,2452772,90年代流行曲,年代未核實,粵語,,unknown
era-unverified,POP-949,年代未核實,天使,EfWLAFjdUYM,2393669,90年代流行曲,年代未核實,國語,,unknown
era-unverified,POP-950,年代未核實,沒關係,6KUzUBVDBNQ,2356516,90年代流行曲,年代未核實,粵語,,unknown
era-unverified,POP-951,年代未核實,愛我久一點,ZiUBqol7KXY,2327220,90年代流行曲,年代未核實,粵語,,unknown
era-unverified,POP-952,年代未核實,割愛,wFmh4LZPN8o,2245022,90年代流行曲,年代未核實,國語,,unknown
era-unverified,POP-953,年代未核實,我的快樂時代,-30Nh5gYzU4,2082883,90年代流行曲,年代未核實,粵語,,unknown
era-unverified,POP-954,年代未核實,如果你也聽說,UP1aAvgYxLA,1992613,90年代流行曲,年代未核實,國語,,unknown
era-unverified,POP-955,年代未核實,可惜了,HVOfLZcKjGo,1914287,90年代流行曲,年代未核實,國語,,unknown
era-unverified,POP-956,年代未核實,這樣愛你對不對,wdU8CRJshEc,1877212,90年代流行曲,年代未核實,粵語,,unknown
era-unverified,POP-957,年代未核實,夜照亮了夜,qSVz9AGQQsU,1852354,90年代流行曲,年代未核實,國語,,unknown
era-unverified,POP-958,年代未核實,有一點動心,Olz_rxNu-Js,1712945,90年代流行曲,年代未核實,粵語,,unknown
era-unverified,POP-959,年代未核實,時間都去哪兒了,6LDZ8WuLvnA,1666909,90年代流行曲,年代未核實,粵語,,unknown
era-unverified,POP-960,年代未核實,我不知道,mYHYo-zdIqQ,1630787,90年代流行曲,年代未核實,國語,,unknown
era-unverified,POP-961,年代未核實,從前,-mf4w6l3-TY,1627394,90年代流行曲,年代未核實,國語,,unknown
era-unverified,POP-962,年代未核實,敵不過想念,w19NRTz-g1g,1559248,90年代流行曲,年代未核實,國語,,unknown
era-unverified,POP-963,年代未核實,不換,3bebpmTryak,1535055,90年代流行曲,年代未核實,國語,,unknown
era-unverified,POP-964,年代未核實,一天到晚游泳的魚,w3p167DKkNw,1505885,90年代流行曲,年代未核實,粵語,,unknown
era-unverified,POP-965,年代未核實,路人甲,QyECO8ti-b8,1439481,90年代流行曲,年代未核實,國語,,unknown
era-unverified,POP-966,年代未核實,不是每個戀曲都有美好回憶,UAmjOHiye1s,1428157,90年代流行曲,年代未核實,粵語,,unknown
era-unverified,POP-967,年代未核實,繼續轉動,1rSjGYhaM8k,1395561,90年代流行曲,年代未核實,國語,,unknown
era-unverified,POP-968,年代未核實,知己,8k8xMxLTT94,1394145,90年代流行曲,年代未核實,粵語,,unknown
era-unverified,POP-969,年代未核實,永恆的印記,h_0cS0CJY_0,1331596,90年代流行曲,年代未核實,粵語,,unknown
era-unverified,POP-970,年代未核實,是否真的愛我,Mg57nRRf4Vo,1323912,90年代流行曲,年代未核實,粵語,,unknown
era-unverified,POP-971,年代未核實,愛你的只有一個我,6Ykwgy10H5Y,1287940,90年代流行曲,年代未核實,國語,,unknown
era-unverified,POP-972,年代未核實,大海,ufHOR9N8dkk,1239653,90年代流行曲,年代未核實,粵語,,unknown
era-unverified,POP-973,年代未核實,英勇勳章,qpKvcmCAplA,1222199,90年代流行曲,年代未核實,粵語,,unknown
era-unverified,POP-974,年代未核實,我依然是你的情人,dJmhW2k7nsM,1216731,90年代流行曲,年代未核實,粵語,,unknown
era-unverified,POP-975,年代未核實,命中注定,EsT5m1mjChY,1130962,90年代流行曲,年代未核實,粵語,,unknown
era-unverified,POP-976,年代未核實,一夜情,Zlj1UilurwY,1129744,90年代流行曲,年代未核實,國語,,unknown
era-unverified,POP-977,年代未核實,回不去了,clJsnBoVQDA,1111344,90年代流行曲,年代未核實,粵語,,unknown
era-unverified,POP-978,年代未核實,最遠的身邊,pBfL0uPq_P8,1085609,90年代流行曲,年代未核實,國語,,unknown
era-unverified,POP-979,年代未核實,催眠,fmdyzjeRq14,1029660,90年代流行曲,年代未核實,粵語,,unknown
era-unverified,POP-980,年代未核實,墮落天使,eRulaJ_5YLM,954692,90年代流行曲,年代未核實,粵語,,unknown
era-unverified,POP-981,年代未核實,掉了,EtJ1xX0qJIM,949853,90年代流行曲,年代未核實,國語,,unknown
era-unverified,POP-982,年代未核實,外套,n0dLHlSLF2Y,904515,90年代流行曲,年代未核實,國語,,unknown
era-unverified,POP-983,年代未核實,狠不下心,BYLxEudW7ls,866003,90年代流行曲,年代未核實,國語,,unknown
era-unverified,POP-984,年代未核實,哭過的天空,Zt9R71jilEM,838914,90年代流行曲,年代未核實,國語,,unknown
era-unverified,POP-985,年代未核實,走樣,AmbrP8krbFg,838840,90年代流行曲,年代未核實,粵語,,unknown
era-unverified,POP-986,年代未核實,百年孤寂,upkaTcir1m8,815585,90年代流行曲,年代未核實,粵語,,unknown
era-unverified,POP-987,年代未核實,五月的雪,pYkYeHRGgRU,802101,90年代流行曲,年代未核實,粵語,,unknown
era-unverified,POP-988,年代未核實,沒有妳在愛不像愛,mqnctLQc60k,794992,90年代流行曲,年代未核實,國語,,unknown
era-unverified,POP-989,年代未核實,鋒味,lHVWejwibZ8,779693,90年代流行曲,年代未核實,粵語,,unknown
era-unverified,POP-990,年代未核實,錯過你錯過愛,8Fl2HhOKIKA,772926,90年代流行曲,年代未核實,粵語,,unknown
era-unverified,POP-991,年代未核實,那夜,3uPA_H0tHpY,744523,90年代流行曲,年代未核實,國語,,unknown
era-unverified,POP-992,年代未核實,好不容易遇見愛,AQNkirnW5T8,737310,90年代流行曲,年代未核實,粵語,,unknown
era-unverified,POP-993,年代未核實,詩人的眼淚,5y0ejWscT9E,731081,90年代流行曲,年代未核實,粵語,,unknown
era-unverified,POP-994,年代未核實,受困思念,hNqNdo7nViI,713404,90年代流行曲,年代未核實,粵語,,unknown
era-unverified,POP-995,年代未核實,白鷺鷥,kmWtm2yAsqQ,700492,90年代流行曲,年代未核實,粵語,,unknown
era-unverified,POP-996,年代未核實,淚光閃閃,9JE9JkeBiIU,669998,90年代流行曲,年代未核實,國語,,unknown
era-unverified,POP-997,年代未核實,無別,0CBNC8h0EMA,663882,90年代流行曲,年代未核實,粵語,,unknown
era-unverified,POP-998,年代未核實,無名的情歌,laCb-3FS2g0,651365,90年代流行曲,年代未核實,國語,,unknown
era-unverified,POP-999,年代未核實,境外,3BRaBBhOp7w,631949,90年代流行曲,年代未核實,粵語,,unknown
era-unverified,POP-1000,年代未核實,遊戲人間,Xv5tdG8kiCo,618723,90年代流行曲,年代未核實,粵語,,unknown
era-unverified,POP-1001,年代未核實,无情的情书,pyabsRhdTek,615736,90年代流行曲,年代未核實,國語,,unknown
era-unverified,POP-1002,年代未核實,天下大亂,EQILszh198g,615622,90年代流行曲,年代未核實,國語,,unknown
era-unverified,POP-1003,年代未核實,我若不曾愛過你,YThiRL6Vm_c,591165,90年代流行曲,年代未核實,國語,,unknown
era-unverified,POP-1004,年代未核實,不在乎他,ZC-P_oP4Pbg,549600,90年代流行曲,年代未核實,國語,,unknown
era-unverified,POP-1005,年代未核實,除了愛你還能愛誰,nduDVxaT_gM,529275,90年代流行曲,年代未核實,國語,,unknown
era-unverified,POP-1006,年代未核實,這世的名字,6LmFPk-FJQU,527091,90年代流行曲,年代未核實,粵語,,unknown
era-unverified,POP-1007,年代未核實,屬於我們的故事,BAUSVk-GcN4,509893,90年代流行曲,年代未核實,粵語,,unknown
era-unverified,POP-1008,年代未核實,Fancy,eJ55qdo1LPY,508700,90年代流行曲,年代未核實,粵語,,unknown
era-unverified,POP-1009,年代未核實,只想遇到一個人,fVpgNCIygpI,504836,90年代流行曲,年代未核實,粵語,,unknown
era-unverified,POP-1010,年代未核實,改變所有的錯,YmyoKG85fJU,501090,90年代流行曲,年代未核實,國語,,unknown
era-unverified,POP-1011,年代未核實,愛情,Ygr1OOh8hvI,6712971,90年代流行曲,年代未核實,國語,,unknown
era-unverified,POP-1012,年代未核實,第九夜,UtnntcDrR6E,4185238,90年代流行曲,年代未核實,粵語,,unknown
era-unverified,POP-1013,年代未核實,哈你歌,372NmpUeDG8,2413716,90年代流行曲,年代未核實,國語,,unknown
era-unverified,POP-1014,年代未核實,曲終人散,OfpWrDHPAcA,52998580,90年代流行曲,年代未核實,粵語,,unknown
era-unverified,POP-1015,年代未核實,我很好騙,3HsIaWuNeX0,43119101,90年代流行曲,年代未核實,粵語,,unknown
verified-era,POP-1016,90年代流行曲,口是心非,QAmsnJQEb20,35347407,90年代流行曲,90年代流行曲,國語,1997,video-id-match
verified-era,POP-1017,90年代流行曲,月亮惹的禍,1YJ8wSH6HBU,29487582,90年代流行曲,90年代流行曲,粵語,1998,title-match
era-unverified,POP-1018,年代未核實,如果我們不曾相遇,eZMH6Mo0f9A,46285736,90年代流行曲,年代未核實,國語,,unknown
era-unverified,POP-1019,年代未核實,給你們,0OSXMi9_WBQ,28201530,90年代流行曲,年代未核實,粵語,,unknown
era-unverified,POP-1020,年代未核實,雙手插口袋,BE2oPBr76Ck,16832713,90年代流行曲,年代未核實,國語,,unknown
era-unverified,POP-1021,年代未核實,自由,_dsyAjwf620,9059958,90年代流行曲,年代未核實,國語,,unknown
era-unverified,POP-1022,年代未核實,單身情歌,QOPTkoK0MXI,88692838,90年代流行曲,年代未核實,粵語,,unknown
era-unverified,POP-1023,年代未核實,原來你什麼都不要,xrUyk79DLbg,48387060,90年代流行曲,年代未核實,國語,,unknown
verified-era,POP-1024,90年代流行曲,新不了情,Dw-R85AcN_w,30280994,90年代流行曲,90年代流行曲,國語,1993,title-match
era-unverified,POP-1025,年代未核實,你看你看月亮的臉,yYwn8k502qY,27460636,90年代流行曲,年代未核實,粵語,,unknown
verified-era,POP-1026,90年代流行曲,用心良苦,JdDPVmfETy8,13927601,90年代流行曲,90年代流行曲,粵語,1999,video-id-match
era-unverified,POP-1027,年代未核實,檸檬樹,HfdEk5RbzrA,6139595,90年代流行曲,年代未核實,國語,,unknown
verified-era,POP-1028,80年代流行曲,我的未來不是夢,LjuFpidhiLo,5941209,90年代流行曲,80年代流行曲,粵語,1988,title-match
verified-era,POP-1029,90年代流行曲,愛如潮水,FrDFcxwUmQk,4979670,90年代流行曲,90年代流行曲,國語,1993,title-match
era-unverified,POP-1030,年代未核實,我悄悄蒙上你的眼睛,PqW1TGzdpn4,3152005,90年代流行曲,年代未核實,粵語,,unknown
era-unverified,POP-1031,年代未核實,冬季到台北來看雨,Fq-xYsj7kyw,2753949,90年代流行曲,年代未核實,粵語,,unknown
era-unverified,POP-1032,年代未核實,蒙娜麗莎的眼淚,iFiLf9TDVeU,2398045,90年代流行曲,年代未核實,國語,,unknown
era-unverified,POP-1033,年代未核實,最浪漫的事,Pwmc2ja3bEA,2164068,90年代流行曲,年代未核實,國語,,unknown
era-unverified,POP-1034,年代未核實,戀愛症候群,1zC5nPNWxBI,1627738,90年代流行曲,年代未核實,國語,,unknown
era-unverified,POP-1035,年代未核實,風中有朵雨做的雲,huHJE5ZXQ5Y,1229344,90年代流行曲,年代未核實,粵語,,unknown
era-unverified,POP-1036,年代未核實,千年等一回,NKPjVgTt48Q,1163870,90年代流行曲,年代未核實,粵語,,unknown
era-unverified,POP-1037,年代未核實,無情的情書,0BNu4osFpF0,916505,90年代流行曲,年代未核實,國語,,unknown
era-unverified,POP-1038,年代未核實,派對動物,Fn7NLWHJw4s,87895802,90年代流行曲,年代未核實,國語,,unknown
verified-era,POP-1039,90年代流行曲,過火,SrD36rogSjc,52959071,90年代流行曲,90年代流行曲,粵語,1995,video-id-match
era-unverified,POP-1040,年代未核實,有沒有一首歌會讓你想起我,p9lNpWa4OXU,32089684,90年代流行曲,年代未核實,國語,,unknown
era-unverified,POP-1041,年代未核實,溫柔,mtAc_bMYBsM,29434398,90年代流行曲,年代未核實,國語,,unknown
era-unverified,POP-1042,年代未核實,突然好想你,GtDRcXtDg-4,28969440,90年代流行曲,年代未核實,國語,,unknown
era-unverified,POP-1043,年代未核實,小薇,0mJVGdaGz6c,22693292,90年代流行曲,年代未核實,國語,,unknown
era-unverified,POP-1044,年代未核實,無條件,jzGaS5kWj0U,21547193,90年代流行曲,年代未核實,粵語,,unknown
era-unverified,POP-1045,年代未核實,其實不想走,JelK9gLVMVM,21277260,90年代流行曲,年代未核實,國語,,unknown
era-unverified,POP-1046,年代未核實,水手,P1JUS4emI2s,21117427,90年代流行曲,年代未核實,粵語,,unknown
era-unverified,POP-1047,年代未核實,你不是真正的快樂,hr8jWDyb1jg,21040798,90年代流行曲,年代未核實,國語,,unknown
era-unverified,POP-1048,年代未核實,勇敢,3wrto8oJu5A,19513356,90年代流行曲,年代未核實,國語,,unknown
era-unverified,POP-1049,年代未核實,忽然之間,h1tNw1aFzSM,18042033,90年代流行曲,年代未核實,國語,,unknown
era-unverified,POP-1050,年代未核實,孤單北半球,_C-MwjH6laM,17463814,90年代流行曲,年代未核實,國語,,unknown
era-unverified,POP-1051,年代未核實,志明與春嬌,5VUUGZ1-nlY,16773895,90年代流行曲,年代未核實,國語,,unknown
era-unverified,POP-1052,年代未核實,当,XQl8NJceqjY,16563975,90年代流行曲,年代未核實,粵語,,unknown
era-unverified,POP-1053,年代未核實,領悟,RhfUGpEp9to,16519171,90年代流行曲,年代未核實,國語,,unknown
era-unverified,POP-1054,年代未核實,聽海,aH_x4i6UdNY,16318104,90年代流行曲,年代未核實,粵語,,unknown
era-unverified,POP-1055,年代未核實,世界第一等,jPu3u8kfxCw,14904804,90年代流行曲,年代未核實,國語,,unknown
era-unverified,POP-1056,年代未核實,怎麼辦,sCHoPgrnytE,13849008,90年代流行曲,年代未核實,粵語,,unknown
era-unverified,POP-1057,年代未核實,洗衣機,BfwbO0f1R8o,13794912,90年代流行曲,年代未核實,國語,,unknown
era-unverified,POP-1058,年代未核實,情非得已,CS-oP-XAzmU,13662435,90年代流行曲,年代未核實,粵語,,unknown
era-unverified,POP-1059,年代未核實,諾言,9ksyHEWvtUo,13591898,90年代流行曲,年代未核實,粵語,,unknown
era-unverified,POP-1060,年代未核實,楊培安,xl7enIAM4Go,12956308,90年代流行曲,年代未核實,粵語,,unknown
era-unverified,POP-1061,年代未核實,人間,US54FpncMz4,11495797,90年代流行曲,年代未核實,粵語,,unknown
era-unverified,POP-1062,年代未核實,誰來剪月光,n6VP0Wm3EMo,11008250,90年代流行曲,年代未核實,粵語,,unknown
era-unverified,POP-1063,年代未核實,沙龍,fo4zyjWTaUc,10893807,90年代流行曲,年代未核實,粵語,,unknown
era-unverified,POP-1064,年代未核實,孤枕難眠,2IlOSCuLVtE,10753367,90年代流行曲,年代未核實,國語,,unknown
era-unverified,POP-1065,年代未核實,雨蝶,LcrKHcAhVTg,10640328,90年代流行曲,年代未核實,粵語,,unknown
era-unverified,POP-1066,年代未核實,彩虹,fYrBo8XEssE,10305857,90年代流行曲,年代未核實,國語,,unknown
era-unverified,POP-1067,年代未核實,必殺技,dTSQZRFaNTI,10000450,90年代流行曲,年代未核實,粵語,,unknown
era-unverified,POP-1068,年代未核實,剪愛,ZH9k3643BH8,8740466,90年代流行曲,年代未核實,國語,,unknown
era-unverified,POP-1069,年代未核實,哭不出來,TN4zgS5gEzw,8683214,90年代流行曲,年代未核實,國語,,unknown
verified-era,POP-1070,00後流行曲,可惜我是水瓶座,Fz0erNNpTGQ,8338472,90年代流行曲,00後流行曲,粵語,2003,title-match
era-unverified,POP-1071,年代未核實,艾琳娜,miZmIfMn5-U,8156373,90年代流行曲,年代未核實,國語,,unknown
era-unverified,POP-1072,年代未核實,夜訪吸血鬼,03-ge__OaIU,7781607,90年代流行曲,年代未核實,國語,,unknown
era-unverified,POP-1073,年代未核實,微風細雨,0D_bLMCourw,7773716,90年代流行曲,年代未核實,粵語,,unknown
era-unverified,POP-1074,年代未核實,壞的好人,CjmkeLlJokY,7027378,90年代流行曲,年代未核實,國語,,unknown
era-unverified,POP-1075,年代未核實,太委屈,gKu8G6av7Ac,7012663,90年代流行曲,年代未核實,國語,,unknown
era-unverified,POP-1076,年代未核實,戀上另一個人,hMQQwevozfw,6856809,90年代流行曲,年代未核實,粵語,,unknown
era-unverified,POP-1077,年代未核實,我曾用心愛著你,xb5J0PKadJI,6535252,90年代流行曲,年代未核實,粵語,,unknown
era-unverified,POP-1078,年代未核實,十個男人,ickj4DT5S3U,6466434,90年代流行曲,年代未核實,粵語,,unknown
era-unverified,POP-1079,年代未核實,真實,gA0TCcCtos8,6351089,90年代流行曲,年代未核實,國語,,unknown
era-unverified,POP-1080,年代未核實,萍聚,h8zxA5xtKS0,6339206,90年代流行曲,年代未核實,粵語,,unknown
era-unverified,POP-1081,年代未核實,永遠不回頭,F4QTCdLvE4k,6131654,90年代流行曲,年代未核實,粵語,,unknown
era-unverified,POP-1082,年代未核實,雪人,2B7U5WkhOiE,6086329,90年代流行曲,年代未核實,國語,,unknown
era-unverified,POP-1083,年代未核實,解脫,jUMdoUV7VL4,6033429,90年代流行曲,年代未核實,國語,,unknown
era-unverified,POP-1084,年代未核實,愛我的人和我愛的人,mqXmvmtICOc,6014793,90年代流行曲,年代未核實,粵語,,unknown
era-unverified,POP-1085,年代未核實,莫忘初衷,GXCqD01A8Ak,5866162,90年代流行曲,年代未核實,國語,,unknown
era-unverified,POP-1086,年代未核實,盛夏的果實,N2d9vPacdmw,5823919,90年代流行曲,年代未核實,國語,,unknown
era-unverified,POP-1087,年代未核實,小宇,6bi587lgWhM,5789648,90年代流行曲,年代未核實,國語,,unknown
era-unverified,POP-1088,年代未核實,讓每個人都心碎,H_MWLl44a7w,5734283,90年代流行曲,年代未核實,國語,,unknown
era-unverified,POP-1089,年代未核實,七情六慾,8x-xdQMnwSc,5317221,90年代流行曲,年代未核實,粵語,,unknown
era-unverified,POP-1090,年代未核實,鴨子,d2T_Vy29fF0,5266660,90年代流行曲,年代未核實,國語,,unknown
era-unverified,POP-1091,年代未核實,返去故鄉,QvE5BQSYAPs,5220258,90年代流行曲,年代未核實,國語,,unknown
era-unverified,POP-1092,年代未核實,沒離開過,7G8SeUL6O4c,5159780,90年代流行曲,年代未核實,粵語,,unknown
era-unverified,POP-1093,年代未核實,衝動,sDSg-dL8Mds,5099703,90年代流行曲,年代未核實,國語,,unknown
era-unverified,POP-1094,年代未核實,相見太晚,rLzcwDhTKtU,5015902,90年代流行曲,年代未核實,國語,,unknown
era-unverified,POP-1095,年代未核實,孟婆湯,CkH-0dU3AJ4,4444143,90年代流行曲,年代未核實,粵語,,unknown
era-unverified,POP-1096,年代未核實,女人心事,B_zWdEFKNmQ,4379446,90年代流行曲,年代未核實,粵語,,unknown
era-unverified,POP-1097,年代未核實,那就這樣吧,vWPw5lJ80uE,4322350,90年代流行曲,年代未核實,粵語,,unknown
era-unverified,POP-1098,年代未核實,愛情的模樣,8Zr6QKytnmU,4237747,90年代流行曲,年代未核實,國語,,unknown
era-unverified,POP-1099,年代未核實,真真假假,gLm1v2YOKVw,4183335,90年代流行曲,年代未核實,粵語,,unknown
era-unverified,POP-1100,年代未核實,心有獨鍾,s5qC6x_5UuQ,4179231,90年代流行曲,年代未核實,粵語,,unknown
era-unverified,POP-1101,年代未核實,三天三夜,NFHb0OwmE-0,4136293,90年代流行曲,年代未核實,國語,,unknown
era-unverified,POP-1102,年代未核實,上上籤,hvaEs-HRnAk,4083080,90年代流行曲,年代未核實,國語,,unknown
era-unverified,POP-1103,年代未核實,海浪,FgimJ9M63Uo,4065030,90年代流行曲,年代未核實,國語,,unknown
era-unverified,POP-1104,年代未核實,你的樣子,tqolealpkXg,3962143,90年代流行曲,年代未核實,粵語,,unknown
era-unverified,POP-1105,年代未核實,跟自己合唱,iRMiHHC_kjI,3657340,90年代流行曲,年代未核實,國語,,unknown
era-unverified,POP-1106,年代未核實,氧氣,oS5740MN4t0,3643196,90年代流行曲,年代未核實,國語,,unknown
era-unverified,POP-1107,年代未核實,難唸的經,93OZm8Z2S8o,3541836,90年代流行曲,年代未核實,粵語,,unknown
verified-era,POP-1108,00後流行曲,人質,K5rjNK_De-I,3436656,90年代流行曲,00後流行曲,國語,2006,manual-title
era-unverified,POP-1109,年代未核實,如果可以再見你,B-wgofRsmSY,3424807,90年代流行曲,年代未核實,粵語,,unknown
era-unverified,POP-1110,年代未核實,愈夜愈有機,egj-Ar5VeD0,3357698,90年代流行曲,年代未核實,粵語,,unknown
era-unverified,POP-1111,年代未核實,風中的承諾,L_p7xyg2tTI,3194311,90年代流行曲,年代未核實,粵語,,unknown
era-unverified,POP-1112,年代未核實,過完冬季,gKwq1hzxYcY,3031666,90年代流行曲,年代未核實,粵語,,unknown
era-unverified,POP-1113,年代未核實,洋蔥,kS3XTd7X40A,3014694,90年代流行曲,年代未核實,國語,,unknown
verified-era,POP-1114,80年代流行曲,夢醒時分,HenAli59n6A,3006816,90年代流行曲,80年代流行曲,國語,1989,title-match
era-unverified,POP-1115,年代未核實,就說給我聽,p_6BZ2Esj3I,2975386,90年代流行曲,年代未核實,國語,,unknown
era-unverified,POP-1116,年代未核實,藍天,3vCwXkvZVl8,2963526,90年代流行曲,年代未核實,國語,,unknown
era-unverified,POP-1117,年代未核實,就值得了愛,ibG92StQm-U,2952925,90年代流行曲,年代未核實,國語,,unknown
era-unverified,POP-1118,年代未核實,如煙,uzVdsZbYibQ,2944544,90年代流行曲,年代未核實,國語,,unknown
era-unverified,POP-1119,年代未核實,大國民,9Lv394CKRZE,2937769,90年代流行曲,年代未核實,粵語,,unknown
era-unverified,POP-1120,年代未核實,認識你真好,LrD6pI3-IZM,2888505,90年代流行曲,年代未核實,粵語,,unknown
era-unverified,POP-1121,年代未核實,戒斷,lPnDKOKVECI,2866302,90年代流行曲,年代未核實,國語,,unknown
era-unverified,POP-1122,年代未核實,對峙,ffV6pfErPxg,2865667,90年代流行曲,年代未核實,粵語,,unknown
era-unverified,POP-1123,年代未核實,男人的好,RhqEOPDqaOw,2851995,90年代流行曲,年代未核實,粵語,,unknown
verified-era,POP-1124,90年代流行曲,追夢人,87aii3_lXX0,2846820,90年代流行曲,90年代流行曲,粵語,1991,title-match
era-unverified,POP-1125,年代未核實,最後一次,QchydtVN-xo,2833576,90年代流行曲,年代未核實,粵語,,unknown
era-unverified,POP-1126,年代未核實,心肝寶貝,cBDyHSwjyuE,2817509,90年代流行曲,年代未核實,粵語,,unknown
era-unverified,POP-1127,年代未核實,勇氣,FgVQFVhk2pY,2806263,90年代流行曲,年代未核實,國語,,unknown
era-unverified,POP-1128,年代未核實,我一個人住,VkkrsRJ-RrE,2763975,90年代流行曲,年代未核實,國語,,unknown
era-unverified,POP-1129,年代未核實,關不掉的月光,7fca-cRJJck,2740298,90年代流行曲,年代未核實,國語,,unknown
era-unverified,POP-1130,年代未核實,走慢一點點,qgCIVimyWq8,2693152,90年代流行曲,年代未核實,國語,,unknown
era-unverified,POP-1131,年代未核實,黃色月亮,9LyLjifazEs,2619266,90年代流行曲,年代未核實,國語,,unknown
era-unverified,POP-1132,年代未核實,千金難買,CCmXC3LgUGs,2614879,90年代流行曲,年代未核實,粵語,,unknown
era-unverified,POP-1133,年代未核實,信仰,QoPxzsqGodk,2585049,90年代流行曲,年代未核實,粵語,,unknown
era-unverified,POP-1134,年代未核實,鎮守愛情,888aqfkWjrA,2577027,90年代流行曲,年代未核實,國語,,unknown
era-unverified,POP-1135,年代未核實,在路上,AjaHWJl6EC8,2510786,90年代流行曲,年代未核實,國語,,unknown
era-unverified,POP-1136,年代未核實,真情人,Z7E4lFVVdz0,2507175,90年代流行曲,年代未核實,粵語,,unknown
era-unverified,POP-1137,年代未核實,千里之外,430XYwg96Nw,2504654,90年代流行曲,年代未核實,粵語,,unknown
era-unverified,POP-1138,年代未核實,消失的光陰,EC1TMq5cuDY,2499862,90年代流行曲,年代未核實,粵語,,unknown
era-unverified,POP-1139,年代未核實,少年,qFlS5U1d9pQ,2487133,90年代流行曲,年代未核實,國語,,unknown
era-unverified,POP-1140,年代未核實,周傳雄,XL1EV--sf7M,2463408,90年代流行曲,年代未核實,粵語,,unknown
era-unverified,POP-1141,年代未核實,一眼瞬間,Egrpx5g0UgI,2430705,90年代流行曲,年代未核實,國語,,unknown
era-unverified,POP-1142,年代未核實,你悄悄矇上我的眼睛,Zjhk-7n6tlI,2392835,90年代流行曲,年代未核實,粵語,,unknown
era-unverified,POP-1143,年代未核實,我期待,oEj25I81cBQ,2348467,90年代流行曲,年代未核實,粵語,,unknown
era-unverified,POP-1144,年代未核實,說不出口,mgEbV61kUKY,2288626,90年代流行曲,年代未核實,國語,,unknown
era-unverified,POP-1145,年代未核實,我沒有醉,9YJUR_ns_qg,2288383,90年代流行曲,年代未核實,粵語,,unknown
era-unverified,POP-1146,年代未核實,白月光,Q_cAU3i-JRY,2269947,90年代流行曲,年代未核實,粵語,,unknown
era-unverified,POP-1147,年代未核實,遊樂場,lv7WMpjoIGs,2250480,90年代流行曲,年代未核實,粵語,,unknown
era-unverified,POP-1148,年代未核實,很難,fJTtB8oa4VI,2182493,90年代流行曲,年代未核實,國語,,unknown
era-unverified,POP-1149,年代未核實,漂浪,ouK4gL8xUyU,2172655,90年代流行曲,年代未核實,國語,,unknown
era-unverified,POP-1150,年代未核實,鳳凰花開的路口,y9OkB1m6BYY,2133260,90年代流行曲,年代未核實,粵語,,unknown
era-unverified,POP-1151,年代未核實,这叫冷门？,ibRt2PS2IkQ,2119032,90年代流行曲,年代未核實,國語,,unknown
era-unverified,POP-1152,年代未核實,試著了解,yQIo7beRZjg,2090398,90年代流行曲,年代未核實,國語,,unknown
era-unverified,POP-1153,年代未核實,就懂了,SB--yOC2xg8,2089522,90年代流行曲,年代未核實,粵語,,unknown
era-unverified,POP-1154,年代未核實,一開始就沒退路,vVpEidGfKBo,2087821,90年代流行曲,年代未核實,國語,,unknown
era-unverified,POP-1155,年代未核實,媽媽的眼睛,6euKvexyyyM,2061508,90年代流行曲,年代未核實,國語,,unknown
era-unverified,POP-1156,年代未核實,不甘心不放手,b50aIW5_XMA,2045454,90年代流行曲,年代未核實,國語,,unknown
era-unverified,POP-1157,年代未核實,嗯嘛,q4O_PovGTzo,2024687,90年代流行曲,年代未核實,國語,,unknown
era-unverified,POP-1158,年代未核實,誰的眼淚在飛,lj_4e-YC2lg,2003113,90年代流行曲,年代未核實,粵語,,unknown
era-unverified,POP-1159,年代未核實,愛都愛了,XnR26dgVEiA,1990558,90年代流行曲,年代未核實,粵語,,unknown
era-unverified,POP-1160,年代未核實,愛一回傷一回,vjj5etlANg0,1922373,90年代流行曲,年代未核實,粵語,,unknown
era-unverified,POP-1161,年代未核實,心情車站,zlMfsqTImys,1916069,90年代流行曲,年代未核實,國語,,unknown
era-unverified,POP-1162,年代未核實,看看,Z-J7GVKYUBE,1869096,90年代流行曲,年代未核實,國語,,unknown
era-unverified,POP-1163,年代未核實,如果没有你,Bavm5rVW5_I,1852115,90年代流行曲,年代未核實,國語,,unknown
era-unverified,POP-1164,年代未核實,你的甜蜜,zGgwjBtwS4U,1827092,90年代流行曲,年代未核實,國語,,unknown
era-unverified,POP-1165,年代未核實,昨遲人,5Ss7eU-v97A,1808686,90年代流行曲,年代未核實,粵語,,unknown
era-unverified,POP-1166,年代未核實,眼淚,figbp9tfyl4,1800946,90年代流行曲,年代未核實,國語,,unknown
era-unverified,POP-1167,年代未核實,苏州河边,a7KrV__KAnk,1795301,90年代流行曲,年代未核實,國語,,unknown
era-unverified,POP-1168,年代未核實,下沙,BgmT2siQ23s,1787632,90年代流行曲,年代未核實,粵語,,unknown
era-unverified,POP-1169,年代未核實,你現在還好嗎,RAzF0Sb8_TU,1764002,90年代流行曲,年代未核實,國語,,unknown
era-unverified,POP-1170,年代未核實,我要給你,hO2iUg4m8kc,1759625,90年代流行曲,年代未核實,國語,,unknown
era-unverified,POP-1171,年代未核實,在凌晨,ZPIfEUSz-fc,1758166,90年代流行曲,年代未核實,國語,,unknown
era-unverified,POP-1172,年代未核實,相思風雨中,lUU4W1wEFRw,1752444,90年代流行曲,年代未核實,粵語,,unknown
era-unverified,POP-1173,年代未核實,暗示,FzAe9bOHEi8,1748773,90年代流行曲,年代未核實,粵語,,unknown
era-unverified,POP-1174,年代未核實,消息,UuM_bnQ5AJM,1723193,90年代流行曲,年代未核實,粵語,,unknown
era-unverified,POP-1175,年代未核實,小星星,Uq4qAPxrxDM,1716900,90年代流行曲,年代未核實,國語,,unknown
era-unverified,POP-1176,年代未核實,我到底是怕你什麼,EsckX_leksY,1631630,90年代流行曲,年代未核實,國語,,unknown
era-unverified,POP-1177,年代未核實,大女人,kAt5ZoZHRKg,1605809,90年代流行曲,年代未核實,粵語,,unknown
era-unverified,POP-1178,年代未核實,我要快樂,a-i_UJDP1dE,1601670,90年代流行曲,年代未核實,國語,,unknown
era-unverified,POP-1179,年代未核實,我家門前有大海,syLX_P06MPg,1594408,90年代流行曲,年代未核實,國語,,unknown
era-unverified,POP-1180,年代未核實,樓仔厝,8ni_lEqrLX4,1578492,90年代流行曲,年代未核實,國語,,unknown
era-unverified,POP-1181,年代未核實,樓下那個女人,wJTfKv4SAQE,1561935,90年代流行曲,年代未核實,粵語,,unknown
era-unverified,POP-1182,年代未核實,讓我一次愛個夠,XSq8nZy5caQ,1550859,90年代流行曲,年代未核實,國語,,unknown
era-unverified,POP-1183,年代未核實,就讓這首歌,hZMo-1E_z0w,1528279,90年代流行曲,年代未核實,國語,,unknown
era-unverified,POP-1184,年代未核實,不知所措,B0eDDZ43Fug,1527160,90年代流行曲,年代未核實,粵語,,unknown
era-unverified,POP-1185,年代未核實,四百龍銀,C4_uJmH9hmc,1504966,90年代流行曲,年代未核實,粵語,,unknown
era-unverified,POP-1186,年代未核實,離開我,Un0N9D4ZZew,1475210,90年代流行曲,年代未核實,國語,,unknown
era-unverified,POP-1187,年代未核實,釘子花,3MHVNxd130E,1456441,90年代流行曲,年代未核實,國語,,unknown
era-unverified,POP-1188,年代未核實,嫌棄,KfmqvBJwoCU,1456057,90年代流行曲,年代未核實,粵語,,unknown
era-unverified,POP-1189,年代未核實,我們盡力了,GPQgEIc-oh0,1455620,90年代流行曲,年代未核實,國語,,unknown
era-unverified,POP-1190,年代未核實,愛上夏天,f9DAg7bo6Lw,1433890,90年代流行曲,年代未核實,國語,,unknown
era-unverified,POP-1191,年代未核實,你的男人,f5ogUi8p4wQ,1426272,90年代流行曲,年代未核實,粵語,,unknown
era-unverified,POP-1192,年代未核實,無字的情批,tatY0dK607w,1405969,90年代流行曲,年代未核實,粵語,,unknown
era-unverified,POP-1193,年代未核實,今年夏天,EAtrgK6sQ74,1404618,90年代流行曲,年代未核實,粵語,,unknown
era-unverified,POP-1194,年代未核實,郵差,tFQHnnvLYjs,1392917,90年代流行曲,年代未核實,粵語,,unknown
era-unverified,POP-1195,年代未核實,往日情,qna0SwJtoU4,1376615,90年代流行曲,年代未核實,粵語,,unknown
era-unverified,POP-1196,年代未核實,不過少個人來愛,nh3fEFihhRU,1345950,90年代流行曲,年代未核實,粵語,,unknown
era-unverified,POP-1197,年代未核實,永遠的畫面,XMOaH_2N59I,1339316,90年代流行曲,年代未核實,國語,,unknown
era-unverified,POP-1198,年代未核實,失去,78uVsB0tucE,1325105,90年代流行曲,年代未核實,國語,,unknown
era-unverified,POP-1199,年代未核實,金榜冠軍,RacmK_MEEWY,1321318,90年代流行曲,年代未核實,粵語,,unknown
era-unverified,POP-1200,年代未核實,刻骨銘心,iM2DkI5a_FY,1284019,90年代流行曲,年代未核實,粵語,,unknown
era-unverified,POP-1201,年代未核實,快闪,yua34u-aF1M,1278228,90年代流行曲,年代未核實,國語,,unknown
era-unverified,POP-1202,年代未核實,繾綣星光下,8xNCZll9EFE,1263555,90年代流行曲,年代未核實,粵語,,unknown
era-unverified,POP-1203,年代未核實,想你啦,lSWX9f68FPo,1259486,90年代流行曲,年代未核實,粵語,,unknown
era-unverified,POP-1204,年代未核實,言不由衷,ER0tx2jrho8,1251812,90年代流行曲,年代未核實,粵語,,unknown
era-unverified,POP-1205,年代未核實,愛情鋼索,Gaui6Y0gbzg,1242653,90年代流行曲,年代未核實,國語,,unknown
era-unverified,POP-1206,年代未核實,是你是你是你,9lSYb0dbRCk,1241479,90年代流行曲,年代未核實,粵語,,unknown
era-unverified,POP-1207,年代未核實,我忘了我已老去,SYtf553WocU,1210135,90年代流行曲,年代未核實,粵語,,unknown
era-unverified,POP-1208,年代未核實,三月小雨,oACnaCYaFpE,1172043,90年代流行曲,年代未核實,國語,,unknown
era-unverified,POP-1209,年代未核實,一起衝一起闖,k3XuxXuUONs,1152972,90年代流行曲,年代未核實,粵語,,unknown
era-unverified,POP-1210,年代未核實,就是喜歡你,0GRuxwFHzuI,1149708,90年代流行曲,年代未核實,國語,,unknown
era-unverified,POP-1211,年代未核實,還是朋友,D_sOjmhClBI,1149599,90年代流行曲,年代未核實,粵語,,unknown
era-unverified,POP-1212,年代未核實,長大後的事,AY1XWrFQOtA,1138327,90年代流行曲,年代未核實,粵語,,unknown
era-unverified,POP-1213,年代未核實,是愛,mgmwJMiWzsQ,1133225,90年代流行曲,年代未核實,粵語,,unknown
era-unverified,POP-1214,年代未核實,還剩下什麼,1JMFo_vPaKE,1131207,90年代流行曲,年代未核實,國語,,unknown
era-unverified,POP-1215,年代未核實,願賭服輸,xeU_kh8n8pU,1124561,90年代流行曲,年代未核實,粵語,,unknown
era-unverified,POP-1216,年代未核實,點亮,stRXc8LTXJw,1124303,90年代流行曲,年代未核實,粵語,,unknown
era-unverified,POP-1217,年代未核實,給我感覺,Dxp7Zj3LEvU,1096549,90年代流行曲,年代未核實,國語,,unknown
era-unverified,POP-1218,年代未核實,如風,1kX8iPC8Yvs,1085447,90年代流行曲,年代未核實,粵語,,unknown
era-unverified,POP-1219,年代未核實,地球很危險,AF8FlXv_J9I,1082461,90年代流行曲,年代未核實,粵語,,unknown
era-unverified,POP-1220,年代未核實,誰願放手,cTIWnwgz5F8,1075244,90年代流行曲,年代未核實,粵語,,unknown
verified-era,POP-1221,80年代流行曲,我的未来不是梦,0XD-6oNgT4w,1071737,90年代流行曲,80年代流行曲,國語,1988,title-match
era-unverified,POP-1222,年代未核實,讓我取暖,TZohgYDoGB8,1052886,90年代流行曲,年代未核實,國語,,unknown
era-unverified,POP-1223,年代未核實,想你的365天,k9Aev9KAiSQ,1007221,90年代流行曲,年代未核實,粵語,,unknown
era-unverified,POP-1224,年代未核實,主唱,p6XBpAs49aU,1004663,90年代流行曲,年代未核實,粵語,,unknown
era-unverified,POP-1225,年代未核實,帶我去月球,j0BXZvcI5IQ,982979,90年代流行曲,年代未核實,粵語,,unknown
era-unverified,POP-1226,年代未核實,聽你聽我,L8DyqVFH6Bo,979385,90年代流行曲,年代未核實,國語,,unknown
era-unverified,POP-1227,年代未核實,回心轉意,FG2Wx-UjBFw,978578,90年代流行曲,年代未核實,粵語,,unknown
era-unverified,POP-1228,年代未核實,認輸,mTmdrMDlWMs,973372,90年代流行曲,年代未核實,國語,,unknown
era-unverified,POP-1229,年代未核實,其實你心裡有沒有我,2zV18A-XL18,960366,90年代流行曲,年代未核實,粵語,,unknown
era-unverified,POP-1230,年代未核實,护花使者,ZEeEg8V9Vp8,950419,90年代流行曲,年代未核實,粵語,,unknown
era-unverified,POP-1231,年代未核實,時間之光,P9hvNYGeQbk,946175,90年代流行曲,年代未核實,粵語,,unknown
era-unverified,POP-1232,年代未核實,薩拉熱窩的羅密歐與茱麗葉,f6-G12LKXRw,940355,90年代流行曲,年代未核實,粵語,,unknown
era-unverified,POP-1233,年代未核實,心照,XTyJnJ1CV80,928438,90年代流行曲,年代未核實,粵語,,unknown
era-unverified,POP-1234,年代未核實,無聲,a7UlkC5kKjE,920577,90年代流行曲,年代未核實,粵語,,unknown
era-unverified,POP-1235,年代未核實,兩位一體,ccJU0_lRBQA,913552,90年代流行曲,年代未核實,粵語,,unknown
era-unverified,POP-1236,年代未核實,中職明星賽現場演唱,qjPEeBNnXfQ,905593,90年代流行曲,年代未核實,粵語,,unknown
era-unverified,POP-1237,年代未核實,不要說謊,RDgx4VEANBs,903831,90年代流行曲,年代未核實,粵語,,unknown
era-unverified,POP-1238,年代未核實,等愛降落,f2wiVabzsN8,899500,90年代流行曲,年代未核實,粵語,,unknown
era-unverified,POP-1239,年代未核實,想念你,t8To59TS24s,898784,90年代流行曲,年代未核實,國語,,unknown
era-unverified,POP-1240,年代未核實,愛得比較深,_a097-MXzBU,888793,90年代流行曲,年代未核實,粵語,,unknown
era-unverified,POP-1241,年代未核實,責任,zM7RNs5Deg0,878036,90年代流行曲,年代未核實,粵語,,unknown
era-unverified,POP-1242,年代未核實,雙城故事,YDUto-UOaeY,877801,90年代流行曲,年代未核實,國語,,unknown
era-unverified,POP-1243,年代未核實,感情線上,VGXKmWxhXOI,875721,90年代流行曲,年代未核實,粵語,,unknown
era-unverified,POP-1244,年代未核實,愛上你給的痛,kPB_eQg3RyI,869914,90年代流行曲,年代未核實,國語,,unknown
era-unverified,POP-1245,年代未核實,當我開始偷偷地想你,r4cYExeaHGk,861377,90年代流行曲,年代未核實,國語,,unknown
era-unverified,POP-1246,年代未核實,風光明媚,M6XUyGG_hcw,857832,90年代流行曲,年代未核實,國語,,unknown
era-unverified,POP-1247,年代未核實,梅雨季,RND2XzJEBR8,835122,90年代流行曲,年代未核實,國語,,unknown
era-unverified,POP-1248,年代未核實,偷心賊,jD6mbkJxhz0,826564,90年代流行曲,年代未核實,國語,,unknown
era-unverified,POP-1249,年代未核實,假如讓我說下去,n2cB8kHA7No,821151,90年代流行曲,年代未核實,粵語,,unknown
era-unverified,POP-1250,年代未核實,神雕俠侶,_k3hrT-40D8,820155,90年代流行曲,年代未核實,粵語,,unknown
era-unverified,POP-1251,年代未核實,煙花易冷,tyJNKxsEb7M,817491,90年代流行曲,年代未核實,粵語,,unknown
era-unverified,POP-1252,年代未核實,不會哭的人,u_yvYF1fCH4,806201,90年代流行曲,年代未核實,國語,,unknown
era-unverified,POP-1253,年代未核實,明天的明天的明天,_Huu99W44HE,801226,90年代流行曲,年代未核實,國語,,unknown
era-unverified,POP-1254,年代未核實,哭了,npbV7E2cEms,799395,90年代流行曲,年代未核實,國語,,unknown
era-unverified,POP-1255,年代未核實,曲终人散,WpZvXQeBxqY,796661,90年代流行曲,年代未核實,國語,,unknown
era-unverified,POP-1256,年代未核實,午夜前的十分鐘 23,bKiuU3EpbEY,793862,90年代流行曲,年代未核實,國語,,unknown
era-unverified,POP-1257,年代未核實,報告班長,1JApULYg-Mk,792701,90年代流行曲,年代未核實,粵語,,unknown
era-unverified,POP-1258,年代未核實,靠近,LWYL23kfMVA,791790,90年代流行曲,年代未核實,粵語,,unknown
era-unverified,POP-1259,年代未核實,高明駿,I13IOJ9zAX4,786297,90年代流行曲,年代未核實,粵語,,unknown
era-unverified,POP-1260,年代未核實,紙牌屋,b2Hwltnvw8w,783071,90年代流行曲,年代未核實,粵語,,unknown
era-unverified,POP-1261,年代未核實,每一次想你,6okmwBNJ0ls,780724,90年代流行曲,年代未核實,粵語,,unknown
era-unverified,POP-1262,年代未核實,情關,tY9Ql7PJSkA,770924,90年代流行曲,年代未核實,國語,,unknown
era-unverified,POP-1263,年代未核實,天堂,A4mnkBNGuf0,760841,90年代流行曲,年代未核實,國語,,unknown
era-unverified,POP-1264,年代未核實,孩子氣,wnacmpROGtU,759423,90年代流行曲,年代未核實,國語,,unknown
era-unverified,POP-1265,年代未核實,深情相擁,4hdzEwxzuuk,755542,90年代流行曲,年代未核實,粵語,,unknown
era-unverified,POP-1266,年代未核實,快樂與哀愁,18lznk-xXgU,754691,90年代流行曲,年代未核實,粵語,,unknown
era-unverified,POP-1267,年代未核實,思念是一种病,kcmh9AfAyiM,750060,90年代流行曲,年代未核實,粵語,,unknown
era-unverified,POP-1268,年代未核實,無路用的人,i5nuDFtGFoc,740944,90年代流行曲,年代未核實,國語,,unknown
era-unverified,POP-1269,年代未核實,单身情歌,PK48xH2pNwA,740085,90年代流行曲,年代未核實,國語,,unknown
verified-era,POP-1270,90年代流行曲,別怕我傷心,EGTlTEf_DxM,739988,90年代流行曲,90年代流行曲,粵語,1994,title-match
era-unverified,POP-1271,年代未核實,夢駝鈴,6RI0NaNnePc,737617,90年代流行曲,年代未核實,粵語,,unknown
era-unverified,POP-1272,年代未核實,追得過一切,zh1AKJBk3Lk,732963,90年代流行曲,年代未核實,國語,,unknown
era-unverified,POP-1273,年代未核實,十七歲的雨季,SlTytYEvp-4,727621,90年代流行曲,年代未核實,粵語,,unknown
era-unverified,POP-1274,年代未核實,長頭髮,MiiKZxcNdsg,725404,90年代流行曲,年代未核實,粵語,,unknown
era-unverified,POP-1275,年代未核實,讓愛情維持心跳,D57DbtGeNPc,723382,90年代流行曲,年代未核實,粵語,,unknown
era-unverified,POP-1276,年代未核實,情歸於盡,4R1NiZp2bVs,720574,90年代流行曲,年代未核實,粵語,,unknown
era-unverified,POP-1277,年代未核實,我們不要傷心了,IzZXredx5go,720070,90年代流行曲,年代未核實,國語,,unknown
era-unverified,POP-1278,年代未核實,诺言,tG15oz1qJu0,717471,90年代流行曲,年代未核實,粵語,,unknown
era-unverified,POP-1279,年代未核實,錯到底,JD6sSd2lozg,713295,90年代流行曲,年代未核實,國語,,unknown
era-unverified,POP-1280,年代未核實,下個雨季,JsjVKCciYSs,708197,90年代流行曲,年代未核實,國語,,unknown
era-unverified,POP-1281,年代未核實,陌生的夜,rD08wJsUA2w,692220,90年代流行曲,年代未核實,國語,,unknown
era-unverified,POP-1282,年代未核實,靠近一點,Z2LYWS_ogXI,691454,90年代流行曲,年代未核實,粵語,,unknown
era-unverified,POP-1283,年代未核實,步步,xFbzlu-E7kk,690748,90年代流行曲,年代未核實,國語,,unknown
era-unverified,POP-1284,年代未核實,美麗笨女人,SM9vWl_12GY,677531,90年代流行曲,年代未核實,粵語,,unknown
era-unverified,POP-1285,年代未核實,八公里,FuLxaAQU4FU,674129,90年代流行曲,年代未核實,粵語,,unknown
era-unverified,POP-1286,年代未核實,天之大,QfgeUw-vXIA,669610,90年代流行曲,年代未核實,粵語,,unknown
era-unverified,POP-1287,年代未核實,原來你什麼都不想要,d-0CHtJp5gM,668914,90年代流行曲,年代未核實,國語,,unknown
era-unverified,POP-1288,年代未核實,誰說我不在乎,vLTlFoqkKBM,667717,90年代流行曲,年代未核實,粵語,,unknown
era-unverified,POP-1289,年代未核實,她在睡前哭泣,lFZRvwAffmo,664577,90年代流行曲,年代未核實,粵語,,unknown
verified-era,POP-1290,00後流行曲,愛與誠,UCp73vIZ034,661946,90年代流行曲,00後流行曲,粵語,2004,title-match
era-unverified,POP-1291,年代未核實,每一個明天,rTwjEtnNW-4,660573,90年代流行曲,年代未核實,粵語,,unknown
era-unverified,POP-1292,年代未核實,戀你,iiSRJFJDFVg,660397,90年代流行曲,年代未核實,粵語,,unknown
era-unverified,POP-1293,年代未核實,你是愛我的,O_sud3gMxUk,657888,90年代流行曲,年代未核實,國語,,unknown
era-unverified,POP-1294,年代未核實,我們的,PHFCYIgRmjA,655075,90年代流行曲,年代未核實,粵語,,unknown
era-unverified,POP-1295,年代未核實,第一千個晝夜,xMIiiBp0kG8,654738,90年代流行曲,年代未核實,粵語,,unknown
era-unverified,POP-1296,年代未核實,想念你的夜,Q3JgU8g87lg,648794,90年代流行曲,年代未核實,國語,,unknown
era-unverified,POP-1297,年代未核實,傷信,E6Ap-clynq4,644014,90年代流行曲,年代未核實,粵語,,unknown
era-unverified,POP-1298,年代未核實,天生一半,uyBKzOf7v7Q,636317,90年代流行曲,年代未核實,粵語,,unknown
era-unverified,POP-1299,年代未核實,梨山痴情花,mbSR-c4cd3g,634308,90年代流行曲,年代未核實,國語,,unknown
era-unverified,POP-1300,年代未核實,想太多,3QWU3MyAxlU,631545,90年代流行曲,年代未核實,國語,,unknown
era-unverified,POP-1301,年代未核實,替身,tP-oz76R_NQ,630087,90年代流行曲,年代未核實,粵語,,unknown
era-unverified,POP-1302,年代未核實,歡樂今宵,iFi_i7Qen0M,626330,90年代流行曲,年代未核實,粵語,,unknown
era-unverified,POP-1303,年代未核實,我想要的感覺,_ZCC2thJdgU,625813,90年代流行曲,年代未核實,國語,,unknown
era-unverified,POP-1304,年代未核實,連名帶姓,1MPVHpzEauQ,620731,90年代流行曲,年代未核實,國語,,unknown
era-unverified,POP-1305,年代未核實,愛情路口,PVHVwIT7LPk,616173,90年代流行曲,年代未核實,粵語,,unknown
era-unverified,POP-1306,年代未核實,大眼睛,S0CqaEX_K9Y,609659,90年代流行曲,年代未核實,粵語,,unknown
verified-era,POP-1307,80年代流行曲,跟著感覺走,1rau1QDJ9tQ,606362,90年代流行曲,80年代流行曲,國語,1988,title-match
era-unverified,POP-1308,年代未核實,世紀末煙花,2ROheTg-0s4,603933,90年代流行曲,年代未核實,粵語,,unknown
era-unverified,POP-1309,年代未核實,我能感覺你在說謊,4AvPSFZyJqs,602444,90年代流行曲,年代未核實,粵語,,unknown
era-unverified,POP-1310,年代未核實,好糟糕的派對,ST8FR5_OMBA,594643,90年代流行曲,年代未核實,國語,,unknown
era-unverified,POP-1311,年代未核實,魔鏡,DYD0f6Mh3VA,582705,90年代流行曲,年代未核實,粵語,,unknown
era-unverified,POP-1312,年代未核實,戀愛情色,HrSbz0-O1vI,582409,90年代流行曲,年代未核實,粵語,,unknown
era-unverified,POP-1313,年代未核實,感情生活,rL-caCmnSnE,580587,90年代流行曲,年代未核實,粵語,,unknown
era-unverified,POP-1314,年代未核實,存入愛,FfSY29Z7CaI,579326,90年代流行曲,年代未核實,粵語,,unknown
era-unverified,POP-1315,年代未核實,真的假的,OJjyFuxBNjI,577621,90年代流行曲,年代未核實,粵語,,unknown
era-unverified,POP-1316,年代未核實,永遠的戀人,3C904X7UXvw,564686,90年代流行曲,年代未核實,粵語,,unknown
era-unverified,POP-1317,年代未核實,好好愛個女孩,I77xtpQTQas,564644,90年代流行曲,年代未核實,粵語,,unknown
era-unverified,POP-1318,年代未核實,黑夜不再來,W-qXFfmtvXg,562172,90年代流行曲,年代未核實,粵語,,unknown
era-unverified,POP-1319,年代未核實,螢光粉紅,QHdRDQMgZh0,561001,90年代流行曲,年代未核實,粵語,,unknown
era-unverified,POP-1320,年代未核實,深呼吸,AWJ7Mk6qOmo,555302,90年代流行曲,年代未核實,國語,,unknown
era-unverified,POP-1321,年代未核實,別哭小女孩,-VLYL6tTnEM,554084,90年代流行曲,年代未核實,國語,,unknown
era-unverified,POP-1322,年代未核實,開門見山,pw_GY5nJySI,552073,90年代流行曲,年代未核實,國語,,unknown
era-unverified,POP-1323,年代未核實,一步一生,CJWeOlClN5A,551496,90年代流行曲,年代未核實,粵語,,unknown
era-unverified,POP-1324,年代未核實,默默愛你,IalpGhhNtyc,548439,90年代流行曲,年代未核實,粵語,,unknown
era-unverified,POP-1325,年代未核實,火熱的心,H7265c7INdc,546812,90年代流行曲,年代未核實,粵語,,unknown
era-unverified,POP-1326,年代未核實,愛你在每一天,VxIsUbC7-_A,546823,90年代流行曲,年代未核實,粵語,,unknown
era-unverified,POP-1327,年代未核實,愛你讓我勇敢,_gH0NB9WoVk,542636,90年代流行曲,年代未核實,國語,,unknown
era-unverified,POP-1328,年代未核實,真心真意,_SakJ_6MsUM,536715,90年代流行曲,年代未核實,粵語,,unknown
era-unverified,POP-1329,年代未核實,多得他,CxnF3DJ3pJ8,533636,90年代流行曲,年代未核實,粵語,,unknown
era-unverified,POP-1330,年代未核實,相生,o0hSL-HmLlw,532034,90年代流行曲,年代未核實,粵語,,unknown
era-unverified,POP-1331,年代未核實,愛到這樣,5rnAeB4-Hts,528347,90年代流行曲,年代未核實,粵語,,unknown
era-unverified,POP-1332,年代未核實,我甚麼都不是,Ts08Ac0OPPo,526556,90年代流行曲,年代未核實,粵語,,unknown
era-unverified,POP-1333,年代未核實,教我如何不愛他,ssiMRRiLiUk,525490,90年代流行曲,年代未核實,粵語,,unknown
era-unverified,POP-1334,年代未核實,希望,hrfS7tStnk0,524866,90年代流行曲,年代未核實,粵語,,unknown
era-unverified,POP-1335,年代未核實,年輕時代,7Oaw51_bHDY,524551,90年代流行曲,年代未核實,粵語,,unknown
era-unverified,POP-1336,年代未核實,手語,fnXqE3QPgmY,507437,90年代流行曲,年代未核實,粵語,,unknown
era-unverified,POP-1337,年代未核實,愛喲,f6HRSiLKBFE,506844,90年代流行曲,年代未核實,國語,,unknown
era-unverified,POP-1338,年代未核實,陳昇,7f6305MkDsI,55333382,90年代流行曲,年代未核實,國語,,unknown
verified-era,POP-1339,90年代流行曲,别怕我伤心,K1JaJnn9xEA,40814643,90年代流行曲,90年代流行曲,粵語,1994,title-match
era-unverified,POP-1340,年代未核實,神鵰俠侶,HgqlVxxJcls,29620011,90年代流行曲,年代未核實,國語,,unknown
era-unverified,POP-1341,年代未核實,於心有愧,FTA_tCy6tS8,12844346,90年代流行曲,年代未核實,粵語,,unknown
era-unverified,POP-1342,年代未核實,當,q4aPDcZXjGg,8467616,90年代流行曲,年代未核實,國語,,unknown
era-unverified,POP-1343,年代未核實,相遇太早,QTSus-RTEkY,5719629,90年代流行曲,年代未核實,粵語,,unknown
era-unverified,POP-1344,年代未核實,粵,Eqxv5Q61d_4,5238189,90年代流行曲,年代未核實,粵語,,unknown
era-unverified,POP-1345,年代未核實,悟,pCf36HsDK9s,4913981,90年代流行曲,年代未核實,國語,,unknown
era-unverified,POP-1346,年代未核實,七友,cWQrKUSZJ3c,4880317,90年代流行曲,年代未核實,粵語,,unknown
era-unverified,POP-1347,年代未核實,沒有菸抽的日子,D8v6njZ8M5s,4784362,90年代流行曲,年代未核實,粵語,,unknown
verified-era,POP-1348,90年代流行曲,問,-PEEXs_uQ48,4704648,90年代流行曲,90年代流行曲,粵語,1992,video-id-match
era-unverified,POP-1349,年代未核實,谁明浪子心,0ZfYYE8DRSI,4580539,90年代流行曲,年代未核實,粵語,,unknown
era-unverified,POP-1350,年代未核實,傷心,GohB9CAucEs,4395538,90年代流行曲,年代未核實,粵語,,unknown
era-unverified,POP-1351,年代未核實,遥远的她,-1Opdm8BcEY,4374916,90年代流行曲,年代未核實,粵語,,unknown
era-unverified,POP-1352,年代未核實,悶,rllzZICrt_c,4345474,90年代流行曲,年代未核實,粵語,,unknown
era-unverified,POP-1353,年代未核實,千年如一日,_sSQLa4I4cA,3590262,90年代流行曲,年代未核實,粵語,,unknown
era-unverified,POP-1354,年代未核實,一個人的天荒地老,W4TLdMSsU6g,3231324,90年代流行曲,年代未核實,粵語,,unknown
era-unverified,POP-1355,年代未核實,愛一個人好難,-BuVoEMPs-A,3075004,90年代流行曲,年代未核實,粵語,,unknown
era-unverified,POP-1356,年代未核實,龍舌蘭,pB8nwmbPfo4,3004501,90年代流行曲,年代未核實,粵語,,unknown
era-unverified,POP-1357,年代未核實,练习,bK6dVZFhmow,2855534,90年代流行曲,年代未核實,粵語,,unknown
era-unverified,POP-1358,年代未核實,獨家試唱,CFNJwmuOrUs,2764589,90年代流行曲,年代未核實,粵語,,unknown
era-unverified,POP-1359,年代未核實,風！告訴我,mGahTzekm2o,2649663,90年代流行曲,年代未核實,國語,,unknown
era-unverified,POP-1360,年代未核實,真面目,t2LdnHAKaqc,2449228,90年代流行曲,年代未核實,國語,,unknown
era-unverified,POP-1361,年代未核實,之外,8Br0EtgPWa0,2446230,90年代流行曲,年代未核實,粵語,,unknown
era-unverified,POP-1362,年代未核實,第二最愛,IMkdpOXCAMA,2373545,90年代流行曲,年代未核實,粵語,,unknown
era-unverified,POP-1363,年代未核實,葡萄成熟时,xdqtxq9JPNI,2336740,90年代流行曲,年代未核實,粵語,,unknown
era-unverified,POP-1364,年代未核實,你是我老婆,wspFaDUnc5c,2241010,90年代流行曲,年代未核實,國語,,unknown
era-unverified,POP-1365,年代未核實,為何又是這樣錯,Yft7HBXuSDM,2180105,90年代流行曲,年代未核實,粵語,,unknown
era-unverified,POP-1366,年代未核實,獨一無二,NVya1A_Fa_k,2018853,90年代流行曲,年代未核實,粵語,,unknown
era-unverified,POP-1367,年代未核實,愛已到底,S_DujrAdssY,1844420,90年代流行曲,年代未核實,粵語,,unknown
era-unverified,POP-1368,年代未核實,周蕙,-AJH6bDAamc,1828612,90年代流行曲,年代未核實,國語,,unknown
era-unverified,POP-1369,年代未核實,在一起,TT-mcoyeA9Q,1713623,90年代流行曲,年代未核實,國語,,unknown
era-unverified,POP-1370,年代未核實,來生緣,Eca_aFUxQec,1540154,90年代流行曲,年代未核實,粵語,,unknown
era-unverified,POP-1371,年代未核實,強,DzOJeugGJRA,1500216,90年代流行曲,年代未核實,粵語,,unknown
era-unverified,POP-1372,年代未核實,記得,PZRf9IBAmBo,1463792,90年代流行曲,年代未核實,國語,,unknown
era-unverified,POP-1373,年代未核實,愛是,XSMZCJMdaVo,1361515,90年代流行曲,年代未核實,粵語,,unknown
era-unverified,POP-1374,年代未核實,先這樣吧,Yi4vTC8AVl8,1307503,90年代流行曲,年代未核實,國語,,unknown
era-unverified,POP-1375,年代未核實,山頂黑狗兄,Qe93QcrB22c,1259651,90年代流行曲,年代未核實,粵語,,unknown
era-unverified,POP-1376,年代未核實,心太软,Bx0eseC1HGQ,1237620,90年代流行曲,年代未核實,國語,,unknown
era-unverified,POP-1377,年代未核實,勇,69SKel61ha4,1228550,90年代流行曲,年代未核實,粵語,,unknown
era-unverified,POP-1378,年代未核實,肉麻情歌,hi6dA5F_uUs,1218478,90年代流行曲,年代未核實,粵語,,unknown
era-unverified,POP-1379,年代未核實,不浪漫罪名,9UkiP3Zzy4M,1126141,90年代流行曲,年代未核實,粵語,,unknown
era-unverified,POP-1380,年代未核實,謝了 愛,rEkVoO8DXyw,1087661,90年代流行曲,年代未核實,粵語,,unknown
era-unverified,POP-1381,年代未核實,一丝不掛,kviZ6Wh8rt8,1086232,90年代流行曲,年代未核實,粵語,,unknown
era-unverified,POP-1382,年代未核實,K歌之王,7MEuDXdjbIE,1066347,90年代流行曲,年代未核實,粵語,,unknown
era-unverified,POP-1383,年代未核實,一路上有你,r4FBRvHaZ-Y,1050285,90年代流行曲,年代未核實,粵語,,unknown
era-unverified,POP-1384,年代未核實,我,0B0vy9A_sJA,1028513,90年代流行曲,年代未核實,粵語,,unknown
era-unverified,POP-1385,年代未核實,花旦,14oPWXVISyo,1019160,90年代流行曲,年代未核實,國語,,unknown
era-unverified,POP-1386,年代未核實,爱情酿的酒,ovVDh4hqtBc,1013830,90年代流行曲,年代未核實,國語,,unknown
era-unverified,POP-1387,年代未核實,當刺蝟愛上玫瑰,QJ7d_BLzNXk,1003959,90年代流行曲,年代未核實,粵語,,unknown
era-unverified,POP-1388,年代未核實,放肆,pfpl6zHezQg,895605,90年代流行曲,年代未核實,粵語,,unknown
era-unverified,POP-1389,年代未核實,把你寫進我的情歌裡,p4UrGDakobE,843358,90年代流行曲,年代未核實,粵語,,unknown
era-unverified,POP-1390,年代未核實,无条件,nYLqnj1C9Ig,806966,90年代流行曲,年代未核實,國語,,unknown
era-unverified,POP-1391,年代未核實,离开以后,B2zdURbfCHo,801207,90年代流行曲,年代未核實,國語,,unknown
era-unverified,POP-1392,年代未核實,敢愛,GfNjRgVvyZE,785122,90年代流行曲,年代未核實,粵語,,unknown
era-unverified,POP-1393,年代未核實,生存遊戲,EepjrERGP1g,783388,90年代流行曲,年代未核實,國語,,unknown
era-unverified,POP-1394,年代未核實,当你老了,2fJ8ixztR9Y,767057,90年代流行曲,年代未核實,粵語,,unknown
era-unverified,POP-1395,年代未核實,爱一个人好难,V29p5NKSWec,751374,90年代流行曲,年代未核實,國語,,unknown
era-unverified,POP-1396,年代未核實,給自己的情書,_PWuW1DDvRI,742747,90年代流行曲,年代未核實,粵語,,unknown
verified-era,POP-1397,00後流行曲,十面埋伏,kZQjXwfYoe8,741408,90年代流行曲,00後流行曲,粵語,2003,manual-title
era-unverified,POP-1398,年代未核實,數你,Lsm1UyZbQUQ,729595,90年代流行曲,年代未核實,粵語,,unknown
era-unverified,POP-1399,年代未核實,平常心,5V6Sj54JLI0,713144,90年代流行曲,年代未核實,國語,,unknown
era-unverified,POP-1400,年代未核實,證據,NiLmx1d4FuQ,705886,90年代流行曲,年代未核實,粵語,,unknown
era-unverified,POP-1401,年代未核實,願,Z8WlLPEJp0U,702260,90年代流行曲,年代未核實,粵語,,unknown
era-unverified,POP-1402,年代未核實,伤心1999,8lTeVlxgj9s,677389,90年代流行曲,年代未核實,粵語,,unknown
era-unverified,POP-1403,年代未核實,知道,p1lNM7mXfyM,663059,90年代流行曲,年代未核實,國語,,unknown
era-unverified,POP-1404,年代未核實,還隱隱作痛,0l1y1oWUlM8,658542,90年代流行曲,年代未核實,國語,,unknown
era-unverified,POP-1405,年代未核實,張耀揚,BD-6R5foKrI,652463,90年代流行曲,年代未核實,粵語,,unknown
era-unverified,POP-1406,年代未核實,新龍門客棧,kccG6RNGVmQ,644848,90年代流行曲,年代未核實,國語,,unknown
era-unverified,POP-1407,年代未核實,今生無悔,6XllDvHn-vU,638251,90年代流行曲,年代未核實,粵語,,unknown
era-unverified,POP-1408,年代未核實,慢慢,FsEgI3op7lI,632358,90年代流行曲,年代未核實,粵語,,unknown
era-unverified,POP-1409,年代未核實,不要騙我,mHEN4ccNb2Y,628987,90年代流行曲,年代未核實,國語,,unknown
era-unverified,POP-1410,年代未核實,高胜美 千年等一回,RLMTildbLYM,614055,90年代流行曲,年代未核實,粵語,,unknown
era-unverified,POP-1411,年代未核實,未央歌,DyXtWpIq9CY,609616,90年代流行曲,年代未核實,國語,,unknown
era-unverified,POP-1412,年代未核實,封锁我一生,mpTqDsyevNU,597444,90年代流行曲,年代未核實,粵語,,unknown
era-unverified,POP-1413,年代未核實,咖啡,-GsAFlgnXOI,586963,90年代流行曲,年代未核實,粵語,,unknown
era-unverified,POP-1414,年代未核實,谢谢你的爱,q5kcYWg25pI,579653,90年代流行曲,年代未核實,國語,,unknown
era-unverified,POP-1415,年代未核實,最好的地方,PwJW6aDZLMI,576432,90年代流行曲,年代未核實,國語,,unknown
era-unverified,POP-1416,年代未核實,比高音 比低音,XjwlXOUjAug,570825,90年代流行曲,年代未核實,粵語,,unknown
era-unverified,POP-1417,年代未核實,深秋的,olo07aO91z4,570650,90年代流行曲,年代未核實,粵語,,unknown
era-unverified,POP-1418,年代未核實,来生缘,BBniz82L4wM,553553,90年代流行曲,年代未核實,粵語,,unknown
era-unverified,POP-1419,年代未核實,煙雨斜陽,1DsQsqjIAUk,538365,90年代流行曲,年代未核實,粵語,,unknown
era-unverified,POP-1420,年代未核實,你是我的,ymA66xLUsS4,526333,90年代流行曲,年代未核實,粵語,,unknown
era-unverified,POP-1421,年代未核實,我不是愛過就算的人,jGgERp6zumk,525861,90年代流行曲,年代未核實,粵語,,unknown
era-unverified,POP-1422,年代未核實,月亮惹得祸,OO5uL-8lgos,511845,90年代流行曲,年代未核實,粵語,,unknown
era-unverified,POP-1423,年代未核實,空,NuReINHz5_Y,502104,90年代流行曲,年代未核實,粵語,,unknown
era-unverified,POP-1424,年代未核實,你最珍貴,_SODktUwNYo,11587718,90年代流行曲,年代未核實,粵語,,unknown
era-unverified,POP-1425,年代未核實,張洪量,jVvTtuagceY,4632775,90年代流行曲,年代未核實,國語,,unknown
era-unverified,POP-1426,年代未核實,中国好声音 第四季,W0PpODrYm0E,4049631,90年代流行曲,年代未核實,國語,,unknown
era-unverified,POP-1427,年代未核實,心淡,FBloNmck0K0,3677332,90年代流行曲,年代未核實,粵語,,unknown
era-unverified,POP-1428,年代未核實,雨傘代表阮心肝,ChkAEw4zKYg,2238671,90年代流行曲,年代未核實,粵語,,unknown
era-unverified,POP-1429,年代未核實,小,FkvTSc_yflI,2049414,90年代流行曲,年代未核實,國語,,unknown
era-unverified,POP-1430,年代未核實,十八,S7iYug_j5tI,1626391,90年代流行曲,年代未核實,粵語,,unknown
era-unverified,POP-1431,年代未核實,浪跡天涯,2Pubj55B1Is,1605926,90年代流行曲,年代未核實,粵語,,unknown
era-unverified,POP-1432,年代未核實,暗里着迷,irDqKNWFTWs,1449582,90年代流行曲,年代未核實,粵語,,unknown
verified-era,POP-1433,00後流行曲,愛得太遲,k3_BJaXoEOo,1403901,90年代流行曲,00後流行曲,粵語,2006,title-match
era-unverified,POP-1434,年代未核實,散了吧,_CP77DeFAB8,1237077,90年代流行曲,年代未核實,粵語,,unknown
era-unverified,POP-1435,年代未核實,說聲珍重,zv1OdZwzO3I,1189480,90年代流行曲,年代未核實,粵語,,unknown
era-unverified,POP-1436,年代未核實,青空,PBgbbnaWtYw,1114216,90年代流行曲,年代未核實,粵語,,unknown
era-unverified,POP-1437,年代未核實,有你就夠了,OnUFHWqx0OA,917530,90年代流行曲,年代未核實,粵語,,unknown
era-unverified,POP-1438,年代未核實,最後一種快樂,ltZZHOe1qbA,829707,90年代流行曲,年代未核實,國語,,unknown
era-unverified,POP-1439,年代未核實,盲盒,TkBeWWgyF7Y,621349,90年代流行曲,年代未核實,粵語,,unknown
era-unverified,POP-1440,年代未核實,龍鬚糖,hhO4oNEVaJ4,583500,90年代流行曲,年代未核實,粵語,,unknown
era-unverified,POP-1441,年代未核實,舊傷口,hJbiVAAmwB0,577564,90年代流行曲,年代未核實,粵語,,unknown
era-unverified,POP-1442,年代未核實,海角天涯,j3wmULjzEL4,554952,90年代流行曲,年代未核實,粵語,,unknown
era-unverified,POP-1443,年代未核實,螢,sqkQvbVv7N8,552453,90年代流行曲,年代未核實,粵語,,unknown
era-unverified,POP-1444,年代未核實,撻成一塊,lphsFDAAvCo,518613,90年代流行曲,年代未核實,粵語,,unknown
era-unverified,POP-1445,年代未核實,星戰,XWvz7QzW1TQ,508528,90年代流行曲,年代未核實,粵語,,unknown
era-unverified,POP-1446,年代未核實,實屬巧合,rv3KQizx19g,500131,90年代流行曲,年代未核實,粵語,,unknown
verified-era,POP-1447,00後流行曲,Shall We Talk,YycDCuLIZnc,1913563,00後流行曲,00後流行曲,粵語,2001,field-year
verified-era,POP-1448,00後流行曲,野孩子,ECfztqRvnNc,3600173,00後流行曲,00後流行曲,粵語,2001,field-year
verified-era,POP-1449,00後流行曲,終身美麗,KK9viFTvIIk,11963624,00後流行曲,00後流行曲,粵語,2001,field-year
verified-era,POP-1450,00後流行曲,痛愛,qkT4Mxmm92g,3776259,00後流行曲,00後流行曲,粵語,2001,field-year
verified-era,POP-1451,00後流行曲,明年今日,8NJVNkzhJM4,12458532,00後流行曲,00後流行曲,粵語,2002,field-year
verified-era,POP-1452,00後流行曲,爭氣,euMdod3x8X4,3032129,00後流行曲,00後流行曲,粵語,2002,field-year
verified-era,POP-1453,00後流行曲,可惜我是水瓶座,to9fBWaaHGI,9894459,00後流行曲,00後流行曲,粵語,2003,field-year
verified-era,POP-1454,00後流行曲,十面埋伏,QGHB-5e37Fw,4517695,00後流行曲,00後流行曲,粵語,2003,field-year
verified-era,POP-1455,00後流行曲,愛與誠,z5NBt33b7iY,8895911,00後流行曲,00後流行曲,粵語,2004,field-year
verified-era,POP-1456,00後流行曲,小城大事,WJaufugjeSQ,1082904,00後流行曲,00後流行曲,粵語,2004,field-year
verified-era,POP-1457,00後流行曲,奇洛李維斯回信,mCkhBixL3gY,1138395,00後流行曲,00後流行曲,粵語,2004,field-year
verified-era,POP-1458,00後流行曲,無賴,oUQ41c4gjsg,5062512,00後流行曲,00後流行曲,粵語,2005,field-year
verified-era,POP-1459,00後流行曲,愛得太遲,y5k8p3Bqz3Y,1108075,00後流行曲,00後流行曲,粵語,2006,field-year
verified-era,POP-1460,00後流行曲,最佳損友,P7ww9Lgk16I,4952109,00後流行曲,00後流行曲,粵語,2006,field-year
verified-era,POP-1461,00後流行曲,感應,iRnhCh1CBZg,975022,00後流行曲,00後流行曲,粵語,2006,field-year
verified-era,POP-1462,00後流行曲,酷愛,wOUovyr0icE,6596375,00後流行曲,00後流行曲,粵語,2007,field-year
verified-era,POP-1463,00後流行曲,電燈膽,IDywqSyQ3Mc,4299997,00後流行曲,00後流行曲,粵語,2007,field-year
verified-era,POP-1464,00後流行曲,囍帖街,40RaRER4IaI,6801577,00後流行曲,00後流行曲,粵語,2008,field-year
verified-era,POP-1465,00後流行曲,愛不疚,FG0At3Liwdk,9362561,00後流行曲,00後流行曲,國語,2008,field-year
verified-era,POP-1466,00後流行曲,你瞞我瞞,JWcuUHVD4Ng,39404346,00後流行曲,00後流行曲,粵語,2009,field-year
verified-era,POP-1467,00後流行曲,七百年後,_NRf4HQw4MU,10862346,00後流行曲,00後流行曲,粵語,2009,field-year
verified-era,POP-1468,00後流行曲,就算世界無童話,zOixTywhq3Q,921748,00後流行曲,00後流行曲,粵語,2009,field-year
verified-era,POP-1469,00後流行曲,陀飛輪,URUIcYDq3_I,24786846,00後流行曲,00後流行曲,粵語,2010,field-year
verified-era,POP-1470,00後流行曲,天梯,eBvarz3DY00,22765640,00後流行曲,00後流行曲,粵語,2010,field-year
verified-era,POP-1471,00後流行曲,破相,S9oonBJeoRE,994506,00後流行曲,00後流行曲,粵語,2010,field-year
verified-era,POP-1472,最近15年流行曲,那些年,3_ImPGP9KeE,5868181,最近15年流行曲,最近15年流行曲,國語,2011,field-year
verified-era,POP-1473,最近15年流行曲,那誰,CJ4fKSmOf3U,18006157,最近15年流行曲,最近15年流行曲,國語,2011,field-year
verified-era,POP-1474,最近15年流行曲,花千樹,mEzPhZd-T8c,8371414,最近15年流行曲,最近15年流行曲,粵語,2011,field-year
verified-era,POP-1475,最近15年流行曲,重口味,eqtGDY0llkI,5250440,最近15年流行曲,最近15年流行曲,粵語,2012,field-year
verified-era,POP-1476,最近15年流行曲,到此為止,lyH0QIwbN_4,23006113,最近15年流行曲,最近15年流行曲,粵語,2012,field-year
verified-era,POP-1477,最近15年流行曲,年少無知,25scZjvZCpA,1424759,最近15年流行曲,最近15年流行曲,粵語,2012,field-year
verified-era,POP-1478,最近15年流行曲,任我行,oYw4uH80gcw,17446314,最近15年流行曲,最近15年流行曲,粵語,2013,field-year
verified-era,POP-1479,最近15年流行曲,青春頌,NPa2FCTqd3g,10935577,最近15年流行曲,最近15年流行曲,粵語,2013,field-year
verified-era,POP-1480,最近15年流行曲,無盡,4PACFmxlHm8,22959589,最近15年流行曲,最近15年流行曲,粵語,2013,field-year
verified-era,POP-1481,最近15年流行曲,青春常駐,sFjLsF_oA3E,7797240,最近15年流行曲,最近15年流行曲,粵語,2014,field-year
verified-era,POP-1482,最近15年流行曲,越難越愛,fUiwiqs5JjM,35531001,最近15年流行曲,最近15年流行曲,粵語,2014,field-year
verified-era,POP-1483,最近15年流行曲,羅生門,OfnhDUBWVl4,16850993,最近15年流行曲,最近15年流行曲,粵語,2015,field-year
verified-era,POP-1484,最近15年流行曲,最好的債,nG6WborlovE,2665758,最近15年流行曲,最近15年流行曲,粵語,2015,field-year
verified-era,POP-1485,最近15年流行曲,你是你本身的傳奇,ok6SPasGb00,3129159,最近15年流行曲,最近15年流行曲,粵語,2016,field-year
verified-era,POP-1486,最近15年流行曲,四季,3aZS7On4etw,1606414,最近15年流行曲,最近15年流行曲,粵語,2016,field-year
verified-era,POP-1487,最近15年流行曲,有人共鳴,RRgGcZdJgyE,9107130,最近15年流行曲,最近15年流行曲,粵語,2016,field-year
verified-era,POP-1488,最近15年流行曲,長相廝守,sENLQMsYpHE,22713201,最近15年流行曲,最近15年流行曲,粵語,2017,field-year
verified-era,POP-1489,最近15年流行曲,天敵,viKPn4YiQo4,5875267,最近15年流行曲,最近15年流行曲,粵語,2017,field-year
verified-era,POP-1490,最近15年流行曲,難得一遇,b5Nqp8ZclKg,4300493,最近15年流行曲,最近15年流行曲,粵語,2017,field-year
verified-era,POP-1491,最近15年流行曲,漸漸,TNKQudtrR_Q,7985132,最近15年流行曲,最近15年流行曲,粵語,2018,field-year
verified-era,POP-1492,最近15年流行曲,未來見,Hroq64h65Os,17172530,最近15年流行曲,最近15年流行曲,粵語,2018,field-year
verified-era,POP-1493,最近15年流行曲,一個女人和浴室,ALFWC_EpaEM,1192159,最近15年流行曲,最近15年流行曲,粵語,2018,field-year
verified-era,POP-1494,最近15年流行曲,我們都是這樣長大的,kTzUwhPuIwg,18049760,最近15年流行曲,最近15年流行曲,粵語,2019,field-year
verified-era,POP-1495,最近15年流行曲,人話,ENB0BeZx4yw,2648451,最近15年流行曲,最近15年流行曲,粵語,2019,field-year
verified-era,POP-1496,最近15年流行曲,百年樹木,QE1piGBS1sI,10906061,最近15年流行曲,最近15年流行曲,粵語,2019,field-year
verified-era,POP-1497,最近15年流行曲,銀河修理員,sg8V5BLMEhE,21239520,最近15年流行曲,最近15年流行曲,粵語,2020,field-year
verified-era,POP-1498,最近15年流行曲,一人之境,qWhavDVsMRc,16522413,最近15年流行曲,最近15年流行曲,粵語,2020,field-year
verified-era,POP-1499,最近15年流行曲,呼吸有害,rWNgAbfpWYs,11245576,最近15年流行曲,最近15年流行曲,國語,2020,field-year
verified-era,POP-1500,最近15年流行曲,蒙著嘴說愛你,f5NzXpC8tdU,25755315,最近15年流行曲,最近15年流行曲,粵語,2020,field-year
verified-era,POP-1501,最近15年流行曲,記憶棉,YZPFbnk_RS0,38935712,最近15年流行曲,最近15年流行曲,粵語,2021,field-year
verified-era,POP-1502,最近15年流行曲,Megahit,H5ivE_QZTcw,24298696,最近15年流行曲,最近15年流行曲,粵語,2021,field-year
verified-era,POP-1503,最近15年流行曲,老派約會之必要,u14rrcxENDw,31103654,最近15年流行曲,最近15年流行曲,粵語,2022,field-year
verified-era,POP-1504,最近15年流行曲,葉落冰川,mB6IJXHi95A,537799,最近15年流行曲,最近15年流行曲,粵語,2022,field-year
verified-era,POP-1505,最近15年流行曲,作品的說話,S6hedDGVOGE,17257868,最近15年流行曲,最近15年流行曲,粵語,2022,field-year
verified-era,POP-1506,最近15年流行曲,世一,ESmaELNy8GE,16301790,最近15年流行曲,最近15年流行曲,粵語,2023,field-year
verified-era,POP-1507,最近15年流行曲,隱形遊樂場,y9ntnHvD4tQ,12313797,最近15年流行曲,最近15年流行曲,粵語,2023,field-year
verified-era,POP-1508,最近15年流行曲,為何嚴重到這樣,tHTTkZC4_Fw,1584383,最近15年流行曲,最近15年流行曲,粵語,2023,field-year
verified-era,POP-1509,最近15年流行曲,企好,_D_JFTnjB6Q,6186771,最近15年流行曲,最近15年流行曲,粵語,2023,field-year
verified-era,POP-1510,最近15年流行曲,黑玻璃,Rp4iHpTvBY8,17463871,最近15年流行曲,最近15年流行曲,粵語,2024,field-year
verified-era,POP-1511,最近15年流行曲,好得太過份,DaQNnnU1DA4,9984064,最近15年流行曲,最近15年流行曲,粵語,2024,field-year
verified-era,POP-1512,最近15年流行曲,普渡眾生,GUCoNfRmchM,9153594,最近15年流行曲,最近15年流行曲,粵語,2024,field-year
verified-era,POP-1513,最近15年流行曲,說謊者,07rwyBuh2Mg,13739342,最近15年流行曲,最近15年流行曲,粵語,2025,field-year
verified-era,POP-1514,最近15年流行曲,四月物語,325j6LVzpYI,4496894,最近15年流行曲,最近15年流行曲,粵語,2025,field-year
era-unverified,POP-1515,年代未核實,光年之外,T4SimnaiktU,304347750,最近15年流行曲,年代未核實,國語,,unknown
era-unverified,POP-1516,年代未核實,告白氣球,bu7nU9Mhpyo,278691489,最近15年流行曲,年代未核實,國語,,unknown
era-unverified,POP-1517,年代未核實,以後別做朋友,Ew4VvF0DPMc,228826003,最近15年流行曲,年代未核實,國語,,unknown
era-unverified,POP-1518,年代未核實,怎麼了,Y2ge3KrdeWs,204128490,最近15年流行曲,年代未核實,國語,,unknown
era-unverified,POP-1519,年代未核實,如果可以,8MG--WuNW1Y,201897190,最近15年流行曲,年代未核實,國語,,unknown
era-unverified,POP-1520,年代未核實,浪子回頭,x3bDhtuC5yk,183206689,最近15年流行曲,年代未核實,國語,,unknown
era-unverified,POP-1521,年代未核實,等你下課,kfXdP7nZIiE,152485578,最近15年流行曲,年代未核實,國語,,unknown
era-unverified,POP-1522,年代未核實,倒數,ma7r2HGqwXs,151612963,最近15年流行曲,年代未核實,國語,,unknown
era-unverified,POP-1523,年代未核實,如果雨之後,gdGdO6KjF1I,143662833,最近15年流行曲,年代未核實,國語,,unknown
era-unverified,POP-1524,年代未核實,來自天堂的魔鬼,FWtbGkpdoP4,143486400,最近15年流行曲,年代未核實,國語,,unknown
era-unverified,POP-1525,年代未核實,浪流連,3Y0Ut5ozaKs,141223561,最近15年流行曲,年代未核實,國語,,unknown
era-unverified,POP-1526,年代未核實,有一種悲傷,BRcudpJzy1I,112500772,最近15年流行曲,年代未核實,國語,,unknown
era-unverified,POP-1527,年代未核實,想見你想見你想見你,4iRupuNet3Q,110295960,最近15年流行曲,年代未核實,國語,,unknown
era-unverified,POP-1528,年代未核實,閣愛妳一擺,PJJhHihvDpo,103605701,最近15年流行曲,年代未核實,國語,,unknown
verified-era,POP-1529,00後流行曲,夜曲,6Q0Pd53mojY,101536002,最近15年流行曲,00後流行曲,國語,2005,manual-title
era-unverified,POP-1530,年代未核實,永不失聯的愛,WJK8486VjfU,100167752,最近15年流行曲,年代未核實,國語,,unknown
era-unverified,POP-1531,年代未核實,幾分之幾,HQ_mU73VhEQ,92099840,最近15年流行曲,年代未核實,國語,,unknown
era-unverified,POP-1532,年代未核實,魚仔,ybfWYpYhTQQ,91278785,最近15年流行曲,年代未核實,國語,,unknown
era-unverified,POP-1533,年代未核實,星火,3mEeKAdXAo4,88372620,最近15年流行曲,年代未核實,國語,,unknown
era-unverified,POP-1534,年代未核實,愛人錯過,6D79CYTxvOM,85102713,最近15年流行曲,年代未核實,國語,,unknown
era-unverified,POP-1535,年代未核實,當男人戀愛時,0rp3pP2Xwhs,84996994,最近15年流行曲,年代未核實,國語,,unknown
era-unverified,POP-1536,年代未核實,擱淺,YJfHuATJYsQ,80356611,最近15年流行曲,年代未核實,國語,,unknown
era-unverified,POP-1537,年代未核實,刻在我心底的名字,m78lJuzftcc,80356174,最近15年流行曲,年代未核實,國語,,unknown
era-unverified,POP-1538,年代未核實,你不屬於我,6O_Zx9St9ik,79595589,最近15年流行曲,年代未核實,國語,,unknown
era-unverified,POP-1539,年代未核實,家家酒,T-Xk_xirUlo,79540321,最近15年流行曲,年代未核實,國語,,unknown
era-unverified,POP-1540,年代未核實,說了再見,KKsioz-zaZY,68755034,最近15年流行曲,年代未核實,國語,,unknown
era-unverified,POP-1541,年代未核實,手寫的從前,TMB6-YflpA4,67922894,最近15年流行曲,年代未核實,國語,,unknown
era-unverified,POP-1542,年代未核實,句號,7XlqcS6B7WA,65736648,最近15年流行曲,年代未核實,國語,,unknown
era-unverified,POP-1543,年代未核實,終於了解自由,BVK_Q6KZSUI,61643790,最近15年流行曲,年代未核實,國語,,unknown
era-unverified,POP-1544,年代未核實,聽媽媽的話,_B8RaLCNUZw,60992543,最近15年流行曲,年代未核實,國語,,unknown
era-unverified,POP-1545,年代未核實,愛情廢柴,2kdYSeoHChg,60756423,最近15年流行曲,年代未核實,國語,,unknown
era-unverified,POP-1546,年代未核實,不愛我就拉倒,MAjY8mCTXWk,54033549,最近15年流行曲,年代未核實,國語,,unknown
era-unverified,POP-1547,年代未核實,只是太愛你,k2rVffhNd0E,51268214,最近15年流行曲,年代未核實,粵語,,unknown
era-unverified,POP-1548,年代未核實,聽海,mLk61pfiHQ0,49193626,最近15年流行曲,年代未核實,國語,,unknown
era-unverified,POP-1549,年代未核實,至少我還記得,jIzOIsQWMfg,48539276,最近15年流行曲,年代未核實,國語,,unknown
era-unverified,POP-1550,年代未核實,填空,9Y15es8OY0U,47839083,最近15年流行曲,年代未核實,國語,,unknown
era-unverified,POP-1551,年代未核實,紅塵客棧,L6joGUdc6y4,44409274,最近15年流行曲,年代未核實,國語,,unknown
era-unverified,POP-1552,年代未核實,帶我去找夜生活,W9Fq1HC_5hg,42808133,最近15年流行曲,年代未核實,國語,,unknown
era-unverified,POP-1553,年代未核實,新的心跳,vDR-e3W6ARc,42616788,最近15年流行曲,年代未核實,國語,,unknown
era-unverified,POP-1554,年代未核實,好朋友的祝福,LbDizRI5wrA,41767976,最近15年流行曲,年代未核實,國語,,unknown
era-unverified,POP-1555,年代未核實,摯友,vGqpGFH3vh8,41435047,最近15年流行曲,年代未核實,國語,,unknown
era-unverified,POP-1556,年代未核實,聽爸爸的話,eS2T9IiOYbc,41082401,最近15年流行曲,年代未核實,國語,,unknown
era-unverified,POP-1557,年代未核實,愛我的時候,bG563p_moiE,38611840,最近15年流行曲,年代未核實,國語,,unknown
era-unverified,POP-1558,年代未核實,愛你沒差,miBGaUagOz8,38591167,最近15年流行曲,年代未核實,國語,,unknown
era-unverified,POP-1559,年代未核實,菊花台,PdjbRvvJAzg,37250574,最近15年流行曲,年代未核實,國語,,unknown
era-unverified,POP-1560,年代未核實,離開你以後,37uw4W2MwgU,37217139,最近15年流行曲,年代未核實,國語,,unknown
era-unverified,POP-1561,年代未核實,然後呢,m9eoYjo5W8c,36336690,最近15年流行曲,年代未核實,國語,,unknown
era-unverified,POP-1562,年代未核實,塵埃,mDCmj_w9pPk,36326212,最近15年流行曲,年代未核實,國語,,unknown
era-unverified,POP-1563,年代未核實,我怎麼哭了,0TLhN3fPjk0,35141772,最近15年流行曲,年代未核實,國語,,unknown
era-unverified,POP-1564,年代未核實,你被寫在我的歌裡,UBRmadULoP0,34938775,最近15年流行曲,年代未核實,國語,,unknown
era-unverified,POP-1565,年代未核實,不許你注定一人,UppBiK8xpeg,34923797,最近15年流行曲,年代未核實,粵語,,unknown
era-unverified,POP-1566,年代未核實,高山低谷,R2BUiErBRnY,34753003,最近15年流行曲,年代未核實,粵語,,unknown
era-unverified,POP-1567,年代未核實,最後一堂課,eZh1mC1vPgw,34744051,最近15年流行曲,年代未核實,國語,,unknown
era-unverified,POP-1568,年代未核實,霍元甲,wr-6wwt8RXk,34652460,最近15年流行曲,年代未核實,國語,,unknown
era-unverified,POP-1569,年代未核實,哪裡只得我共你,wPGCIqt_klw,34234628,最近15年流行曲,年代未核實,粵語,,unknown
era-unverified,POP-1570,年代未核實,當我們一起走過,tAWPPcPaiQo,34212889,最近15年流行曲,年代未核實,國語,,unknown
era-unverified,POP-1571,年代未核實,說愛你,Aq6KNRyvm-Y,33925908,最近15年流行曲,年代未核實,國語,,unknown
era-unverified,POP-1572,年代未核實,對等關係,mQUek1GYfvs,33599518,最近15年流行曲,年代未核實,國語,,unknown
era-unverified,POP-1573,年代未核實,小情歌,in8NNzwFa-s,33580736,最近15年流行曲,年代未核實,國語,,unknown
era-unverified,POP-1574,年代未核實,知足,_o0oeyCtoFA,33270293,最近15年流行曲,年代未核實,國語,,unknown
era-unverified,POP-1575,年代未核實,尋人啟事,tp0tMGjylNQ,33150116,最近15年流行曲,年代未核實,國語,,unknown
era-unverified,POP-1576,年代未核實,烏梅子醬,IKMaaO9QtKw,32673059,最近15年流行曲,年代未核實,國語,,unknown
era-unverified,POP-1577,年代未核實,最偉大的作品,1emA1EFsPMM,31445431,最近15年流行曲,年代未核實,國語,,unknown
era-unverified,POP-1578,年代未核實,東區東區,qVKLNfbpCZ0,31220917,最近15年流行曲,年代未核實,國語,,unknown
era-unverified,POP-1579,年代未核實,怪美的,-wIHmPAvMBo,30989714,最近15年流行曲,年代未核實,國語,,unknown
era-unverified,POP-1580,年代未核實,偉大的渺小,JwjBbWQs71k,30885594,最近15年流行曲,年代未核實,國語,,unknown
era-unverified,POP-1581,年代未核實,唯一,vxucCfcMFCk,30845970,最近15年流行曲,年代未核實,國語,,unknown
era-unverified,POP-1582,年代未核實,玫瑰少年,feOq6MWeUXA,30238727,最近15年流行曲,年代未核實,國語,,unknown
era-unverified,POP-1583,年代未核實,反對無效,L67zi-8wBXo,29787771,最近15年流行曲,年代未核實,粵語,,unknown
era-unverified,POP-1584,年代未核實,最好的結局,E1tgHfuKMrs,29413039,最近15年流行曲,年代未核實,國語,,unknown
era-unverified,POP-1585,年代未核實,傻笑,rKFtivD7Rvw,29023395,最近15年流行曲,年代未核實,國語,,unknown
era-unverified,POP-1586,年代未核實,失落沙洲,Ie1KcGvBN_k,28744592,最近15年流行曲,年代未核實,國語,,unknown
era-unverified,POP-1587,年代未核實,致青春,ERUMIAuYBUI,28155972,最近15年流行曲,年代未核實,國語,,unknown
era-unverified,POP-1588,年代未核實,披星戴月的想你,VpwAq7hiij0,27838679,最近15年流行曲,年代未核實,國語,,unknown
era-unverified,POP-1589,年代未核實,親愛的無情孫小美,UXHTGeGkZwU,27473611,最近15年流行曲,年代未核實,國語,,unknown
era-unverified,POP-1590,年代未核實,受夠,9rlo5K2r3Sg,26938487,最近15年流行曲,年代未核實,國語,,unknown
verified-era,POP-1591,00後流行曲,人質,o4JrzNdpKw4,26923077,最近15年流行曲,00後流行曲,國語,2006,manual-title
era-unverified,POP-1592,年代未核實,想知道你在想什麼,kiSYRbMn67I,26389338,最近15年流行曲,年代未核實,國語,,unknown
era-unverified,POP-1593,年代未核實,傳聞,OTMAjoVW-uM,26218002,最近15年流行曲,年代未核實,粵語,,unknown
era-unverified,POP-1594,年代未核實,若無你我欲去佗位,785sf7xodmY,25839782,最近15年流行曲,年代未核實,國語,,unknown
era-unverified,POP-1595,年代未核實,這款自作多情,UocMW7BG0ls,25585819,最近15年流行曲,年代未核實,國語,,unknown
era-unverified,POP-1596,年代未核實,到底發生過什麼事,3euRDKzPS4M,25263097,最近15年流行曲,年代未核實,粵語,,unknown
era-unverified,POP-1597,年代未核實,下雨的夜晚,2cCligRwFoI,24889766,最近15年流行曲,年代未核實,國語,,unknown
era-unverified,POP-1598,年代未核實,我是如此相信,TbFWYT9VGRk,24668155,最近15年流行曲,年代未核實,國語,,unknown
era-unverified,POP-1599,年代未核實,重感情的廢物,jM3HXNusWA0,24338112,最近15年流行曲,年代未核實,國語,,unknown
era-unverified,POP-1600,年代未核實,那一夜,ugVNDvnDDpA,24082259,最近15年流行曲,年代未核實,國語,,unknown
era-unverified,POP-1601,年代未核實,日不落,1GA8z-Wliew,23598210,最近15年流行曲,年代未核實,國語,,unknown
era-unverified,POP-1602,年代未核實,再遇見,8PSvDdL2BPs,23407736,最近15年流行曲,年代未核實,國語,,unknown
era-unverified,POP-1603,年代未核實,留一天與你喘息,uuV8wZ_P8r4,23163742,最近15年流行曲,年代未核實,粵語,,unknown
era-unverified,POP-1604,年代未核實,無眠,qXv7POo5MNI,23104612,最近15年流行曲,年代未核實,國語,,unknown
era-unverified,POP-1605,年代未核實,還在流浪,BSlMAJ7SkMA,23000273,最近15年流行曲,年代未核實,國語,,unknown
era-unverified,POP-1606,年代未核實,交換餘生,mNQwhIx_0CM,22644160,最近15年流行曲,年代未核實,國語,,unknown
era-unverified,POP-1607,年代未核實,我的宣言,z9zMcvn_xkI,22596874,最近15年流行曲,年代未核實,粵語,,unknown
era-unverified,POP-1608,年代未核實,紅顏如霜,APgx1k-2Tqc,22529686,最近15年流行曲,年代未核實,國語,,unknown
era-unverified,POP-1609,年代未核實,矛盾一生,v0_cXepCVgg,22332328,最近15年流行曲,年代未核實,粵語,,unknown
era-unverified,POP-1610,年代未核實,愛了很久的朋友,mJwyo5fH3jY,21816141,最近15年流行曲,年代未核實,國語,,unknown
era-unverified,POP-1611,年代未核實,麻雀,2l4x_TvBKiw,21739582,最近15年流行曲,年代未核實,國語,,unknown
era-unverified,POP-1612,年代未核實,忘記擁抱,m6kiNlnJ2Uk,21622632,最近15年流行曲,年代未核實,國語,,unknown
era-unverified,POP-1613,年代未核實,aMEI,-x5odUXWjFk,21537612,最近15年流行曲,年代未核實,國語,,unknown
era-unverified,POP-1614,年代未核實,女也,IBT0_3QUy98,20805456,最近15年流行曲,年代未核實,國語,,unknown
era-unverified,POP-1615,年代未核實,你敢不敢,HLibG1_lcTk,20615081,最近15年流行曲,年代未核實,國語,,unknown
era-unverified,POP-1616,年代未核實,天空,hmyEkTioX5E,20606452,最近15年流行曲,年代未核實,國語,,unknown
era-unverified,POP-1617,年代未核實,戒菸,V7hJgBcRDwM,20313512,最近15年流行曲,年代未核實,國語,,unknown
era-unverified,POP-1618,年代未核實,緊急聯絡人,mt56HEafeWU,20192720,最近15年流行曲,年代未核實,粵語,,unknown
era-unverified,POP-1619,年代未核實,無可避免,Wr4EEUPoUWs,20135998,最近15年流行曲,年代未核實,粵語,,unknown
era-unverified,POP-1620,年代未核實,經過一些秋與冬,nwObYQkSC8w,19722736,最近15年流行曲,年代未核實,粵語,,unknown
era-unverified,POP-1621,年代未核實,讓愛高飛,I3NFPlSmNu8,19698954,最近15年流行曲,年代未核實,粵語,,unknown
era-unverified,POP-1622,年代未核實,我可以抱你嗎,oj3NFUBO1U8,19587458,最近15年流行曲,年代未核實,國語,,unknown
era-unverified,POP-1623,年代未核實,怨偶,TfpUB8sAheI,18787002,最近15年流行曲,年代未核實,國語,,unknown
era-unverified,POP-1624,年代未核實,太陽與地球,i5YRIjxyJP8,18704088,最近15年流行曲,年代未核實,國語,,unknown
era-unverified,POP-1625,年代未核實,愛在身邊,u8L20-PLWgw,18498442,最近15年流行曲,年代未核實,國語,,unknown
era-unverified,POP-1626,年代未核實,哪裡都是你,yfn8sE9obWU,18447061,最近15年流行曲,年代未核實,國語,,unknown
era-unverified,POP-1627,年代未核實,最初的記憶,vXXmNhmsHLY,18398461,最近15年流行曲,年代未核實,國語,,unknown
era-unverified,POP-1628,年代未核實,言不由衷,k8jAqe9QZ7I,18134191,最近15年流行曲,年代未核實,國語,,unknown
era-unverified,POP-1629,年代未核實,離開我的依賴,p13tH7Etlzc,17923128,最近15年流行曲,年代未核實,國語,,unknown
era-unverified,POP-1630,年代未核實,愛在夏天,_zv8Y94eLYI,17459599,最近15年流行曲,年代未核實,國語,,unknown
era-unverified,POP-1631,年代未核實,時光倒流一句話,qlvE_owkBwI,17144090,最近15年流行曲,年代未核實,粵語,,unknown
era-unverified,POP-1632,年代未核實,看淡,XqCu-t8YWr4,16847599,最近15年流行曲,年代未核實,國語,,unknown
era-unverified,POP-1633,年代未核實,最愛的人傷我最深,bM70w2VT0So,16839516,最近15年流行曲,年代未核實,國語,,unknown
era-unverified,POP-1634,年代未核實,身騎白馬,VzXOT26_Da8,16475141,最近15年流行曲,年代未核實,國語,,unknown
era-unverified,POP-1635,年代未核實,未開始已經結束,HwlYipX78Qo,16364815,最近15年流行曲,年代未核實,粵語,,unknown
era-unverified,POP-1636,年代未核實,我的回憶不是我的,BKld0fxCu9k,16091207,最近15年流行曲,年代未核實,粵語,,unknown
era-unverified,POP-1637,年代未核實,用背脊唱情歌,falq0Gr3rc0,16014739,最近15年流行曲,年代未核實,粵語,,unknown
era-unverified,POP-1638,年代未核實,不是男人,bYWVIRbnRcQ,16003004,最近15年流行曲,年代未核實,國語,,unknown
era-unverified,POP-1639,年代未核實,趁早,oufUB3LTjMQ,15857956,最近15年流行曲,年代未核實,國語,,unknown
era-unverified,POP-1640,年代未核實,鏡中鏡,JvMoytjPmJc,15789324,最近15年流行曲,年代未核實,粵語,,unknown
era-unverified,POP-1641,年代未核實,只知感覺失了蹤,JFuFXngdUO4,15785303,最近15年流行曲,年代未核實,粵語,,unknown
era-unverified,POP-1642,年代未核實,大風吹,HqmpIQ9l-uA,15612087,最近15年流行曲,年代未核實,國語,,unknown
era-unverified,POP-1643,年代未核實,妥協,M00rcJ9gMEc,15609601,最近15年流行曲,年代未核實,國語,,unknown
era-unverified,POP-1644,年代未核實,大人中,Q0W--O7aWBg,15495214,最近15年流行曲,年代未核實,國語,,unknown
era-unverified,POP-1645,年代未核實,超能力,-7uaa_ONFo0,15480919,最近15年流行曲,年代未核實,國語,,unknown
era-unverified,POP-1646,年代未核實,天涯過客,-gJzlOJ0Zoo,15283818,最近15年流行曲,年代未核實,國語,,unknown
era-unverified,POP-1647,年代未核實,愛愛愛,812omgU1tHs,15219024,最近15年流行曲,年代未核實,粵語,,unknown
era-unverified,POP-1648,年代未核實,無人知曉,RtH0BAbUalk,15056360,最近15年流行曲,年代未核實,國語,,unknown
era-unverified,POP-1649,年代未核實,我不需要每一個人都愛我,bZ1nTf_jVKw,14784362,最近15年流行曲,年代未核實,國語,,unknown
era-unverified,POP-1650,年代未核實,驗傷,NGHLVq1Qu18,14742893,最近15年流行曲,年代未核實,粵語,,unknown
era-unverified,POP-1651,年代未核實,我不離開,ekkOp3vsqA8,14736126,最近15年流行曲,年代未核實,國語,,unknown
era-unverified,POP-1652,年代未核實,寧靜海,mfjMLJEWQ8w,14732869,最近15年流行曲,年代未核實,粵語,,unknown
era-unverified,POP-1653,年代未核實,陳凱詠,8wB0S5nZMJw,14624823,最近15年流行曲,年代未核實,粵語,,unknown
era-unverified,POP-1654,年代未核實,如果能幸福,Qx8DWG8x4S4,14622686,最近15年流行曲,年代未核實,國語,,unknown
era-unverified,POP-1655,年代未核實,不可愛教主,63kYZhp-FtU,14182084,最近15年流行曲,年代未核實,粵語,,unknown
era-unverified,POP-1656,年代未核實,風箏,EvW1WO3gHrg,14176374,最近15年流行曲,年代未核實,粵語,,unknown
era-unverified,POP-1657,年代未核實,鯨落,fH7jpaDQ6AQ,14099369,最近15年流行曲,年代未核實,粵語,,unknown
era-unverified,POP-1658,年代未核實,無與倫比的美麗,NA4otP-v6iI,13893582,最近15年流行曲,年代未核實,國語,,unknown
era-unverified,POP-1659,年代未核實,紅豆,3nG--h_EJyc,13772906,最近15年流行曲,年代未核實,國語,,unknown
era-unverified,POP-1660,年代未核實,憨人,1j_mpwKmlJg,13703728,最近15年流行曲,年代未核實,國語,,unknown
era-unverified,POP-1661,年代未核實,床邊故事,-7r6VqSllNg,13660566,最近15年流行曲,年代未核實,國語,,unknown
era-unverified,POP-1662,年代未核實,我只在乎你,FZSVQRLVFy0,13650859,最近15年流行曲,年代未核實,國語,,unknown
era-unverified,POP-1663,年代未核實,小諧星,LoHKilN1-Ug,13572580,最近15年流行曲,年代未核實,粵語,,unknown
era-unverified,POP-1664,年代未核實,幸福之歌,7TefwmjpAqo,13563899,最近15年流行曲,年代未核實,粵語,,unknown
era-unverified,POP-1665,年代未核實,錯過的煙火,9tN1xixvYOc,13455854,最近15年流行曲,年代未核實,國語,,unknown
era-unverified,POP-1666,年代未核實,我看著你的時候,U_WUmCQno3c,13412083,最近15年流行曲,年代未核實,國語,,unknown
era-unverified,POP-1667,年代未核實,廿四味 24,7jpMwwn4V04,13313741,最近15年流行曲,年代未核實,粵語,,unknown
era-unverified,POP-1668,年代未核實,我懷念的,3Xj6QoLmoF0,13267072,最近15年流行曲,年代未核實,國語,,unknown
era-unverified,POP-1669,年代未核實,忘不記,nU4jIUZF_AI,13167966,最近15年流行曲,年代未核實,國語,,unknown
era-unverified,POP-1670,年代未核實,小伙子,BxsW2sBw3pM,12997386,最近15年流行曲,年代未核實,粵語,,unknown
era-unverified,POP-1671,年代未核實,耳朵,wFqUAw_NYvs,12721341,最近15年流行曲,年代未核實,國語,,unknown
era-unverified,POP-1672,年代未核實,還記得,caGhQ2tXAiM,12651046,最近15年流行曲,年代未核實,粵語,,unknown
era-unverified,POP-1673,年代未核實,一去不返,fS-aC4zCQmE,12649611,最近15年流行曲,年代未核實,粵語,,unknown
era-unverified,POP-1674,年代未核實,逆時車站,YUezFrfUxqg,12402468,最近15年流行曲,年代未核實,粵語,,unknown
era-unverified,POP-1675,年代未核實,站在高崗上,i-bu47QpWWc,12308091,最近15年流行曲,年代未核實,國語,,unknown
era-unverified,POP-1676,年代未核實,相信愛,GzheEyoZ5Ok,12294444,最近15年流行曲,年代未核實,國語,,unknown
era-unverified,POP-1677,年代未核實,百年不合,OOEC34Ndb1o,12237669,最近15年流行曲,年代未核實,粵語,,unknown
era-unverified,POP-1678,年代未核實,下一位前度,inYU6vMBwtI,12136102,最近15年流行曲,年代未核實,粵語,,unknown
era-unverified,POP-1679,年代未核實,一雙手,pR6C3yTiSbQ,12109556,最近15年流行曲,年代未核實,粵語,,unknown
era-unverified,POP-1680,年代未核實,永順街39號,iqFi-2EIOO8,12008596,最近15年流行曲,年代未核實,粵語,,unknown
era-unverified,POP-1681,年代未核實,Fly Away,ko7PJcHDxik,11998231,最近15年流行曲,年代未核實,國語,,unknown
era-unverified,POP-1682,年代未核實,主角光環,ShS8UQPUlzc,11738702,最近15年流行曲,年代未核實,粵語,,unknown
era-unverified,POP-1683,年代未核實,馬德里不思議,E7Tz8kWaGhA,11690287,最近15年流行曲,年代未核實,國語,,unknown
era-unverified,POP-1684,年代未核實,浪漫殺死巨蟹座,8qS_WqScQ7Q,11684473,最近15年流行曲,年代未核實,粵語,,unknown
era-unverified,POP-1685,年代未核實,親愛的對象,5mNrRVp-SBc,11619917,最近15年流行曲,年代未核實,國語,,unknown
era-unverified,POP-1686,年代未核實,日常,_vGN_dFtAQI,11593269,最近15年流行曲,年代未核實,國語,,unknown
era-unverified,POP-1687,年代未核實,小心地滑,FlsxLlozYdw,11457566,最近15年流行曲,年代未核實,粵語,,unknown
era-unverified,POP-1688,年代未核實,幸福在歌唱,jeRu6h4XbUU,11441559,最近15年流行曲,年代未核實,國語,,unknown
era-unverified,POP-1689,年代未核實,對的時間點,gORotxnPczg,11390717,最近15年流行曲,年代未核實,國語,,unknown
era-unverified,POP-1690,年代未核實,血腥愛情故事,5O7hdU7ptmY,11320424,最近15年流行曲,年代未核實,國語,,unknown
era-unverified,POP-1691,年代未核實,賽勒斯的愛,RyhF6pAAlPM,11220489,最近15年流行曲,年代未核實,粵語,,unknown
era-unverified,POP-1692,年代未核實,天空沒有極限,gCQuEakOEFo,11217141,最近15年流行曲,年代未核實,國語,,unknown
era-unverified,POP-1693,年代未核實,及時行樂,ocxIKEbKOFs,11113726,最近15年流行曲,年代未核實,粵語,,unknown
era-unverified,POP-1694,年代未核實,孤獨,CvgNQmXqX9M,11059309,最近15年流行曲,年代未核實,國語,,unknown
era-unverified,POP-1695,年代未核實,青春告別式,4Ch6C-U6dcs,10977373,最近15年流行曲,年代未核實,粵語,,unknown
era-unverified,POP-1696,年代未核實,一表人才,Xksy4opi9s8,10945731,最近15年流行曲,年代未核實,粵語,,unknown
era-unverified,POP-1697,年代未核實,哀的美敦書,9miY1Nkq3tE,10904818,最近15年流行曲,年代未核實,粵語,,unknown
era-unverified,POP-1698,年代未核實,幸福太短,2UArpayTTGA,10870557,最近15年流行曲,年代未核實,國語,,unknown
era-unverified,POP-1699,年代未核實,心之科學,_ULjdb75WJw,10773939,最近15年流行曲,年代未核實,粵語,,unknown
era-unverified,POP-1700,年代未核實,我不難過,GDsyUtdS1YM,10719471,最近15年流行曲,年代未核實,國語,,unknown
era-unverified,POP-1701,年代未核實,懸日,Nf1C1fSJG_8,10711675,最近15年流行曲,年代未核實,國語,,unknown
era-unverified,POP-1702,年代未核實,幸福額度,lWd7YUSzTMg,10633372,最近15年流行曲,年代未核實,國語,,unknown
era-unverified,POP-1703,年代未核實,因為是你,1a7V8zwbD8o,10584396,最近15年流行曲,年代未核實,國語,,unknown
era-unverified,POP-1704,年代未核實,你不會一輩子的愛上我,M8vhBqXpXH4,10493107,最近15年流行曲,年代未核實,粵語,,unknown
era-unverified,POP-1705,年代未核實,將軍令,_XYcCNY-ass,10477463,最近15年流行曲,年代未核實,國語,,unknown
era-unverified,POP-1706,年代未核實,好想好想你,P6QXo88IG2c,10445932,最近15年流行曲,年代未核實,國語,,unknown
era-unverified,POP-1707,年代未核實,不關你的事,o5bMvBVhnWQ,10421424,最近15年流行曲,年代未核實,國語,,unknown
era-unverified,POP-1708,年代未核實,雙雙,exnXygiEBlo,10381657,最近15年流行曲,年代未核實,粵語,,unknown
era-unverified,POP-1709,年代未核實,因為愛,d7YJ_fOcOks,10348134,最近15年流行曲,年代未核實,國語,,unknown
era-unverified,POP-1710,年代未核實,無力挽回,SnTZjs8pJXI,10287666,最近15年流行曲,年代未核實,粵語,,unknown
era-unverified,POP-1711,年代未核實,一樣美麗,-GD5oWucV3Y,10169750,最近15年流行曲,年代未核實,國語,,unknown
era-unverified,POP-1712,年代未核實,演員,XaN3kUz4KSw,10141298,最近15年流行曲,年代未核實,國語,,unknown
era-unverified,POP-1713,年代未核實,不難,jCYm_qzcMYw,10128376,最近15年流行曲,年代未核實,國語,,unknown
era-unverified,POP-1714,年代未核實,面具,p0NmAmbCr4I,10092856,最近15年流行曲,年代未核實,國語,,unknown
era-unverified,POP-1715,年代未核實,國際孤獨等級,MbD7TAlBFDc,10066231,最近15年流行曲,年代未核實,粵語,,unknown
era-unverified,POP-1716,年代未核實,小時候,xpT7av-kiXg,10004233,最近15年流行曲,年代未核實,國語,,unknown
era-unverified,POP-1717,年代未核實,留下來的人,SDlY5WXq4bA,9991172,最近15年流行曲,年代未核實,粵語,,unknown
era-unverified,POP-1718,年代未核實,永遠飛行模式,gDFtTf5zAww,9948040,最近15年流行曲,年代未核實,粵語,,unknown
era-unverified,POP-1719,年代未核實,下雨天,G9Xz4Z1P_dE,9901021,最近15年流行曲,年代未核實,國語,,unknown
era-unverified,POP-1720,年代未核實,一加一,EGgtmKF7saI,9884811,最近15年流行曲,年代未核實,粵語,,unknown
era-unverified,POP-1721,年代未核實,不為誰而作的歌,f5s2ujeJ-TA,9783439,最近15年流行曲,年代未核實,國語,,unknown
era-unverified,POP-1722,年代未核實,說走就走,NH43WjeoVgs,9762229,最近15年流行曲,年代未核實,國語,,unknown
era-unverified,POP-1723,年代未核實,孤雛,ZyORtO7kTaw,9702882,最近15年流行曲,年代未核實,粵語,,unknown
era-unverified,POP-1724,年代未核實,I Do,wIgduzASI6A,9652620,最近15年流行曲,年代未核實,國語,,unknown
era-unverified,POP-1725,年代未核實,太陽之子,Hgnpi3eBQ9o,9601849,最近15年流行曲,年代未核實,國語,,unknown
era-unverified,POP-1726,年代未核實,愚人節快樂,QVIrAWjB2ZU,9599082,最近15年流行曲,年代未核實,國語,,unknown
era-unverified,POP-1727,年代未核實,慢慢等,smaCyk6HIuA,9424008,最近15年流行曲,年代未核實,國語,,unknown
era-unverified,POP-1728,年代未核實,在你身邊,tHmsHgQSsbo,9341971,最近15年流行曲,年代未核實,國語,,unknown
era-unverified,POP-1729,年代未核實,安徒生的錯,VKhim8w5XQ0,9293175,最近15年流行曲,年代未核實,粵語,,unknown
era-unverified,POP-1730,年代未核實,遇见,crAxGj6ABk0,16052360,最近15年流行曲,年代未核實,國語,,unknown
era-unverified,POP-1731,年代未核實,太空人,kRxk9v0bsC0,9204189,最近15年流行曲,年代未核實,國語,,unknown
era-unverified,POP-1732,年代未核實,想念你想我,WIwn0DkcFEA,9013802,最近15年流行曲,年代未核實,國語,,unknown
era-unverified,POP-1733,年代未核實,倒影,a0AyNzV3yk8,8989898,最近15年流行曲,年代未核實,國語,,unknown
era-unverified,POP-1734,年代未核實,老街,XadF4AbmHeA,8966943,最近15年流行曲,年代未核實,國語,,unknown
era-unverified,POP-1735,年代未核實,反方向的鐘,fuM1aVCGR8c,8935509,最近15年流行曲,年代未核實,國語,,unknown
era-unverified,POP-1736,年代未核實,小時候的我們,lxsOcRm3dsU,8922149,最近15年流行曲,年代未核實,國語,,unknown
era-unverified,POP-1737,年代未核實,窮小子,V9avzVX0GCc,8742915,最近15年流行曲,年代未核實,粵語,,unknown
era-unverified,POP-1738,年代未核實,地球上的最後一朵花,YIZCano1dP0,8708673,最近15年流行曲,年代未核實,粵語,,unknown
era-unverified,POP-1739,年代未核實,抱一抱一下,K3R2JTNk3us,8665118,最近15年流行曲,年代未核實,國語,,unknown
era-unverified,POP-1740,年代未核實,規則就是用來打破的,Ryjh-YcO4ag,8579864,最近15年流行曲,年代未核實,國語,,unknown
era-unverified,POP-1741,年代未核實,寂寞男孩,iMMQqAEzmV0,8548538,最近15年流行曲,年代未核實,粵語,,unknown
era-unverified,POP-1742,年代未核實,兩個你,qj5k19iT63A,8410433,最近15年流行曲,年代未核實,國語,,unknown
era-unverified,POP-1743,年代未核實,就是愛,nwcHdFQ-fq8,8330751,最近15年流行曲,年代未核實,國語,,unknown
era-unverified,POP-1744,年代未核實,雙截棍,OR-0wptI_u0,8315746,最近15年流行曲,年代未核實,國語,,unknown
era-unverified,POP-1745,年代未核實,月球下的人,W73UOP-SVfo,8290254,最近15年流行曲,年代未核實,粵語,,unknown
era-unverified,POP-1746,年代未核實,仍在,JIVzKKQ4Uds,8285402,最近15年流行曲,年代未核實,粵語,,unknown
era-unverified,POP-1747,年代未核實,某種老朋友,bvhbM0JGsx4,8248622,最近15年流行曲,年代未核實,粵語,,unknown
era-unverified,POP-1748,年代未核實,掉進海的眼淚,AmVxtzQPurY,8130623,最近15年流行曲,年代未核實,粵語,,unknown
era-unverified,POP-1749,年代未核實,垃圾車,nIe3FLKNwTA,8117094,最近15年流行曲,年代未核實,國語,,unknown
era-unverified,POP-1750,年代未核實,另一個諾貝爾,wq5WWRe7uHc,8098172,最近15年流行曲,年代未核實,粵語,,unknown
era-unverified,POP-1751,年代未核實,痛快的哀艷,A6g0ncregRc,8076384,最近15年流行曲,年代未核實,國語,,unknown
era-unverified,POP-1752,年代未核實,命硬,E9BgBB0JQ8E,8048517,最近15年流行曲,年代未核實,粵語,,unknown
era-unverified,POP-1753,年代未核實,逆光,JCqJcK3v4q0,8001407,最近15年流行曲,年代未核實,國語,,unknown
era-unverified,POP-1754,年代未核實,熊麻吉,uRaxsfx-O4Y,7974679,最近15年流行曲,年代未核實,國語,,unknown
era-unverified,POP-1755,年代未核實,隔牆有耳,fisaIfuxues,7894722,最近15年流行曲,年代未核實,粵語,,unknown
era-unverified,POP-1756,年代未核實,在空中的這一秒,jZrDc9HDfx0,7889732,最近15年流行曲,年代未核實,粵語,,unknown
era-unverified,POP-1757,年代未核實,三年二班,_trE3M24kQY,7878352,最近15年流行曲,年代未核實,國語,,unknown
era-unverified,POP-1758,年代未核實,新斗羅大陸,N9Pi50O7ZR4,7731269,最近15年流行曲,年代未核實,國語,,unknown
era-unverified,POP-1759,年代未核實,你不是第一個離開的人,F4vGFscB_fg,7712199,最近15年流行曲,年代未核實,國語,,unknown
era-unverified,POP-1760,年代未核實,愛琴海,ZLldhJXp7iw,7584509,最近15年流行曲,年代未核實,國語,,unknown
era-unverified,POP-1761,年代未核實,聽不到,U-C0Z3ys_C8,7557148,最近15年流行曲,年代未核實,國語,,unknown
era-unverified,POP-1762,年代未核實,白果,N2pHRj07BlM,7453453,最近15年流行曲,年代未核實,粵語,,unknown
era-unverified,POP-1763,年代未核實,你也有今天,jhR1d6Cssic,7422925,最近15年流行曲,年代未核實,國語,,unknown
era-unverified,POP-1764,年代未核實,岩巉,eUjogRMPTQU,7402430,最近15年流行曲,年代未核實,粵語,,unknown
era-unverified,POP-1765,年代未核實,小心碰頭,7P76AY8DtqY,7354722,最近15年流行曲,年代未核實,粵語,,unknown
era-unverified,POP-1766,年代未核實,最難的是相遇,5sbFn-FPdAk,7333530,最近15年流行曲,年代未核實,國語,,unknown
era-unverified,POP-1767,年代未核實,四面楚歌,JljURsMOLmc,7299774,最近15年流行曲,年代未核實,國語,,unknown
era-unverified,POP-1768,年代未核實,我要快樂？,NilgON1msY8,7227728,最近15年流行曲,年代未核實,國語,,unknown
era-unverified,POP-1769,年代未核實,不喜歡沒有你的地方,UihvcESfV3Y,7214204,最近15年流行曲,年代未核實,國語,,unknown
era-unverified,POP-1770,年代未核實,母系社會,IE-G5W--RhE,7208250,最近15年流行曲,年代未核實,國語,,unknown
era-unverified,POP-1771,年代未核實,先哭為敬,NwRPoas89Oo,7110766,最近15年流行曲,年代未核實,粵語,,unknown
era-unverified,POP-1772,年代未核實,離開台北,T_AFMCpQgkI,7097137,最近15年流行曲,年代未核實,國語,,unknown
era-unverified,POP-1773,年代未核實,黑月,YKRfaH3xkgk,7096155,最近15年流行曲,年代未核實,粵語,,unknown
era-unverified,POP-1774,年代未核實,蝸牛,0iahm62GqEo,7076353,最近15年流行曲,年代未核實,粵語,,unknown
era-unverified,POP-1775,年代未核實,真話的清高,D5frN9bPlUo,7069177,最近15年流行曲,年代未核實,粵語,,unknown
era-unverified,POP-1776,年代未核實,分手需要練習的,XbZbW983N1Y,7056187,最近15年流行曲,年代未核實,國語,,unknown
era-unverified,POP-1777,年代未核實,醉赤壁,1fgmcZ3VLMc,7024144,最近15年流行曲,年代未核實,國語,,unknown
era-unverified,POP-1778,年代未核實,小宇宙,1PyWsk_9Fd8,6981041,最近15年流行曲,年代未核實,國語,,unknown
era-unverified,POP-1779,年代未核實,罪惡感,yRWXRTcfnhk,6953951,最近15年流行曲,年代未核實,國語,,unknown
era-unverified,POP-1780,年代未核實,再不再見,1kenSheA9o0,6898394,最近15年流行曲,年代未核實,粵語,,unknown
era-unverified,POP-1781,年代未核實,偷情,bZQ5pJMnauQ,6883213,最近15年流行曲,年代未核實,粵語,,unknown
era-unverified,POP-1782,年代未核實,繞路,mcJB9H0Nvbc,6856152,最近15年流行曲,年代未核實,國語,,unknown
era-unverified,POP-1783,年代未核實,懷疑人生,Lmm6dfPiJDM,6789426,最近15年流行曲,年代未核實,粵語,,unknown
era-unverified,POP-1784,年代未核實,你們的幸福,oYgMRIIVX3w,6781090,最近15年流行曲,年代未核實,粵語,,unknown
era-unverified,POP-1785,年代未核實,人類群星閃耀時,cWQ99uzuqJ8,6780053,最近15年流行曲,年代未核實,粵語,,unknown
era-unverified,POP-1786,年代未核實,年輪說,7M8GD3pHLek,6765988,最近15年流行曲,年代未核實,國語,,unknown
era-unverified,POP-1787,年代未核實,慢靈魂,2n7EP62ocHM,6670240,最近15年流行曲,年代未核實,國語,,unknown
era-unverified,POP-1788,年代未核實,願與愁,MISqtaNt1vg,6651500,最近15年流行曲,年代未核實,國語,,unknown
era-unverified,POP-1789,年代未核實,在月台上等你,CButi-4oCaQ,6539909,最近15年流行曲,年代未核實,粵語,,unknown
era-unverified,POP-1790,年代未核實,薄情歌,RjLDdIr_aDI,6509760,最近15年流行曲,年代未核實,粵語,,unknown
era-unverified,POP-1791,年代未核實,你要不要吃哈密瓜,TRDV0xw3j4Y,6428245,最近15年流行曲,年代未核實,國語,,unknown
era-unverified,POP-1792,年代未核實,來互相傷害,sqV-JIEavgU,6378094,最近15年流行曲,年代未核實,國語,,unknown
era-unverified,POP-1793,年代未核實,神奇的糊塗魔藥,jrP24ZSYHts,6356408,最近15年流行曲,年代未核實,粵語,,unknown
era-unverified,POP-1794,年代未核實,最好是,_Ah6fSDHTq4,6353712,最近15年流行曲,年代未核實,國語,,unknown
era-unverified,POP-1795,年代未核實,捉妖記,zUhxzZkCixI,6346004,最近15年流行曲,年代未核實,國語,,unknown
era-unverified,POP-1796,年代未核實,以孤獨命名,TnCUUWXCL-M,6344881,最近15年流行曲,年代未核實,粵語,,unknown
era-unverified,POP-1797,年代未核實,追光者,GIKmtqjlvuA,6335001,最近15年流行曲,年代未核實,粵語,,unknown
era-unverified,POP-1798,年代未核實,心中無別人,EitgfC3gg7M,6282770,最近15年流行曲,年代未核實,國語,,unknown
era-unverified,POP-1799,年代未核實,兩個自己,9drLLoyt_bc,6133110,最近15年流行曲,年代未核實,國語,,unknown
era-unverified,POP-1800,年代未核實,靈魂相認,PZSp9mTgx6E,6114736,最近15年流行曲,年代未核實,粵語,,unknown
era-unverified,POP-1801,年代未核實,終止戀愛,ck6cdBuI0qM,6113300,最近15年流行曲,年代未核實,國語,,unknown
era-unverified,POP-1802,年代未核實,租購,rD2IXdpwmkc,6099176,最近15年流行曲,年代未核實,國語,,unknown
era-unverified,POP-1803,年代未核實,多少年,pRtvIGsmJoQ,6075206,最近15年流行曲,年代未核實,粵語,,unknown
era-unverified,POP-1804,年代未核實,人類不宜飛行,Bbihv6KKXNY,6073726,最近15年流行曲,年代未核實,粵語,,unknown
verified-era,POP-1805,90年代流行曲,有心人,WhJtXSIzfG8,6055962,最近15年流行曲,90年代流行曲,國語,1996,title-match
era-unverified,POP-1806,年代未核實,其實,YT3HI5hyMi4,6055464,最近15年流行曲,年代未核實,國語,,unknown
era-unverified,POP-1807,年代未核實,小白,fooyt-XpRCY,5968026,最近15年流行曲,年代未核實,粵語,,unknown
era-unverified,POP-1808,年代未核實,她的睫毛,gqzlB7Gla2E,5963057,最近15年流行曲,年代未核實,國語,,unknown
era-unverified,POP-1809,年代未核實,正式開始,beugiCFkmVQ,5938372,最近15年流行曲,年代未核實,粵語,,unknown
era-unverified,POP-1810,年代未核實,突然好想你,hCU0NbG9aOA,5935493,最近15年流行曲,年代未核實,國語,,unknown
era-unverified,POP-1811,年代未核實,遇上你之前的我,osB_fLYdkkM,5879862,最近15年流行曲,年代未核實,粵語,,unknown
era-unverified,POP-1812,年代未核實,歌頌者,Hk11G2oECSY,5830452,最近15年流行曲,年代未核實,國語,,unknown
era-unverified,POP-1813,年代未核實,諷刺的情書,o2zUZmUmwUg,5759117,最近15年流行曲,年代未核實,國語,,unknown
era-unverified,POP-1814,年代未核實,牛仔很忙,9o20U91aJdg,5747258,最近15年流行曲,年代未核實,國語,,unknown
era-unverified,POP-1815,年代未核實,有你聽我的故事,mw8bM7IPJto,5738731,最近15年流行曲,年代未核實,粵語,,unknown
era-unverified,POP-1816,年代未核實,聖馬力諾之心,06DLtL10XdA,5705088,最近15年流行曲,年代未核實,粵語,,unknown
era-unverified,POP-1817,年代未核實,致我,qed7secMXV4,5666126,最近15年流行曲,年代未核實,粵語,,unknown
era-unverified,POP-1818,年代未核實,我們沒開始,ShUcwdlwzhI,5657213,最近15年流行曲,年代未核實,國語,,unknown
era-unverified,POP-1819,年代未核實,這天,eg_YNQGphaA,5651769,最近15年流行曲,年代未核實,國語,,unknown
era-unverified,POP-1820,年代未核實,泡沫,CQEXldyfGGM,5649082,最近15年流行曲,年代未核實,國語,,unknown
era-unverified,POP-1821,年代未核實,甘心替代你,7Janb9y34EY,5599758,最近15年流行曲,年代未核實,粵語,,unknown
era-unverified,POP-1822,年代未核實,拼命無恙,41AdjEHgi4g,5563177,最近15年流行曲,年代未核實,粵語,,unknown
era-unverified,POP-1823,年代未核實,比莉,YnfLgQTcR5M,5532451,最近15年流行曲,年代未核實,國語,,unknown
era-unverified,POP-1824,年代未核實,最後一次,pIMxN6Ep9-k,5525748,最近15年流行曲,年代未核實,粵語,,unknown
verified-era,POP-1825,90年代流行曲,今生今世,nDYUfomU2V8,5505464,最近15年流行曲,90年代流行曲,粵語,1995,title-match
era-unverified,POP-1826,年代未核實,夠鐘,Dj_sPrVTKBQ,5499712,最近15年流行曲,年代未核實,粵語,,unknown
era-unverified,POP-1827,年代未核實,問好,PtZBK0M4hW4,5496610,最近15年流行曲,年代未核實,粵語,,unknown
era-unverified,POP-1828,年代未核實,這麼近那麼遠,NHCBj_Ei92U,5482999,最近15年流行曲,年代未核實,粵語,,unknown
era-unverified,POP-1829,年代未核實,超溫馨,YPJljJJzKFo,5378954,最近15年流行曲,年代未核實,粵語,,unknown
era-unverified,POP-1830,年代未核實,近未來,j6qKJjSeIo4,5350954,最近15年流行曲,年代未核實,國語,,unknown
era-unverified,POP-1831,年代未核實,你呢,FTOapmOLB_M,5350265,最近15年流行曲,年代未核實,國語,,unknown
era-unverified,POP-1832,年代未核實,最後晚餐,mIxp4R_ysCc,5338390,最近15年流行曲,年代未核實,粵語,,unknown
era-unverified,POP-1833,年代未核實,祝你幸福,OcdvLe8DWqQ,5322415,最近15年流行曲,年代未核實,國語,,unknown
era-unverified,POP-1834,年代未核實,污糟兒,L-UehndXVYs,5295868,最近15年流行曲,年代未核實,粵語,,unknown
era-unverified,POP-1835,年代未核實,好想約你♡,xkLBTGAaTiQ,5280774,最近15年流行曲,年代未核實,粵語,,unknown
era-unverified,POP-1836,年代未核實,我不想你想你了,8ySMekbQva8,5241290,最近15年流行曲,年代未核實,國語,,unknown
era-unverified,POP-1837,年代未核實,給缺席的人唱首歌,YjgeLmX-6HE,5161553,最近15年流行曲,年代未核實,粵語,,unknown
era-unverified,POP-1838,年代未核實,愛的羅曼死,WlL0DsoqmEM,5124039,最近15年流行曲,年代未核實,國語,,unknown
era-unverified,POP-1839,年代未核實,他舉起右手點名,cuEja-aL1Uk,5120799,最近15年流行曲,年代未核實,國語,,unknown
era-unverified,POP-1840,年代未核實,第一天,y3lP_gPjlUo,5037774,最近15年流行曲,年代未核實,國語,,unknown
era-unverified,POP-1841,年代未核實,寂寞就如,HMkrXFIs6XQ,5025119,最近15年流行曲,年代未核實,粵語,,unknown
era-unverified,POP-1842,年代未核實,好不容易,caxiOmSWWEM,49925388,最近15年流行曲,年代未核實,國語,,unknown
era-unverified,POP-1843,年代未核實,一直走,2q0M6emwgJA,4955903,最近15年流行曲,年代未核實,國語,,unknown
era-unverified,POP-1844,年代未核實,皆可,fT9BZh4LeO0,4952592,最近15年流行曲,年代未核實,國語,,unknown
era-unverified,POP-1845,年代未核實,無誠勿愛,YBwnUPcN47Q,4942127,最近15年流行曲,年代未核實,國語,,unknown
era-unverified,POP-1846,年代未核實,理性與任性之間,xMLuHGu-BPU,4928703,最近15年流行曲,年代未核實,粵語,,unknown
era-unverified,POP-1847,年代未核實,柔軟,qjSsdOoMhcY,4916717,最近15年流行曲,年代未核實,國語,,unknown
era-unverified,POP-1848,年代未核實,年少有為,Dnj5Tcpev0Q,166264251,最近15年流行曲,年代未核實,國語,,unknown
era-unverified,POP-1849,年代未核實,沒了妳,HQDDlgGy2hg,126178904,最近15年流行曲,年代未核實,國語,,unknown
verified-era,POP-1850,80年代流行曲,喜歡你,4OqXWzekVw4,112841044,最近15年流行曲,80年代流行曲,國語,1988,title-match
era-unverified,POP-1851,年代未核實,後來,t0igPuDjYUE,105637415,最近15年流行曲,年代未核實,國語,,unknown
era-unverified,POP-1852,年代未核實,兜圈,Mqr-kjvXsk8,99891419,最近15年流行曲,年代未核實,國語,,unknown
era-unverified,POP-1853,年代未核實,成全,JfnQ8qtcDyQ,94509953,最近15年流行曲,年代未核實,國語,,unknown
era-unverified,POP-1854,年代未核實,寂寞寂寞就好,DyFIzKYQQYE,91682447,最近15年流行曲,年代未核實,國語,,unknown
era-unverified,POP-1855,年代未核實,還是要幸福,1CcQDuuhdXA,84907048,最近15年流行曲,年代未核實,國語,,unknown
era-unverified,POP-1856,年代未核實,命運,LWmVK8K2QhM,75219049,最近15年流行曲,年代未核實,國語,,unknown
era-unverified,POP-1857,年代未核實,乾杯,qX2GsMj7154,61252492,最近15年流行曲,年代未核實,國語,,unknown
era-unverified,POP-1858,年代未核實,不醉不會,7gQxgKaiPzk,60209436,最近15年流行曲,年代未核實,國語,,unknown
era-unverified,POP-1859,年代未核實,我的路,mNMH7SLGDOw,57440139,最近15年流行曲,年代未核實,國語,,unknown
era-unverified,POP-1860,年代未核實,怪情歌,pGNnHRLVR6c,55086097,最近15年流行曲,年代未核實,國語,,unknown
era-unverified,POP-1861,年代未核實,離開的一路上,3hLESh77fSg,52776777,最近15年流行曲,年代未核實,國語,,unknown
era-unverified,POP-1862,年代未核實,終於結束的起點,Jv3zvWZlXkk,42900583,最近15年流行曲,年代未核實,國語,,unknown
era-unverified,POP-1863,年代未核實,雨愛,oec9R5ypf-o,38770463,最近15年流行曲,年代未核實,國語,,unknown
era-unverified,POP-1864,年代未核實,心內的話,qV--s0Hc_wo,33657113,最近15年流行曲,年代未核實,國語,,unknown
era-unverified,POP-1865,年代未核實,下一個天亮,AEUmLttrY5s,32212139,最近15年流行曲,年代未核實,國語,,unknown
era-unverified,POP-1866,年代未核實,挪威的森林,ShYLgpfW7aU,29754574,最近15年流行曲,年代未核實,國語,,unknown
era-unverified,POP-1867,年代未核實,長途夜車,c9PEYJdwdwI,26522318,最近15年流行曲,年代未核實,國語,,unknown
era-unverified,POP-1868,年代未核實,大眠,VS1lvYuW3LQ,25874134,最近15年流行曲,年代未核實,國語,,unknown
era-unverified,POP-1869,年代未核實,失憶的金魚,kn6_RH1t7_I,23898344,最近15年流行曲,年代未核實,國語,,unknown
era-unverified,POP-1870,年代未核實,王妃,qnDlH_S4Fak,23750726,最近15年流行曲,年代未核實,國語,,unknown
era-unverified,POP-1871,年代未核實,戀人未滿,jL6D7rqk4SQ,23672238,最近15年流行曲,年代未核實,國語,,unknown
era-unverified,POP-1872,年代未核實,頑固,YKiMrg6rgYQ,23484531,最近15年流行曲,年代未核實,國語,,unknown
era-unverified,POP-1873,年代未核實,渺小,BClZoVLwZCE,22028826,最近15年流行曲,年代未核實,國語,,unknown
era-unverified,POP-1874,年代未核實,不是因為天氣晴朗才愛你,9_068Ekk_fs,20713361,最近15年流行曲,年代未核實,國語,,unknown
era-unverified,POP-1875,年代未核實,愛上你,kPUc7w3G-WM,20661634,最近15年流行曲,年代未核實,國語,,unknown
era-unverified,POP-1876,年代未核實,十七,i8cptH7f7lE,20409553,最近15年流行曲,年代未核實,國語,,unknown
era-unverified,POP-1877,年代未核實,我想我不會愛你,jmvsxBwpnIQ,19752236,最近15年流行曲,年代未核實,國語,,unknown
era-unverified,POP-1878,年代未核實,盛夏之約,6Xu-TGL-_qk,19239078,最近15年流行曲,年代未核實,國語,,unknown
era-unverified,POP-1879,年代未核實,時候不早,levtdfsgdpE,18453908,最近15年流行曲,年代未核實,粵語,,unknown
era-unverified,POP-1880,年代未核實,匿名的好友,s9hGDIpwfXw,17920729,最近15年流行曲,年代未核實,國語,,unknown
era-unverified,POP-1881,年代未核實,安靜了,xChME6md5kg,17627417,最近15年流行曲,年代未核實,國語,,unknown
era-unverified,POP-1882,年代未核實,不哭,OC1QZH5Oi5A,17444507,最近15年流行曲,年代未核實,國語,,unknown
era-unverified,POP-1883,年代未核實,最重要的決定,RmrVpCVoVJU,17044725,最近15年流行曲,年代未核實,國語,,unknown
era-unverified,POP-1884,年代未核實,理想情人,2O2bBhjudXw,16382043,最近15年流行曲,年代未核實,國語,,unknown
era-unverified,POP-1885,年代未核實,九九,To7qHHaTl0s,15530142,最近15年流行曲,年代未核實,國語,,unknown
era-unverified,POP-1886,年代未核實,華納,N9yS6lll1rk,15370085,最近15年流行曲,年代未核實,國語,,unknown
era-unverified,POP-1887,年代未核實,其實我們值得幸福,n47PIx7IqeQ,15273776,最近15年流行曲,年代未核實,國語,,unknown
era-unverified,POP-1888,年代未核實,流星雨,T--M_M2NvhM,14825588,最近15年流行曲,年代未核實,國語,,unknown
era-unverified,POP-1889,年代未核實,在青春迷失的咖啡館,M-JniYT3_pE,14042431,最近15年流行曲,年代未核實,國語,,unknown
era-unverified,POP-1890,年代未核實,少女,Vs9A65M3v-k,13667406,最近15年流行曲,年代未核實,國語,,unknown
era-unverified,POP-1891,年代未核實,自然醒,jUb1XQzNiCI,12859295,最近15年流行曲,年代未核實,國語,,unknown
era-unverified,POP-1892,年代未核實,點水,BjtOxuT8Zec,12807496,最近15年流行曲,年代未核實,國語,,unknown
era-unverified,POP-1893,年代未核實,皮囊,WNdB7rBpGhk,12733732,最近15年流行曲,年代未核實,國語,,unknown
era-unverified,POP-1894,年代未核實,女醫明妃傳,-n2TXWcCzjo,12444919,最近15年流行曲,年代未核實,國語,,unknown
era-unverified,POP-1895,年代未核實,觸電,a5Fsia3hKyo,12195343,最近15年流行曲,年代未核實,國語,,unknown
era-unverified,POP-1896,年代未核實,如煙,Qd9YGu3FWgc,12177432,最近15年流行曲,年代未核實,國語,,unknown
era-unverified,POP-1897,年代未核實,觀眾,k2Dj3uZVfok,11594737,最近15年流行曲,年代未核實,國語,,unknown
era-unverified,POP-1898,年代未核實,阿飛的小蝴蝶,vNR3MlBBDZo,10891610,最近15年流行曲,年代未核實,國語,,unknown
era-unverified,POP-1899,年代未核實,猴籠,033JQZV8cJU,10526146,最近15年流行曲,年代未核實,國語,,unknown
era-unverified,POP-1900,年代未核實,藍色的你,nL_VoX0ZR0E,10344808,最近15年流行曲,年代未核實,國語,,unknown
era-unverified,POP-1901,年代未核實,為你寫下這首情歌,V9sWPHGbESM,10226010,最近15年流行曲,年代未核實,國語,,unknown
era-unverified,POP-1902,年代未核實,遠在眼前的你,pTQO9AktIV8,10141381,最近15年流行曲,年代未核實,國語,,unknown
era-unverified,POP-1903,年代未核實,一眼萬年,IhUGIZjOwWs,10110579,最近15年流行曲,年代未核實,國語,,unknown
era-unverified,POP-1904,年代未核實,我想要佔據你,IT35gZlLYXQ,10060407,最近15年流行曲,年代未核實,國語,,unknown
era-unverified,POP-1905,年代未核實,獨一無二,kchgp0E-P4w,9827660,最近15年流行曲,年代未核實,國語,,unknown
era-unverified,POP-1906,年代未核實,趁少年,Sj8vtJYlHOg,9288200,最近15年流行曲,年代未核實,國語,,unknown
era-unverified,POP-1907,年代未核實,你不會,KuAaj0OC-Zs,8641804,最近15年流行曲,年代未核實,國語,,unknown
era-unverified,POP-1908,年代未核實,夠了,ExT-8Z6_iSc,8380029,最近15年流行曲,年代未核實,國語,,unknown
era-unverified,POP-1909,年代未核實,天堂島,IBq5USw6AoQ,8211128,最近15年流行曲,年代未核實,國語,,unknown
era-unverified,POP-1910,年代未核實,還是會,eGNqW9sybyU,8061205,最近15年流行曲,年代未核實,國語,,unknown
era-unverified,POP-1911,年代未核實,認真如初,04ThjOzaETs,7994203,最近15年流行曲,年代未核實,粵語,,unknown
era-unverified,POP-1912,年代未核實,全是愛,UlUy1f66lII,7911040,最近15年流行曲,年代未核實,國語,,unknown
era-unverified,POP-1913,年代未核實,一念之間,AfFpsCz-aoY,7878920,最近15年流行曲,年代未核實,國語,,unknown
era-unverified,POP-1914,年代未核實,無情的情書,pPr8vkMAe9w,7730046,最近15年流行曲,年代未核實,國語,,unknown
era-unverified,POP-1915,年代未核實,小丑,PdcheAL3J9I,7609842,最近15年流行曲,年代未核實,國語,,unknown
era-unverified,POP-1916,年代未核實,說你愛我,LaiZQ1z_nRQ,7318313,最近15年流行曲,年代未核實,國語,,unknown
era-unverified,POP-1917,年代未核實,美麗新世界,QDiSck_imgw,6749481,最近15年流行曲,年代未核實,國語,,unknown
era-unverified,POP-1918,年代未核實,倒帶,m0mFZMco_PA,5595714,最近15年流行曲,年代未核實,國語,,unknown
era-unverified,POP-1919,年代未核實,永遠都在,a8-9we0HjA4,5557842,最近15年流行曲,年代未核實,國語,,unknown
era-unverified,POP-1920,年代未核實,伯樂,Q8XCxvpMYKQ,5041282,最近15年流行曲,年代未核實,國語,,unknown
era-unverified,POP-1921,年代未核實,愛情句型,wvrQU9VCts0,5028030,最近15年流行曲,年代未核實,國語,,unknown
era-unverified,POP-1922,年代未核實,忘了我也不錯,ePNzWWfaX6k,4961555,最近15年流行曲,年代未核實,國語,,unknown
era-unverified,POP-1923,年代未核實,男人背後,FdeE0b9OFBE,4537081,最近15年流行曲,年代未核實,粵語,,unknown
era-unverified,POP-1924,年代未核實,圈套,ZWcmGnbs2lQ,4355417,最近15年流行曲,年代未核實,國語,,unknown
era-unverified,POP-1925,年代未核實,我愛雨夜花,nDdGUuWxXGE,4119722,最近15年流行曲,年代未核實,國語,,unknown
era-unverified,POP-1926,年代未核實,飲勝,2iOTunnAXqg,4041248,最近15年流行曲,年代未核實,國語,,unknown
era-unverified,POP-1927,年代未核實,獨善其身,6V9iNXXol1Q,4019230,最近15年流行曲,年代未核實,國語,,unknown
era-unverified,POP-1928,年代未核實,你流淚所以我流淚,Hn1gk94I4zA,3870755,最近15年流行曲,年代未核實,粵語,,unknown
era-unverified,POP-1929,年代未核實,第一滴淚,07tZdoZjS78,3812131,最近15年流行曲,年代未核實,國語,,unknown
era-unverified,POP-1930,年代未核實,Gigi,6tDVANFrRsI,3700690,最近15年流行曲,年代未核實,粵語,,unknown
era-unverified,POP-1931,年代未核實,有故事的人,iM_KHFyPa_o,3624083,最近15年流行曲,年代未核實,粵語,,unknown
era-unverified,POP-1932,年代未核實,少年維特的煩惱,koMitB0qU38,3609918,最近15年流行曲,年代未核實,國語,,unknown
era-unverified,POP-1933,年代未核實,你都有今日,8CSDHJKznjQ,3519511,最近15年流行曲,年代未核實,粵語,,unknown
era-unverified,POP-1934,年代未核實,波斯貓,wpq30k3cYFY,3513494,最近15年流行曲,年代未核實,國語,,unknown
era-unverified,POP-1935,年代未核實,姊妹,OO60xtWjLRw,3338870,最近15年流行曲,年代未核實,國語,,unknown
era-unverified,POP-1936,年代未核實,一所懸命,KJDtNy8TLaA,3103829,最近15年流行曲,年代未核實,粵語,,unknown
era-unverified,POP-1937,年代未核實,水星逆行,KsEJ60ECj5Y,3084371,最近15年流行曲,年代未核實,國語,,unknown
era-unverified,POP-1938,年代未核實,玩偶奇遇記,J8HTK1ff-ak,2990092,最近15年流行曲,年代未核實,粵語,,unknown
era-unverified,POP-1939,年代未核實,一起去跑步,m99Py_8NtZE,2976012,最近15年流行曲,年代未核實,國語,,unknown
era-unverified,POP-1940,年代未核實,一點點,trfYUpA369o,2947653,最近15年流行曲,年代未核實,國語,,unknown
era-unverified,POP-1941,年代未核實,殘酷遊戲,FdSdiF8fu8c,2795799,最近15年流行曲,年代未核實,粵語,,unknown
era-unverified,POP-1942,年代未核實,黑夜的星,dUWvqjefEd4,2768636,最近15年流行曲,年代未核實,國語,,unknown
era-unverified,POP-1943,年代未核實,壞與更壞,0MMhVTiiZDI,2727237,最近15年流行曲,年代未核實,國語,,unknown
era-unverified,POP-1944,年代未核實,最好的時光,L8IeVzD6Yaw,2720398,最近15年流行曲,年代未核實,國語,,unknown
era-unverified,POP-1945,年代未核實,沙燕之歌,nsA3ue-hihE,2704547,最近15年流行曲,年代未核實,粵語,,unknown
era-unverified,POP-1946,年代未核實,也許我不會活多一歲,GDYRoLDyRWU,2607426,最近15年流行曲,年代未核實,粵語,,unknown
era-unverified,POP-1947,年代未核實,日落,wVpUg6tP6_M,2397887,最近15年流行曲,年代未核實,國語,,unknown
era-unverified,POP-1948,年代未核實,最動人一次,ABS7egaOjBc,2378810,最近15年流行曲,年代未核實,粵語,,unknown
era-unverified,POP-1949,年代未核實,獨佔神話,L8DUzSX6zgs,2339639,最近15年流行曲,年代未核實,國語,,unknown
era-unverified,POP-1950,年代未核實,流浪者之歌,g4S62wqdlRg,2312450,最近15年流行曲,年代未核實,國語,,unknown
era-unverified,POP-1951,年代未核實,嫁妝,4qDb6Cs-TvA,2244056,最近15年流行曲,年代未核實,國語,,unknown
era-unverified,POP-1952,年代未核實,你就是我無可替代,2YBaUgxfGYg,2151165,最近15年流行曲,年代未核實,國語,,unknown
era-unverified,POP-1953,年代未核實,粉碎糖果屋,FjS50ATT1v0,2124088,最近15年流行曲,年代未核實,粵語,,unknown
era-unverified,POP-1954,年代未核實,阿波羅,O2VV7ODIGVc,2044172,最近15年流行曲,年代未核實,粵語,,unknown
era-unverified,POP-1955,年代未核實,無用,MGTJlcQ6V4k,1983451,最近15年流行曲,年代未核實,國語,,unknown
era-unverified,POP-1956,年代未核實,衝動,5N9_f6df1Nw,1941905,最近15年流行曲,年代未核實,國語,,unknown
era-unverified,POP-1957,年代未核實,因為你,XN7rKLpBKxs,1918452,最近15年流行曲,年代未核實,粵語,,unknown
era-unverified,POP-1958,年代未核實,王者之聲,E1L4auoz3Bc,1909850,最近15年流行曲,年代未核實,國語,,unknown
era-unverified,POP-1959,年代未核實,Cloud,VHt8upfvSQ8,1772545,最近15年流行曲,年代未核實,粵語,,unknown
era-unverified,POP-1960,年代未核實,感情寄生族,pRlP2J0qvw4,1769667,最近15年流行曲,年代未核實,粵語,,unknown
era-unverified,POP-1961,年代未核實,牽手,yw4brt787zg,1733196,最近15年流行曲,年代未核實,國語,,unknown
era-unverified,POP-1962,年代未核實,沒有翅膀的人,1RAJ3SvyBus,1597465,最近15年流行曲,年代未核實,國語,,unknown
era-unverified,POP-1963,年代未核實,二期大樓,14_6ClBQdKk,1544742,最近15年流行曲,年代未核實,粵語,,unknown
era-unverified,POP-1964,年代未核實,老媽最常說的十句話,ivoxDQLM7nw,1500249,最近15年流行曲,年代未核實,國語,,unknown
era-unverified,POP-1965,年代未核實,飯戲攻心,ddWE5Wg5Jos,1494162,最近15年流行曲,年代未核實,國語,,unknown
era-unverified,POP-1966,年代未核實,神愛世人,QIWasCe4IU8,1488363,最近15年流行曲,年代未核實,粵語,,unknown
era-unverified,POP-1967,年代未核實,忠孝東路走九遍,hYRD31ME1KU,1483025,最近15年流行曲,年代未核實,國語,,unknown
era-unverified,POP-1968,年代未核實,拾荒,L4NHrCj6FwM,1460118,最近15年流行曲,年代未核實,國語,,unknown
era-unverified,POP-1969,年代未核實,單戀這件小事,GS3h_qm5E6E,1378916,最近15年流行曲,年代未核實,粵語,,unknown
era-unverified,POP-1970,年代未核實,邊一個發明了返工,Fx_EEfKUouY,1279692,最近15年流行曲,年代未核實,粵語,,unknown
era-unverified,POP-1971,年代未核實,天黑黑,OswWbP4qEso,1271628,最近15年流行曲,年代未核實,國語,,unknown
era-unverified,POP-1972,年代未核實,38一朵花,su3CXKREjVM,1195425,最近15年流行曲,年代未核實,國語,,unknown
era-unverified,POP-1973,年代未核實,蜂蜜人蔘,jI8nFU95K7s,1184934,最近15年流行曲,年代未核實,國語,,unknown
era-unverified,POP-1974,年代未核實,睜一隻眼閉一隻眼,kZ0tZWUrTd8,1183493,最近15年流行曲,年代未核實,國語,,unknown
era-unverified,POP-1975,年代未核實,隨時隨地,p2NC-XAleRU,1175859,最近15年流行曲,年代未核實,粵語,,unknown
era-unverified,POP-1976,年代未核實,河濱公園,q8xQuzdpZpU,1151443,最近15年流行曲,年代未核實,國語,,unknown
era-unverified,POP-1977,年代未核實,跟你分擔失落比較快樂,arrPAxdMdmQ,1120656,最近15年流行曲,年代未核實,粵語,,unknown
era-unverified,POP-1978,年代未核實,轉機,MEbEV-zAE1g,1092331,最近15年流行曲,年代未核實,國語,,unknown
era-unverified,POP-1979,年代未核實,我若不曾愛過你,qNqNcvDSoc0,1041822,最近15年流行曲,年代未核實,國語,,unknown
era-unverified,POP-1980,年代未核實,無底洞,nkCYq7-ITFI,1002269,最近15年流行曲,年代未核實,國語,,unknown
era-unverified,POP-1981,年代未核實,生命之花,0vOjR_GXg5I,985226,最近15年流行曲,年代未核實,粵語,,unknown
era-unverified,POP-1982,年代未核實,我所看見的未來,X7t5kqcFYwg,964550,最近15年流行曲,年代未核實,粵語,,unknown
era-unverified,POP-1983,年代未核實,身外之物,MFTwxAZIEBk,882942,最近15年流行曲,年代未核實,國語,,unknown
era-unverified,POP-1984,年代未核實,王灝兒,5Dj9-W2Jvns,881616,最近15年流行曲,年代未核實,粵語,,unknown
era-unverified,POP-1985,年代未核實,曖昧,EWv76g9PhTQ,817675,最近15年流行曲,年代未核實,國語,,unknown
era-unverified,POP-1986,年代未核實,收到收到,2LBdRVZZPiA,811920,最近15年流行曲,年代未核實,粵語,,unknown
era-unverified,POP-1987,年代未核實,最後情人,weAi0OMDWhE,790552,最近15年流行曲,年代未核實,粵語,,unknown
era-unverified,POP-1988,年代未核實,拖延症,ZSEtVdsxO48,775306,最近15年流行曲,年代未核實,國語,,unknown
era-unverified,POP-1989,年代未核實,空隙,5TVLXDWLQZA,713149,最近15年流行曲,年代未核實,粵語,,unknown
era-unverified,POP-1990,年代未核實,雨時多雲偶陣晴,EjmAaU8Tzy0,705841,最近15年流行曲,年代未核實,國語,,unknown
era-unverified,POP-1991,年代未核實,可再遇見,BQH5L8x1Djw,704313,最近15年流行曲,年代未核實,粵語,,unknown
era-unverified,POP-1992,年代未核實,今天睡在這裡,_o1Ya_f-ANw,639192,最近15年流行曲,年代未核實,國語,,unknown
era-unverified,POP-1993,年代未核實,再一次就好,5IOt2_hqq0U,637419,最近15年流行曲,年代未核實,國語,,unknown
era-unverified,POP-1994,年代未核實,可靠我,XQ_tYZGbgmc,632701,最近15年流行曲,年代未核實,粵語,,unknown
era-unverified,POP-1995,年代未核實,再見二丁目,oSkBr9kAUeU,624008,最近15年流行曲,年代未核實,粵語,,unknown
era-unverified,POP-1996,年代未核實,想知道現在你好不好,XYFTQ9tfvKw,582798,最近15年流行曲,年代未核實,國語,,unknown
era-unverified,POP-1997,年代未核實,靈感床,u9LkbzYswH8,574295,最近15年流行曲,年代未核實,粵語,,unknown
era-unverified,POP-1998,年代未核實,一晃眼,EzgmfQijkSo,573947,最近15年流行曲,年代未核實,粵語,,unknown
era-unverified,POP-1999,年代未核實,進退,WrJVW9Z43OA,567399,最近15年流行曲,年代未核實,粵語,,unknown
era-unverified,POP-2000,年代未核實,再見寧靜海,gJS2sooWk9Y,562233,最近15年流行曲,年代未核實,粵語,,unknown
era-unverified,POP-2001,年代未核實,答案,RMlkjNdSceE,553709,最近15年流行曲,年代未核實,粵語,,unknown
era-unverified,POP-2002,年代未核實,阿茲海默,9wNkBJpzpZQ,550616,最近15年流行曲,年代未核實,國語,,unknown
era-unverified,POP-2003,年代未核實,安静了,g6yeU66e_DI,545764,最近15年流行曲,年代未核實,國語,,unknown
era-unverified,POP-2004,年代未核實,反轉地球,4ZB7TE1O7Vo,537980,最近15年流行曲,年代未核實,國語,,unknown
era-unverified,POP-2005,年代未核實,雜技,5sYkIDYNz1Y,531724,最近15年流行曲,年代未核實,粵語,,unknown
era-unverified,POP-2006,年代未核實,越唱越強,1Qw3IB2UIso,526431,最近15年流行曲,年代未核實,粵語,,unknown
era-unverified,POP-2007,年代未核實,全世界失眠,V1ZgP9o6N5s,526037,最近15年流行曲,年代未核實,國語,,unknown
era-unverified,POP-2008,年代未核實,配角,rch1UIHXyaE,512636,最近15年流行曲,年代未核實,粵語,,unknown
era-unverified,POP-2009,年代未核實,連名帶姓,qf09H2xFq2s,107184928,最近15年流行曲,年代未核實,國語,,unknown
era-unverified,POP-2010,年代未核實,愛著愛著就永遠,fJWN7wtvaJ0,71713479,最近15年流行曲,年代未核實,國語,,unknown
era-unverified,POP-2011,年代未核實,魔鬼中的天使,na_xv5iFt2Y,70670390,最近15年流行曲,年代未核實,國語,,unknown
era-unverified,POP-2012,年代未核實,再會中港路,lgLF1eMF-zI,50647806,最近15年流行曲,年代未核實,國語,,unknown
era-unverified,POP-2013,年代未核實,不該,_VxLOj3TB5k,184739082,最近15年流行曲,年代未核實,國語,,unknown
era-unverified,POP-2014,年代未核實,再見,Lhel0tzHE08,163371448,最近15年流行曲,年代未核實,國語,,unknown
era-unverified,POP-2015,年代未核實,差不多姑娘,s4pxJ-1QLQg,53916100,最近15年流行曲,年代未核實,國語,,unknown
era-unverified,POP-2016,年代未核實,終究還是因為愛,fl1Wbd-ldMQ,45750954,最近15年流行曲,年代未核實,國語,,unknown
era-unverified,POP-2017,年代未核實,說謊,ftfJRzW0MPo,45507676,最近15年流行曲,年代未核實,國語,,unknown
era-unverified,POP-2018,年代未核實,浪費,LTzy8NF3BDo,36657507,最近15年流行曲,年代未核實,國語,,unknown
era-unverified,POP-2019,年代未核實,最熟悉的陌生人,C5mI0TqrJ-4,35743199,最近15年流行曲,年代未核實,國語,,unknown
era-unverified,POP-2020,年代未核實,透明,-CwoylxqVPA,35294877,最近15年流行曲,年代未核實,國語,,unknown
era-unverified,POP-2021,年代未核實,喜歡寂寞,AUv4_lsYb6U,33569604,最近15年流行曲,年代未核實,國語,,unknown
era-unverified,POP-2022,年代未核實,天真有邪,hrdQ_6K6oXk,33070136,最近15年流行曲,年代未核實,國語,,unknown
era-unverified,POP-2023,年代未核實,讓我為你唱情歌,atGbcYTjZCY,33031181,最近15年流行曲,年代未核實,國語,,unknown
era-unverified,POP-2024,年代未核實,只能想念你,VEYVQmgWsIg,31997801,最近15年流行曲,年代未核實,國語,,unknown
era-unverified,POP-2025,年代未核實,心牆,VhCRokYVF1I,31054956,最近15年流行曲,年代未核實,國語,,unknown
era-unverified,POP-2026,年代未核實,凡人歌,OsUr8N7t4zc,31007994,最近15年流行曲,年代未核實,國語,,unknown
era-unverified,POP-2027,年代未核實,癡情玫瑰花,YI4PoIMn0nE,30489562,最近15年流行曲,年代未核實,國語,,unknown
era-unverified,POP-2028,年代未核實,不具名的悲傷,HfO2yMfLsw0,28820452,最近15年流行曲,年代未核實,國語,,unknown
era-unverified,POP-2029,年代未核實,想自由,NuiAOSii_sk,27649616,最近15年流行曲,年代未核實,國語,,unknown
era-unverified,POP-2030,年代未核實,摩天動物園,A6gIat5xLWI,22699383,最近15年流行曲,年代未核實,國語,,unknown
era-unverified,POP-2031,年代未核實,雙面夏娃,6VCpmBYAKXI,21988578,最近15年流行曲,年代未核實,國語,,unknown
era-unverified,POP-2032,年代未核實,愛在西元前,5XK2C9w6oVk,25208966,最近15年流行曲,年代未核實,國語,,unknown
era-unverified,POP-2033,年代未核實,浪漫來襲,jTcLJYVzFo8,20531606,最近15年流行曲,年代未核實,國語,,unknown
era-unverified,POP-2034,年代未核實,如果我們還在一起,mBB_67OxXIo,19855399,最近15年流行曲,年代未核實,國語,,unknown
era-unverified,POP-2035,年代未核實,怎麼說我不愛你,Nfo7ayzhg2Q,19224431,最近15年流行曲,年代未核實,國語,,unknown
era-unverified,POP-2036,年代未核實,餘波盪漾,LEdrjjMfe-Q,18199137,最近15年流行曲,年代未核實,國語,,unknown
era-unverified,POP-2037,年代未核實,愛不單行,iBrOFd1wDuQ,18061617,最近15年流行曲,年代未核實,國語,,unknown
era-unverified,POP-2038,年代未核實,小幸運,_sQSXwdtxlY,202857044,最近15年流行曲,年代未核實,國語,,unknown
verified-era,POP-2039,00後流行曲,七里香,L229QDxDakU,104453881,最近15年流行曲,00後流行曲,國語,2004,manual-title
verified-era,POP-2040,00後流行曲,青花瓷,DYptgVvkVLQ,93453072,最近15年流行曲,00後流行曲,國語,2007,manual-title
era-unverified,POP-2041,年代未核實,分手快樂,k_l7FVsqUyM,53882736,最近15年流行曲,年代未核實,國語,,unknown
verified-era,POP-2042,90年代流行曲,愛很簡單,lhtaCBSL9AE,35316342,最近15年流行曲,90年代流行曲,國語,1997,title-match
era-unverified,POP-2043,年代未核實,睫毛彎彎,NAODcPQcy9U,23840938,最近15年流行曲,年代未核實,國語,,unknown
era-unverified,POP-2044,年代未核實,就是愛你,WRwarsqzZ_M,18003993,最近15年流行曲,年代未核實,國語,,unknown
era-unverified,POP-2045,年代未核實,大城小愛,sU_ByeHJtw8,17616764,最近15年流行曲,年代未核實,國語,,unknown
era-unverified,POP-2046,年代未核實,很愛很愛你,3znMCsScCxo,14203297,最近15年流行曲,年代未核實,國語,,unknown
era-unverified,POP-2047,年代未核實,如果你也聽說,TVjsnSJlULg,12755104,最近15年流行曲,年代未核實,國語,,unknown
era-unverified,POP-2048,年代未核實,你曾是少年,crIP7PuC8Bc,12238303,最近15年流行曲,年代未核實,國語,,unknown
era-unverified,POP-2049,年代未核實,第一次愛的人,jWTmveuepAQ,7232838,最近15年流行曲,年代未核實,國語,,unknown
era-unverified,POP-2050,年代未核實,小美滿,9vT5ni5WDCY,5484486,最近15年流行曲,年代未核實,國語,,unknown
era-unverified,POP-2051,年代未核實,化身孤島的鯨,ALuJdb96_Fs,1907347,最近15年流行曲,年代未核實,國語,,unknown
era-unverified,POP-2052,年代未核實,只字不提,Ij_9xW9Bc6U,1857521,最近15年流行曲,年代未核實,國語,,unknown
era-unverified,POP-2053,年代未核實,繁花依舊,Jig8P2DMXfg,1628396,最近15年流行曲,年代未核實,國語,,unknown
era-unverified,POP-2054,年代未核實,花開忘憂,NmWfCy9xUsc,627527,最近15年流行曲,年代未核實,國語,,unknown
era-unverified,POP-2055,年代未核實,我好想你,P_pyfLArjQg,78012492,最近15年流行曲,年代未核實,國語,,unknown
era-unverified,POP-2056,年代未核實,很久以後,2BEFukvLZfI,72154737,最近15年流行曲,年代未核實,國語,,unknown
era-unverified,POP-2057,年代未核實,頑童,hDj47GTTjpQ,56176315,最近15年流行曲,年代未核實,國語,,unknown
era-unverified,POP-2058,年代未核實,我很快樂,Ezd_DLawfHI,55823378,最近15年流行曲,年代未核實,國語,,unknown
era-unverified,POP-2059,年代未核實,妳不愛我,Ou92wShJaAU,54891890,最近15年流行曲,年代未核實,國語,,unknown
era-unverified,POP-2060,年代未核實,愛久見人心,RkQy3NlG1eo,41796509,最近15年流行曲,年代未核實,國語,,unknown
era-unverified,POP-2061,年代未核實,捲菸,S4JLJVVjevI,40465964,最近15年流行曲,年代未核實,國語,,unknown
era-unverified,POP-2062,年代未核實,愛情教會我們的事,k8A3aQhOfqc,38134944,最近15年流行曲,年代未核實,國語,,unknown
era-unverified,POP-2063,年代未核實,傻子,xi6wOaZ61-U,33660300,最近15年流行曲,年代未核實,國語,,unknown
era-unverified,POP-2064,年代未核實,蒲公英的约定,LVpYT6r4Pis,27650604,最近15年流行曲,年代未核實,國語,,unknown
era-unverified,POP-2065,年代未核實,俠女闖天關,nWb_X3ZJQjw,25160604,最近15年流行曲,年代未核實,國語,,unknown
era-unverified,POP-2066,年代未核實,倉頡,hiKYufVEUtI,24743975,最近15年流行曲,年代未核實,國語,,unknown
era-unverified,POP-2067,年代未核實,夢幻女神朱碧石,ZwIw1WiJ-cs,19930896,最近15年流行曲,年代未核實,國語,,unknown
era-unverified,POP-2068,年代未核實,貞女烈女豪放女,XPD-0b66Wv4,19772947,最近15年流行曲,年代未核實,國語,,unknown
era-unverified,POP-2069,年代未核實,天機,kz6fybUvGJM,19717579,最近15年流行曲,年代未核實,國語,,unknown
era-unverified,POP-2070,年代未核實,隔離,LGz4CGazqNQ,18436472,最近15年流行曲,年代未核實,粵語,,unknown
era-unverified,POP-2071,年代未核實,我們沒有在一起,CfYG8Q3ZpMA,18165030,最近15年流行曲,年代未核實,國語,,unknown
era-unverified,POP-2072,年代未核實,如果的事,kQOgXPuluEY,17667289,最近15年流行曲,年代未核實,國語,,unknown
era-unverified,POP-2073,年代未核實,不得不愛,wuwbok3wlGE,17470888,最近15年流行曲,年代未核實,國語,,unknown
era-unverified,POP-2074,年代未核實,牆外,WCLlFA9SiDI,17346343,最近15年流行曲,年代未核實,國語,,unknown
era-unverified,POP-2075,年代未核實,普通朋友,3L3Me4JXVqE,17092022,最近15年流行曲,年代未核實,國語,,unknown
era-unverified,POP-2076,年代未核實,鄭中基,migZH5LJ-D0,16914164,最近15年流行曲,年代未核實,粵語,,unknown
era-unverified,POP-2077,年代未核實,就這樣,eGr3nLMwbAk,16882857,最近15年流行曲,年代未核實,國語,,unknown
era-unverified,POP-2078,年代未核實,別勉強,6XSoVmT0qXo,16463580,最近15年流行曲,年代未核實,國語,,unknown
era-unverified,POP-2079,年代未核實,打呼,MAwrmh6LVDw,16050583,最近15年流行曲,年代未核實,國語,,unknown
era-unverified,POP-2080,年代未核實,希望你回來,vjF0B0holLk,16024766,最近15年流行曲,年代未核實,國語,,unknown
era-unverified,POP-2081,年代未核實,看我七十二變,B94n5Lbj4aw,15490210,最近15年流行曲,年代未核實,國語,,unknown
era-unverified,POP-2082,年代未核實,到不了,d8Vawln8Vt8,15449446,最近15年流行曲,年代未核實,國語,,unknown
era-unverified,POP-2083,年代未核實,勇氣,BVpXUyXPKOg,15317848,最近15年流行曲,年代未核實,國語,,unknown
era-unverified,POP-2084,年代未核實,為愛啟程,2434Atn0M88,14833769,最近15年流行曲,年代未核實,國語,,unknown
era-unverified,POP-2085,年代未核實,盧瀚霆,yGNiuyaIiK0,14467831,最近15年流行曲,年代未核實,粵語,,unknown
era-unverified,POP-2086,年代未核實,恰似你的溫柔,Sv0OblpjrOw,14131199,最近15年流行曲,年代未核實,國語,,unknown
era-unverified,POP-2087,年代未核實,閻奕格,KvwY9DN7LxY,14023400,最近15年流行曲,年代未核實,國語,,unknown
era-unverified,POP-2088,年代未核實,想幸福的人,Y34aUJZdSXA,13937960,最近15年流行曲,年代未核實,國語,,unknown
era-unverified,POP-2089,年代未核實,懷玉公主,K3o6SfwZq_w,13791133,最近15年流行曲,年代未核實,國語,,unknown
era-unverified,POP-2090,年代未核實,美人計,cLlndV2SwX0,13672145,最近15年流行曲,年代未核實,國語,,unknown
era-unverified,POP-2091,年代未核實,斷點,daFVWUoQZbY,13564240,最近15年流行曲,年代未核實,粵語,,unknown
era-unverified,POP-2092,年代未核實,最佳男主角,gINnFruuonc,13332709,最近15年流行曲,年代未核實,國語,,unknown
era-unverified,POP-2093,年代未核實,下個轉彎是你嗎,OfLq_ZSbsbg,13220289,最近15年流行曲,年代未核實,國語,,unknown
era-unverified,POP-2094,年代未核實,靚仔,kmCqHUbu7GQ,13029147,最近15年流行曲,年代未核實,國語,,unknown
verified-era,POP-2095,90年代流行曲,新不了情,LVgZ80p1fdA,12977184,最近15年流行曲,90年代流行曲,國語,1993,title-match
era-unverified,POP-2096,年代未核實,陪著我的時候想著她,Hn8yhgxpzS4,12929849,最近15年流行曲,年代未核實,國語,,unknown
era-unverified,POP-2097,年代未核實,有我在,YWZ2-WEMdDk,12256889,最近15年流行曲,年代未核實,國語,,unknown
era-unverified,POP-2098,年代未核實,變成陌生人,3B4fyi-xXzo,12186230,最近15年流行曲,年代未核實,國語,,unknown
era-unverified,POP-2099,年代未核實,如果再見,Xdmmv-YdIyw,12029040,最近15年流行曲,年代未核實,國語,,unknown
era-unverified,POP-2100,年代未核實,你的愛,jgS7nQUa3Wo,11937734,最近15年流行曲,年代未核實,國語,,unknown
era-unverified,POP-2101,年代未核實,錯的人,54yKHYSwJcQ,11770704,最近15年流行曲,年代未核實,國語,,unknown
era-unverified,POP-2102,年代未核實,會過去的,L86mAndZTl8,11736092,最近15年流行曲,年代未核實,國語,,unknown
era-unverified,POP-2103,年代未核實,追追追,ce_MeFj_BWE,11650824,最近15年流行曲,年代未核實,國語,,unknown
era-unverified,POP-2104,年代未核實,拋物線,yrAwLIcgPlY,11586936,最近15年流行曲,年代未核實,國語,,unknown
era-unverified,POP-2105,年代未核實,愛投羅網,f-FOf8RRq-U,11468829,最近15年流行曲,年代未核實,國語,,unknown
era-unverified,POP-2106,年代未核實,愛錯,JdpNT5yRbwg,11161133,最近15年流行曲,年代未核實,國語,,unknown
era-unverified,POP-2107,年代未核實,為愛痴狂,cYchjzfQ2RU,11119699,最近15年流行曲,年代未核實,國語,,unknown
era-unverified,POP-2108,年代未核實,會痛的石頭,4RVl7b0X88Y,11053023,最近15年流行曲,年代未核實,國語,,unknown
era-unverified,POP-2109,年代未核實,背对背拥抱,EMe_r_ZMjj0,11040337,最近15年流行曲,年代未核實,國語,,unknown
era-unverified,POP-2110,年代未核實,無人之境,9g3XXXdnjqY,10944875,最近15年流行曲,年代未核實,粵語,,unknown
era-unverified,POP-2111,年代未核實,與我無關,TTJjtPGY7bQ,10922774,最近15年流行曲,年代未核實,粵語,,unknown
era-unverified,POP-2112,年代未核實,我知道要微笑,P-gaPbQVRfM,10886305,最近15年流行曲,年代未核實,國語,,unknown
era-unverified,POP-2113,年代未核實,起风了,PYbwES_ISUc,10684866,最近15年流行曲,年代未核實,國語,,unknown
era-unverified,POP-2114,年代未核實,你在煩惱什麼,-3TmzrEDuJ8,10682780,最近15年流行曲,年代未核實,國語,,unknown
era-unverified,POP-2115,年代未核實,布拉格廣場,RrWPq4bLsP0,10681006,最近15年流行曲,年代未核實,國語,,unknown
era-unverified,POP-2116,年代未核實,愛的主打歌,EHMm_ElRvMA,10618357,最近15年流行曲,年代未核實,國語,,unknown
era-unverified,POP-2117,年代未核實,晴天,3-DteAHyRnI,10562759,最近15年流行曲,年代未核實,國語,,unknown
era-unverified,POP-2118,年代未核實,听见下雨的声音,cS4dJvAXiIE,10237296,最近15年流行曲,年代未核實,國語,,unknown
era-unverified,POP-2119,年代未核實,行星,Zn8M6mcGNoo,10217860,最近15年流行曲,年代未核實,國語,,unknown
era-unverified,POP-2120,年代未核實,一次幸福的機會,cilKbr7ofAQ,10160198,最近15年流行曲,年代未核實,國語,,unknown
era-unverified,POP-2121,年代未核實,第一個想到你,gmjtvBh_GlU,10151522,最近15年流行曲,年代未核實,國語,,unknown
era-unverified,POP-2122,年代未核實,暖暖,sqBU8XyMgoc,10047424,最近15年流行曲,年代未核實,國語,,unknown
era-unverified,POP-2123,年代未核實,達爾文,Z97zUBtHZGY,10040694,最近15年流行曲,年代未核實,國語,,unknown
era-unverified,POP-2124,年代未核實,梅香如故,JYtK8sLOh2Y,9988453,最近15年流行曲,年代未核實,國語,,unknown
era-unverified,POP-2125,年代未核實,外套,yNM5uVQGmD8,9957150,最近15年流行曲,年代未核實,國語,,unknown
era-unverified,POP-2126,年代未核實,淘金小鎮,SW3OQ0ijUCI,9871021,最近15年流行曲,年代未核實,國語,,unknown
era-unverified,POP-2127,年代未核實,她说,C8fVp87PKMA,9781959,最近15年流行曲,年代未核實,國語,,unknown
era-unverified,POP-2128,年代未核實,愛的就是你,fNnQqokjv_0,9685635,最近15年流行曲,年代未核實,國語,,unknown
era-unverified,POP-2129,年代未核實,當愛在靠近,fIjDpHiT6kY,9651944,最近15年流行曲,年代未核實,國語,,unknown
era-unverified,POP-2130,年代未核實,十年,7OdargV9K88,9638421,最近15年流行曲,年代未核實,國語,,unknown
era-unverified,POP-2131,年代未核實,长歌行,4fnEXD-TGyE,9615641,最近15年流行曲,年代未核實,國語,,unknown
era-unverified,POP-2132,年代未核實,十年一刻,V4hBde4pQ6c,9475041,最近15年流行曲,年代未核實,國語,,unknown
era-unverified,POP-2133,年代未核實,你不知道的事,OQjOfjBal3Y,9433319,最近15年流行曲,年代未核實,國語,,unknown
era-unverified,POP-2134,年代未核實,記得,qm3wIQWnXxg,9429015,最近15年流行曲,年代未核實,國語,,unknown
era-unverified,POP-2135,年代未核實,愛你但說不出口,vEEpj8fTKwY,9233336,最近15年流行曲,年代未核實,國語,,unknown
era-unverified,POP-2136,年代未核實,如愿,ZoJCN0pV7Qs,9167085,最近15年流行曲,年代未核實,國語,,unknown
era-unverified,POP-2137,年代未核實,舞孃,0EN3MnGEBXk,9105835,最近15年流行曲,年代未核實,國語,,unknown
era-unverified,POP-2138,年代未核實,一首簡單的歌,PihQffGOL54,8819701,最近15年流行曲,年代未核實,國語,,unknown
era-unverified,POP-2139,年代未核實,愛情三十六計,9cEpgttgjx4,8792913,最近15年流行曲,年代未核實,國語,,unknown
verified-era,POP-2140,00後流行曲,富士山下,EqrZAt_P-tM,8740796,00後流行曲,00後流行曲,國語,2007,field-year
era-unverified,POP-2141,年代未核實,天天,jFKXaWFw8FU,8694794,最近15年流行曲,年代未核實,國語,,unknown
era-unverified,POP-2142,年代未核實,親愛的路人,5UzWEtOkpCc,8465401,最近15年流行曲,年代未核實,國語,,unknown
era-unverified,POP-2143,年代未核實,情歌,7FiQV1-z06Q,8385549,最近15年流行曲,年代未核實,國語,,unknown
era-unverified,POP-2144,年代未核實,可不可以不勇敢,yUuv5JDvFgA,8382156,最近15年流行曲,年代未核實,國語,,unknown
era-unverified,POP-2145,年代未核實,拿走了什麼,v1Q4yDHisM0,8371842,最近15年流行曲,年代未核實,國語,,unknown
era-unverified,POP-2146,年代未核實,浪子的路,H5iAG56dUwE,8233569,最近15年流行曲,年代未核實,國語,,unknown
era-unverified,POP-2147,年代未核實,知道,ROKxPtX-vt8,8206651,最近15年流行曲,年代未核實,國語,,unknown
era-unverified,POP-2148,年代未核實,孤獨病,WVB-h5nwMGs,8162006,最近15年流行曲,年代未核實,粵語,,unknown
era-unverified,POP-2149,年代未核實,孤獨的人我們一起出發,EMNhEm6tDNQ,8132668,最近15年流行曲,年代未核實,國語,,unknown
era-unverified,POP-2150,年代未核實,我很忙,vxzQ2IVs-vw,8067610,最近15年流行曲,年代未核實,國語,,unknown
era-unverified,POP-2151,年代未核實,十字路口,HfboDBASKZ4,8029721,最近15年流行曲,年代未核實,國語,,unknown
era-unverified,POP-2152,年代未核實,原諒我,yaDuOKA-NOg,8028719,最近15年流行曲,年代未核實,國語,,unknown
era-unverified,POP-2153,年代未核實,愛在記憶中找你,17SScQV5Bwc,7761271,最近15年流行曲,年代未核實,國語,,unknown
era-unverified,POP-2154,年代未核實,讓浪漫作主,paecvB1-uPE,7751307,最近15年流行曲,年代未核實,國語,,unknown
era-unverified,POP-2155,年代未核實,我落泪 情绪零碎,E633OGjZzN4,7742699,最近15年流行曲,年代未核實,國語,,unknown
era-unverified,POP-2156,年代未核實,感情用事,WU5OVdrdRfo,7569179,最近15年流行曲,年代未核實,國語,,unknown
era-unverified,POP-2157,年代未核實,快樂崇拜,p3CBaikDft0,7517084,最近15年流行曲,年代未核實,國語,,unknown
era-unverified,POP-2158,年代未核實,我們都傻,tXAI6OqvvCo,7482493,最近15年流行曲,年代未核實,國語,,unknown
era-unverified,POP-2159,年代未核實,就是現在,7DS631wSYDM,7464942,最近15年流行曲,年代未核實,國語,,unknown
era-unverified,POP-2160,年代未核實,另一個天堂,bXT7ZipPwxs,7416809,最近15年流行曲,年代未核實,國語,,unknown
era-unverified,POP-2161,年代未核實,达拉崩吧,yM5NU6NPS_o,7362518,最近15年流行曲,年代未核實,國語,,unknown
era-unverified,POP-2162,年代未核實,不藥而癒,DduKGmRCqio,7361163,最近15年流行曲,年代未核實,國語,,unknown
era-unverified,POP-2163,年代未核實,我們的歌,FpPDwP0NWnw,7322407,最近15年流行曲,年代未核實,國語,,unknown
era-unverified,POP-2164,年代未核實,幸福不是情歌,Hn4FqYCFcak,7206571,最近15年流行曲,年代未核實,國語,,unknown
era-unverified,POP-2165,年代未核實,别在伤口洒盐,Wi-q3BwtVjQ,7028694,最近15年流行曲,年代未核實,國語,,unknown
era-unverified,POP-2166,年代未核實,太空,LV7eT2_VwMw,6912467,最近15年流行曲,年代未核實,國語,,unknown
era-unverified,POP-2167,年代未核實,說了再見以後,ogbUdQkYlVM,6838327,最近15年流行曲,年代未核實,國語,,unknown
era-unverified,POP-2168,年代未核實,燕窩,9mQv7NhBo-c,6801326,最近15年流行曲,年代未核實,國語,,unknown
era-unverified,POP-2169,年代未核實,只想愛你,hpkBwizROaE,6777404,最近15年流行曲,年代未核實,國語,,unknown
era-unverified,POP-2170,年代未核實,我不會愛,v5q_W4W_Sz4,6776606,最近15年流行曲,年代未核實,國語,,unknown
era-unverified,POP-2171,年代未核實,敢傻敢衝,tz4XyZMOqFc,6723746,最近15年流行曲,年代未核實,國語,,unknown
era-unverified,POP-2172,年代未核實,最初的夢想,wGAmgmZg-48,6718491,最近15年流行曲,年代未核實,國語,,unknown
era-unverified,POP-2173,年代未核實,我不想忘記你,K-xda8e2FLc,6703053,最近15年流行曲,年代未核實,國語,,unknown
era-unverified,POP-2174,年代未核實,全城熱愛,hWHSs34-fdM,6495309,最近15年流行曲,年代未核實,國語,,unknown
era-unverified,POP-2175,年代未核實,爱情转移,H0X3Nn0oAD4,6490734,最近15年流行曲,年代未核實,國語,,unknown
era-unverified,POP-2176,年代未核實,我們都能幸福著,nn18FrDexFE,6427906,最近15年流行曲,年代未核實,國語,,unknown
era-unverified,POP-2177,年代未核實,情勒,9K7igKasYL4,6314317,最近15年流行曲,年代未核實,國語,,unknown
era-unverified,POP-2178,年代未核實,溫柔,eZxkpvoJI2Q,6270824,最近15年流行曲,年代未核實,國語,,unknown
era-unverified,POP-2179,年代未核實,16號愛人,3wkfKUEga2A,6251426,最近15年流行曲,年代未核實,粵語,,unknown
era-unverified,POP-2180,年代未核實,曾經瘋狂,r3UKy95eEmY,6241102,最近15年流行曲,年代未核實,國語,,unknown
era-unverified,POP-2181,年代未核實,青春快門,xiU1-LIp__U,6236604,最近15年流行曲,年代未核實,國語,,unknown
era-unverified,POP-2182,年代未核實,孫盛希,Bt_va48LunY,6219607,最近15年流行曲,年代未核實,國語,,unknown
era-unverified,POP-2183,年代未核實,劈你的雷正在路上,tnjh4U-Dnao,6150184,最近15年流行曲,年代未核實,國語,,unknown
era-unverified,POP-2184,年代未核實,亞特蘭提斯,LxscVj3XiKQ,6103471,最近15年流行曲,年代未核實,粵語,,unknown
era-unverified,POP-2185,年代未核實,餘震,XcRtRFO5ZJA,6102606,最近15年流行曲,年代未核實,粵語,,unknown
era-unverified,POP-2186,年代未核實,稻香,rCT0zSWaEZI,6035655,最近15年流行曲,年代未核實,國語,,unknown
era-unverified,POP-2187,年代未核實,心醉心碎,4YCAxOIQl6w,6010349,最近15年流行曲,年代未核實,國語,,unknown
era-unverified,POP-2188,年代未核實,你會在哪呢？,LnWubLbMaSs,5981298,最近15年流行曲,年代未核實,國語,,unknown
era-unverified,POP-2189,年代未核實,無期,sSKPIHcFSL4,5944514,最近15年流行曲,年代未核實,粵語,,unknown
era-unverified,POP-2190,年代未核實,根本不是我對手,NeNq5RFYubc,5918070,最近15年流行曲,年代未核實,國語,,unknown
era-unverified,POP-2191,年代未核實,笑忘書,x0PHJvrKTIg,5865240,最近15年流行曲,年代未核實,粵語,,unknown
era-unverified,POP-2192,年代未核實,失語者,gh2jwV46a5I,5827134,最近15年流行曲,年代未核實,國語,,unknown
era-unverified,POP-2193,年代未核實,我要給世界最悠長的濕吻,itGxQbwGsz8,5808238,最近15年流行曲,年代未核實,國語,,unknown
era-unverified,POP-2194,年代未核實,正想著你呢,FBp4QhLqiKs,5800845,最近15年流行曲,年代未核實,國語,,unknown
era-unverified,POP-2195,年代未核實,浮夸,Hrayki5Lp5U,5778936,最近15年流行曲,年代未核實,國語,,unknown
era-unverified,POP-2196,年代未核實,相信,WuWemjO91NA,5727230,最近15年流行曲,年代未核實,國語,,unknown
era-unverified,POP-2197,年代未核實,天地龍鱗,k3mOnzOG4kU,5715161,最近15年流行曲,年代未核實,國語,,unknown
era-unverified,POP-2198,年代未核實,黏黏黏黏,K26pUDIyQRU,5711663,最近15年流行曲,年代未核實,國語,,unknown
era-unverified,POP-2199,年代未核實,倒带,RGeBZg74srA,5703607,最近15年流行曲,年代未核實,國語,,unknown
era-unverified,POP-2200,年代未核實,像是一顆星星,70RTxbhqj5s,5697885,最近15年流行曲,年代未核實,國語,,unknown
era-unverified,POP-2201,年代未核實,831老媽最常說的十句話,amLM8pxaSx0,5623722,最近15年流行曲,年代未核實,國語,,unknown
era-unverified,POP-2202,年代未核實,瘦子,Df9lbCJNhGU,5539041,最近15年流行曲,年代未核實,國語,,unknown
era-unverified,POP-2203,年代未核實,下一頁的我,yvGYvWMth_I,5535999,最近15年流行曲,年代未核實,國語,,unknown
era-unverified,POP-2204,年代未核實,左邊,JFwdcMDbyJ8,5484757,最近15年流行曲,年代未核實,國語,,unknown
era-unverified,POP-2205,年代未核實,沒那麼愛他,re4i8hDqsAA,5482698,最近15年流行曲,年代未核實,國語,,unknown
era-unverified,POP-2206,年代未核實,淘汰,N0lMO59C79A,5447966,最近15年流行曲,年代未核實,國語,,unknown
era-unverified,POP-2207,年代未核實,是非題,UYjNLDuIoWc,5446213,最近15年流行曲,年代未核實,國語,,unknown
era-unverified,POP-2208,年代未核實,墜落,hPShCoap2Cw,5442445,最近15年流行曲,年代未核實,國語,,unknown
era-unverified,POP-2209,年代未核實,口袋的天空,IDhZy6tfJGY,5431910,最近15年流行曲,年代未核實,國語,,unknown
era-unverified,POP-2210,年代未核實,想見你,pbSji_3prUc,5404374,最近15年流行曲,年代未核實,國語,,unknown
era-unverified,POP-2211,年代未核實,無言以對,WAQL4pw4Nx4,5386837,最近15年流行曲,年代未核實,國語,,unknown
era-unverified,POP-2212,年代未核實,巴別塔慶典,iOs7Ykmhew4,5357527,最近15年流行曲,年代未核實,國語,,unknown
era-unverified,POP-2213,年代未核實,悄悄告訴你,J0Pv4YmRMAU,5309689,最近15年流行曲,年代未核實,國語,,unknown
era-unverified,POP-2214,年代未核實,裂心,fHkTKnFuRN8,5290305,最近15年流行曲,年代未核實,國語,,unknown
era-unverified,POP-2215,年代未核實,最後的,ILVlVWle8m0,5248765,最近15年流行曲,年代未核實,國語,,unknown
era-unverified,POP-2216,年代未核實,说好的幸福呢,r4lVNviCDss,5217363,最近15年流行曲,年代未核實,國語,,unknown
era-unverified,POP-2217,年代未核實,不要再孤單,OrroW3t_6No,5200817,最近15年流行曲,年代未核實,國語,,unknown
era-unverified,POP-2218,年代未核實,就是愛妳,WVaOxR0ajw4,5184202,最近15年流行曲,年代未核實,國語,,unknown
era-unverified,POP-2219,年代未核實,奇遇的起點,pWvPXTWUexk,5174397,最近15年流行曲,年代未核實,國語,,unknown
era-unverified,POP-2220,年代未核實,他夏了夏天,h7KpTmxZJLE,5159265,最近15年流行曲,年代未核實,國語,,unknown
era-unverified,POP-2221,年代未核實,跟悲傷結了帳,cKRbMErj1LU,5145288,最近15年流行曲,年代未核實,粵語,,unknown
era-unverified,POP-2222,年代未核實,花蝴蝶,1UTbjEsfIC8,5095197,最近15年流行曲,年代未核實,國語,,unknown
era-unverified,POP-2223,年代未核實,如果沒有你,AO_3EplU2IQ,5061164,最近15年流行曲,年代未核實,國語,,unknown
era-unverified,POP-2224,年代未核實,不將就,TuiL681_ifo,5012036,最近15年流行曲,年代未核實,國語,,unknown
era-unverified,POP-2225,年代未核實,別找我麻煩,Ua9DKclFKLA,5003865,最近15年流行曲,年代未核實,國語,,unknown
era-unverified,POP-2226,年代未核實,突如其來的心跳感覺,fd0QFi-iXCM,4983836,最近15年流行曲,年代未核實,粵語,,unknown
era-unverified,POP-2227,年代未核實,如果你愛我,0ECIgchUVpE,4983766,最近15年流行曲,年代未核實,國語,,unknown
era-unverified,POP-2228,年代未核實,十分錯,OGOsTb69L8I,4951540,最近15年流行曲,年代未核實,粵語,,unknown
era-unverified,POP-2229,年代未核實,一百個未老先衰的方法,UluzRA97Lg0,4930797,最近15年流行曲,年代未核實,粵語,,unknown
era-unverified,POP-2230,年代未核實,陳淑芬與林志豪,6B1o0X9t6zI,4900898,最近15年流行曲,年代未核實,國語,,unknown
era-unverified,POP-2231,年代未核實,給你幸福 所以幸福,urqtwluKdsM,4887791,最近15年流行曲,年代未核實,粵語,,unknown
era-unverified,POP-2232,年代未核實,一九四五,M9m_peQvgO8,4870477,最近15年流行曲,年代未核實,國語,,unknown
era-unverified,POP-2233,年代未核實,給千億顆星選中的二人,IECrH40BGwY,4838611,最近15年流行曲,年代未核實,粵語,,unknown
era-unverified,POP-2234,年代未核實,自由之歌,jU2FQfoTvEg,4833363,最近15年流行曲,年代未核實,國語,,unknown
era-unverified,POP-2235,年代未核實,匿名的安慰,d8ensl0HuF4,4817654,最近15年流行曲,年代未核實,國語,,unknown
era-unverified,POP-2236,年代未核實,愛我還是他,A6g2NPROeYY,4813984,最近15年流行曲,年代未核實,國語,,unknown
era-unverified,POP-2237,年代未核實,不需要知道,Fu_Ljynbxho,4810411,最近15年流行曲,年代未核實,國語,,unknown
era-unverified,POP-2238,年代未核實,E先生 愛人執照,GG7n0NY9jic,4767410,最近15年流行曲,年代未核實,粵語,,unknown
era-unverified,POP-2239,年代未核實,霸氣情歌,h6FHYTiUlbQ,4745644,最近15年流行曲,年代未核實,粵語,,unknown
era-unverified,POP-2240,年代未核實,愛過了頭,LDrYkQUlTVQ,4732993,最近15年流行曲,年代未核實,國語,,unknown
era-unverified,POP-2241,年代未核實,華興,hgotFWqe_H8,4713529,最近15年流行曲,年代未核實,國語,,unknown
era-unverified,POP-2242,年代未核實,一路向北,-CwE30KQjQo,4710949,最近15年流行曲,年代未核實,國語,,unknown
era-unverified,POP-2243,年代未核實,善良的我們,gQJbdz_5054,4691124,最近15年流行曲,年代未核實,國語,,unknown
era-unverified,POP-2244,年代未核實,女孩們,uW0ag9ajpsI,4670882,最近15年流行曲,年代未核實,國語,,unknown
era-unverified,POP-2245,年代未核實,擁抱後的歌,XC6TFSoHV_w,4669025,最近15年流行曲,年代未核實,粵語,,unknown
era-unverified,POP-2246,年代未核實,我不配,OmPQk7pgM1c,4599224,最近15年流行曲,年代未核實,國語,,unknown
era-unverified,POP-2247,年代未核實,十萬毫升淚水完整放映,0D676uRWYPI,4597589,最近15年流行曲,年代未核實,國語,,unknown
era-unverified,POP-2248,年代未核實,小鎮姑娘,dD4JHeZNvF4,4594150,最近15年流行曲,年代未核實,國語,,unknown
era-unverified,POP-2249,年代未核實,特務,gG6q90HXSkw,4588218,最近15年流行曲,年代未核實,國語,,unknown
era-unverified,POP-2250,年代未核實,習慣不習慣,-6Q7-JZu3lU,4588081,最近15年流行曲,年代未核實,國語,,unknown
era-unverified,POP-2251,年代未核實,美麗之最,SujkxLDOD78,4575675,最近15年流行曲,年代未核實,粵語,,unknown
era-unverified,POP-2252,年代未核實,最後派對,sjyMo1oAspo,4558963,最近15年流行曲,年代未核實,粵語,,unknown
era-unverified,POP-2253,年代未核實,忍者,55yJh4SHUBY,4541595,最近15年流行曲,年代未核實,國語,,unknown
era-unverified,POP-2254,年代未核實,遠在眼前,_K4QAcB1mtE,4514361,最近15年流行曲,年代未核實,粵語,,unknown
era-unverified,POP-2255,年代未核實,塵埃落定,yPNFWHoJHLo,4510200,最近15年流行曲,年代未核實,粵語,,unknown
era-unverified,POP-2256,年代未核實,愛你,-gaB9ov-Om0,34535402,最近15年流行曲,年代未核實,國語,,unknown
era-unverified,POP-2257,年代未核實,溫柔累了,4FsnGEpVNVk,4491725,最近15年流行曲,年代未核實,國語,,unknown
era-unverified,POP-2258,年代未核實,頻率,c9e-80s3kOY,4449777,最近15年流行曲,年代未核實,國語,,unknown
era-unverified,POP-2259,年代未核實,愛情之所以為愛情,ZFhEc_zayIs,4435067,最近15年流行曲,年代未核實,國語,,unknown
era-unverified,POP-2260,年代未核實,愚者,FYNNLjn-CuI,4428286,最近15年流行曲,年代未核實,國語,,unknown
era-unverified,POP-2261,年代未核實,流浪星球,AsTKf9yqd2Y,4393394,最近15年流行曲,年代未核實,粵語,,unknown
era-unverified,POP-2262,年代未核實,枫,C12-p5eXPEw,4375000,最近15年流行曲,年代未核實,國語,,unknown
era-unverified,POP-2263,年代未核實,一樣的月光,TxXIfcRt1WQ,4359834,最近15年流行曲,年代未核實,國語,,unknown
era-unverified,POP-2264,年代未核實,多遠都要在一起,mWqnQl-ymVA,4350106,最近15年流行曲,年代未核實,國語,,unknown
era-unverified,POP-2265,年代未核實,一千年以後,AwOKTcelwCA,4337989,最近15年流行曲,年代未核實,國語,,unknown
era-unverified,POP-2266,年代未核實,難道喜歡處女座,q5fde8xiY_g,4331626,最近15年流行曲,年代未核實,粵語,,unknown
era-unverified,POP-2267,年代未核實,深閨,70vVZqVsqeg,4329978,最近15年流行曲,年代未核實,粵語,,unknown
era-unverified,POP-2268,年代未核實,不用告訴我,dcmxurhL35w,4311058,最近15年流行曲,年代未核實,國語,,unknown
era-unverified,POP-2269,年代未核實,大哥,qGRuWTyzg68,4310749,最近15年流行曲,年代未核實,粵語,,unknown
era-unverified,POP-2270,年代未核實,发如雪,gnz7It0-F4g,4291598,最近15年流行曲,年代未核實,國語,,unknown
era-unverified,POP-2271,年代未核實,別來無恙,qbB_9gsHraA,4250275,最近15年流行曲,年代未核實,粵語,,unknown
era-unverified,POP-2272,年代未核實,流沙,2xAmQ4y44eo,4249765,最近15年流行曲,年代未核實,國語,,unknown
era-unverified,POP-2273,年代未核實,一千年以后,w8OpaNuIIDc,4238953,最近15年流行曲,年代未核實,國語,,unknown
era-unverified,POP-2274,年代未核實,自信勇敢 咱的名,p-R9UqYCcYI,4238907,最近15年流行曲,年代未核實,國語,,unknown
era-unverified,POP-2275,年代未核實,滯留鋒,zxS_NTJ4Hbo,4225448,最近15年流行曲,年代未核實,國語,,unknown
era-unverified,POP-2276,年代未核實,溫柔的奇蹟,r8QvHIn_gDo,4218301,最近15年流行曲,年代未核實,國語,,unknown
era-unverified,POP-2277,年代未核實,天才兒童1985,ebaxoc1IG_U,4208183,最近15年流行曲,年代未核實,粵語,,unknown
era-unverified,POP-2278,年代未核實,復刻回憶,SBaKScCQ5rA,4197384,最近15年流行曲,年代未核實,粵語,,unknown
era-unverified,POP-2279,年代未核實,曾沛慈,gWq2uI6lPoU,4191951,最近15年流行曲,年代未核實,國語,,unknown
era-unverified,POP-2280,年代未核實,是你令我再次找到心跳,-bzE1O1i_d0,4188997,最近15年流行曲,年代未核實,粵語,,unknown
era-unverified,POP-2281,年代未核實,空白格,K27Y_f6BXVs,4182361,最近15年流行曲,年代未核實,國語,,unknown
era-unverified,POP-2282,年代未核實,好媽媽,MlkHfKKBIAA,4160440,最近15年流行曲,年代未核實,粵語,,unknown
era-unverified,POP-2283,年代未核實,習慣失戀,aQmieaqmLmU,4136978,最近15年流行曲,年代未核實,粵語,,unknown
era-unverified,POP-2284,年代未核實,忘了如何遺忘,hJeFMmLIz0s,4082413,最近15年流行曲,年代未核實,國語,,unknown
era-unverified,POP-2285,年代未核實,東京人壽,OVuXyzS2_og,4077038,最近15年流行曲,年代未核實,粵語,,unknown
era-unverified,POP-2286,年代未核實,連詩雅,4y6I6UUCU4g,4074358,最近15年流行曲,年代未核實,粵語,,unknown
era-unverified,POP-2287,年代未核實,錯過你,rw__UPeMC0M,4069334,最近15年流行曲,年代未核實,粵語,,unknown
era-unverified,POP-2288,年代未核實,會再見的,SRG29U7Fw_o,4064329,最近15年流行曲,年代未核實,粵語,,unknown
era-unverified,POP-2289,年代未核實,星宇航空布拉格開航,b7rGJMEEO2Q,4059464,最近15年流行曲,年代未核實,國語,,unknown
era-unverified,POP-2290,年代未核實,窒息,caITRQWpBHs,4039578,最近15年流行曲,年代未核實,國語,,unknown
era-unverified,POP-2291,年代未核實,誰稀罕,a7ziV-RjqBo,4015445,最近15年流行曲,年代未核實,國語,,unknown
era-unverified,POP-2292,年代未核實,女孩,dmdmmXfs2HI,4003315,最近15年流行曲,年代未核實,國語,,unknown
era-unverified,POP-2293,年代未核實,其实,K6enKZjVzCA,4002391,最近15年流行曲,年代未核實,國語,,unknown
era-unverified,POP-2294,年代未核實,最近還好嗎,zvyYxPbTSNM,3999227,最近15年流行曲,年代未核實,國語,,unknown
era-unverified,POP-2295,年代未核實,勇敢,gnoBXoQ7eJM,3989051,最近15年流行曲,年代未核實,國語,,unknown
era-unverified,POP-2296,年代未核實,從未到過的地方,RHTyk1GJFJs,3973909,最近15年流行曲,年代未核實,國語,,unknown
era-unverified,POP-2297,年代未核實,愛情簽證申請,YxMvGJkjFHo,3959226,最近15年流行曲,年代未核實,粵語,,unknown
era-unverified,POP-2298,年代未核實,難得孤寂,kkxcx-iroc0,3936039,最近15年流行曲,年代未核實,國語,,unknown
era-unverified,POP-2299,年代未核實,離家出走,yvrf8fpoL7o,3895265,最近15年流行曲,年代未核實,粵語,,unknown
era-unverified,POP-2300,年代未核實,在樹上唱歌,yCq3RLCn2i0,3886736,最近15年流行曲,年代未核實,國語,,unknown
era-unverified,POP-2301,年代未核實,若梦,yVkUtCugHeA,3877811,最近15年流行曲,年代未核實,國語,,unknown
verified-era,POP-2302,80年代流行曲,我的未來不是夢,XcN_H7kljmQ,3873934,最近15年流行曲,80年代流行曲,國語,1988,title-match
era-unverified,POP-2303,年代未核實,是我的海,5Yoxv_PAJcE,3862130,最近15年流行曲,年代未核實,國語,,unknown
era-unverified,POP-2304,年代未核實,雞蛋與羔羊,R2_DWOyluTs,3846205,最近15年流行曲,年代未核實,粵語,,unknown
era-unverified,POP-2305,年代未核實,街燈晚餐,2Wqa3ukuEYE,3845163,最近15年流行曲,年代未核實,粵語,,unknown
era-unverified,POP-2306,年代未核實,空手而來,DiiUBW2piwA,3824195,最近15年流行曲,年代未核實,粵語,,unknown
era-unverified,POP-2307,年代未核實,学不会,F2Po8V98QDE,3815836,最近15年流行曲,年代未核實,國語,,unknown
era-unverified,POP-2308,年代未核實,狂人日記,Fo0kczTrfeE,3812250,最近15年流行曲,年代未核實,粵語,,unknown
era-unverified,POP-2309,年代未核實,勿念,sMjkxVOm5vw,3777419,最近15年流行曲,年代未核實,粵語,,unknown
era-unverified,POP-2310,年代未核實,除了愛你還能愛誰,MmB89uh_pnU,3771921,最近15年流行曲,年代未核實,國語,,unknown
era-unverified,POP-2311,年代未核實,最佳损友,_J-o8FpJ-XY,3771283,最近15年流行曲,年代未核實,國語,,unknown
era-unverified,POP-2312,年代未核實,莫失莫忘,K8qnR-giXT4,3764528,最近15年流行曲,年代未核實,粵語,,unknown
era-unverified,POP-2313,年代未核實,相信一切是最好的安排,RJFcyoDhzKU,3759079,最近15年流行曲,年代未核實,粵語,,unknown
era-unverified,POP-2314,年代未核實,逃生門,qdZ2LtfHnVQ,3743884,最近15年流行曲,年代未核實,粵語,,unknown
era-unverified,POP-2315,年代未核實,尚好的青春,azRd-cvU1oU,3730565,最近15年流行曲,年代未核實,國語,,unknown
era-unverified,POP-2316,年代未核實,誰能避開戀愛這事情,s7ar4ClC95M,3709000,最近15年流行曲,年代未核實,粵語,,unknown
era-unverified,POP-2317,年代未核實,特倫斯夢遊仙境,i2lIeLceOQg,3703237,最近15年流行曲,年代未核實,粵語,,unknown
era-unverified,POP-2318,年代未核實,小問題,w1TMv7jx8ew,3701304,最近15年流行曲,年代未核實,粵語,,unknown
era-unverified,POP-2319,年代未核實,只有一事不成全你,kYExptwe7J8,3688859,最近15年流行曲,年代未核實,粵語,,unknown
era-unverified,POP-2320,年代未核實,我也難過的,KCBGvqrZ9JI,3633208,最近15年流行曲,年代未核實,國語,,unknown
era-unverified,POP-2321,年代未核實,心中的日月,2B2IX7yTFvg,3623816,最近15年流行曲,年代未核實,國語,,unknown
era-unverified,POP-2322,年代未核實,風的形狀,KEb1Db47DAg,3613867,最近15年流行曲,年代未核實,粵語,,unknown
era-unverified,POP-2323,年代未核實,愛你等於愛自己,J-Q_SEemWYQ,3608951,最近15年流行曲,年代未核實,國語,,unknown
era-unverified,POP-2324,年代未核實,隆重登場,pP4vVAIhs10,3601409,最近15年流行曲,年代未核實,粵語,,unknown
era-unverified,POP-2325,年代未核實,我們都被忘了,LyGeoF1K10o,3595175,最近15年流行曲,年代未核實,粵語,,unknown
era-unverified,POP-2326,年代未核實,一拍兩散,94ySNwJhmI4,3579751,最近15年流行曲,年代未核實,粵語,,unknown
era-unverified,POP-2327,年代未核實,筆友,n7hIxiX2W9I,3576733,最近15年流行曲,年代未核實,粵語,,unknown
era-unverified,POP-2328,年代未核實,冰河時代,hwENuZHFTj0,3558826,最近15年流行曲,年代未核實,國語,,unknown
era-unverified,POP-2329,年代未核實,天使的偏執,dreFqLTbCf0,3558697,最近15年流行曲,年代未核實,國語,,unknown
era-unverified,POP-2330,年代未核實,回憶半分鐘,oSeRj1sW3To,3537581,最近15年流行曲,年代未核實,粵語,,unknown
era-unverified,POP-2331,年代未核實,一顆心的距離,4ik9v7BnSjg,3534598,最近15年流行曲,年代未核實,國語,,unknown
era-unverified,POP-2332,年代未核實,原來談戀愛是這麼一回事,l80bRs4J1QU,3525753,最近15年流行曲,年代未核實,國語,,unknown
era-unverified,POP-2333,年代未核實,私奔到月球,EK9z2B9wXQk,3513223,最近15年流行曲,年代未核實,國語,,unknown
era-unverified,POP-2334,年代未核實,明天的事情,_hf5FtYaPEU,3508975,最近15年流行曲,年代未核實,國語,,unknown
era-unverified,POP-2335,年代未核實,還有一艘救生艙,Evy81LX88YI,3498930,最近15年流行曲,年代未核實,粵語,,unknown
era-unverified,POP-2336,年代未核實,一個像夏天 一個像秋天,2-sqX7JiIjA,3470624,最近15年流行曲,年代未核實,國語,,unknown
era-unverified,POP-2337,年代未核實,油麻地莎士比亞,Zn1kl1Lmcrk,3459420,最近15年流行曲,年代未核實,粵語,,unknown
era-unverified,POP-2338,年代未核實,謝謝對不起,9-4aWqk7b0k,3443108,最近15年流行曲,年代未核實,國語,,unknown
era-unverified,POP-2339,年代未核實,彩虹的微笑,LeWRqBsm0zY,3433900,最近15年流行曲,年代未核實,國語,,unknown
era-unverified,POP-2340,年代未核實,繼續向前行,QMYN8ch1WGc,3422397,最近15年流行曲,年代未核實,國語,,unknown
era-unverified,POP-2341,年代未核實,從未見過的海,mIbkGxTDUUw,3420259,最近15年流行曲,年代未核實,國語,,unknown
era-unverified,POP-2342,年代未核實,當你和心跳一起出現,Dl-ygwweQEc,3403272,最近15年流行曲,年代未核實,國語,,unknown
era-unverified,POP-2343,年代未核實,圍城,-JA20hJl4Bc,3396690,最近15年流行曲,年代未核實,粵語,,unknown
era-unverified,POP-2344,年代未核實,迷霧之子,LnJEaPnVmz4,3383830,最近15年流行曲,年代未核實,國語,,unknown
era-unverified,POP-2345,年代未核實,方圓幾里,RPWMZGaajM8,3383842,最近15年流行曲,年代未核實,國語,,unknown
era-unverified,POP-2346,年代未核實,水刑物語,CYaVZ6CULkI,3377827,最近15年流行曲,年代未核實,粵語,,unknown
era-unverified,POP-2347,年代未核實,最悲傷的事,Ej83dvkU-Z4,3369282,最近15年流行曲,年代未核實,國語,,unknown
era-unverified,POP-2348,年代未核實,美錯,vApmGlw7JuQ,3365074,最近15年流行曲,年代未核實,國語,,unknown
era-unverified,POP-2349,年代未核實,當我迷失時聽著的歌,fcvzAC2K_H8,3359915,最近15年流行曲,年代未核實,粵語,,unknown
era-unverified,POP-2350,年代未核實,盡情旋轉,wRqwB78S8UU,3348291,最近15年流行曲,年代未核實,國語,,unknown
era-unverified,POP-2351,年代未核實,相安無事,LdoEAj-qQXQ,3347171,最近15年流行曲,年代未核實,粵語,,unknown
era-unverified,POP-2352,年代未核實,简单爱,HwbFORsR9b8,3347069,最近15年流行曲,年代未核實,國語,,unknown
era-unverified,POP-2353,年代未核實,单车,y2bBMOkfTdQ,3337276,最近15年流行曲,年代未核實,國語,,unknown
era-unverified,POP-2354,年代未核實,跑馬燈,x9MuYF8ISjc,3336148,最近15年流行曲,年代未核實,國語,,unknown
era-unverified,POP-2355,年代未核實,七月的極光,PJyFND4-zR4,3323389,最近15年流行曲,年代未核實,國語,,unknown
era-unverified,POP-2356,年代未核實,窮人的薔薇,_u0M63T2_Bo,3323273,最近15年流行曲,年代未核實,粵語,,unknown
era-unverified,POP-2357,年代未核實,懼高症,D_s_tIAJbqA,3323208,最近15年流行曲,年代未核實,國語,,unknown
era-unverified,POP-2358,年代未核實,831小心肝,BWHg9jUCAxI,3318194,最近15年流行曲,年代未核實,國語,,unknown
era-unverified,POP-2359,年代未核實,模特,7LBUcOVmD6A,3317452,最近15年流行曲,年代未核實,國語,,unknown
era-unverified,POP-2360,年代未核實,愛太空,Qal-t7X_MBA,3310687,最近15年流行曲,年代未核實,國語,,unknown
era-unverified,POP-2361,年代未核實,平衡木,macv0Q1tHKs,3307103,最近15年流行曲,年代未核實,國語,,unknown
era-unverified,POP-2362,年代未核實,繁華攏是夢,Xcgf-EVvHuE,3306255,最近15年流行曲,年代未核實,國語,,unknown
era-unverified,POP-2363,年代未核實,自由飛翔,yXMPAMKUVgY,3295993,最近15年流行曲,年代未核實,粵語,,unknown
era-unverified,POP-2364,年代未核實,被馴服的象,c6OkmhO4H6M,3276534,最近15年流行曲,年代未核實,國語,,unknown
era-unverified,POP-2365,年代未核實,夜的盡頭,3OSGYTj08rU,3257730,最近15年流行曲,年代未核實,國語,,unknown
era-unverified,POP-2366,年代未核實,東邪,iDIEK6193wU,3251538,最近15年流行曲,年代未核實,粵語,,unknown
era-unverified,POP-2367,年代未核實,喃嘸師感官漫遊,tzHDm7jyoEY,3249258,最近15年流行曲,年代未核實,粵語,,unknown
era-unverified,POP-2368,年代未核實,天外來物,SfE6cG4KfHA,3228262,最近15年流行曲,年代未核實,國語,,unknown
era-unverified,POP-2369,年代未核實,愛情你比我想的閣較偉大,SLnpJ9VqstQ,3190440,最近15年流行曲,年代未核實,國語,,unknown
era-unverified,POP-2370,年代未核實,逸後,6TuwdnG6Lic,3190365,最近15年流行曲,年代未核實,粵語,,unknown
era-unverified,POP-2371,年代未核實,故事,ivm6BkDmxRg,3187829,最近15年流行曲,年代未核實,國語,,unknown
era-unverified,POP-2372,年代未核實,天天年年,T1I2ksOZJbI,3187041,最近15年流行曲,年代未核實,國語,,unknown
era-unverified,POP-2373,年代未核實,收藏,UG459pAsokE,3169984,最近15年流行曲,年代未核實,國語,,unknown
era-unverified,POP-2374,年代未核實,複雜,AmU-Z_NSLrI,3147002,最近15年流行曲,年代未核實,粵語,,unknown
era-unverified,POP-2375,年代未核實,沒有翅膀的天使,MbUpEGlZ55o,3135588,最近15年流行曲,年代未核實,國語,,unknown
era-unverified,POP-2376,年代未核實,桃花諾,OoNk_pIROkY,3126029,最近15年流行曲,年代未核實,國語,,unknown
era-unverified,POP-2377,年代未核實,仰望,had4aS-ludw,3123005,最近15年流行曲,年代未核實,國語,,unknown
era-unverified,POP-2378,年代未核實,撐腰,q9Z7wYZEb7U,3117305,最近15年流行曲,年代未核實,國語,,unknown
era-unverified,POP-2379,年代未核實,攀上天梯的螞蟻,HwfmZqrIPXw,3113151,最近15年流行曲,年代未核實,粵語,,unknown
era-unverified,POP-2380,年代未核實,明天以後,ui14SZ9zGMk,3103801,最近15年流行曲,年代未核實,粵語,,unknown
era-unverified,POP-2381,年代未核實,好心好報,9eD8Axiu2JY,3099616,最近15年流行曲,年代未核實,國語,,unknown
era-unverified,POP-2382,年代未核實,路太彎,oniLS77Gfps,3047934,最近15年流行曲,年代未核實,國語,,unknown
era-unverified,POP-2383,年代未核實,胡夏,KqjgLbKZ1h0,118221420,最近15年流行曲,年代未核實,國語,,unknown
era-unverified,POP-2384,年代未核實,洋蔥,6Duo89XuYIM,37283449,最近15年流行曲,年代未核實,國語,,unknown
era-unverified,POP-2385,年代未核實,魚,Dnz-BTz9eDU,22095684,最近15年流行曲,年代未核實,國語,,unknown
era-unverified,POP-2386,年代未核實,火星人,OLRbIc8KZ_8,20942134,最近15年流行曲,年代未核實,國語,,unknown
era-unverified,POP-2387,年代未核實,偶陣雨,uHSaC3t0N0Q,19989723,最近15年流行曲,年代未核實,國語,,unknown
era-unverified,POP-2388,年代未核實,帶我走,KOLDiXnQC7Q,18819676,最近15年流行曲,年代未核實,國語,,unknown
era-unverified,POP-2389,年代未核實,抽,JmjKVtw6BrQ,15402174,最近15年流行曲,年代未核實,粵語,,unknown
era-unverified,POP-2390,年代未核實,陪你失敗,djSEDGoqUzo,14718747,最近15年流行曲,年代未核實,國語,,unknown
era-unverified,POP-2391,年代未核實,至少做一件離譜的事,RPoNXvSFHE4,12668876,最近15年流行曲,年代未核實,國語,,unknown
era-unverified,POP-2392,年代未核實,永久損毀,oA9jBgA_PMU,10980286,最近15年流行曲,年代未核實,粵語,,unknown
era-unverified,POP-2393,年代未核實,開始懂了,h5eRbbOnPRc,10502758,最近15年流行曲,年代未核實,國語,,unknown
era-unverified,POP-2394,年代未核實,不求月老,eV9a5oUCbZQ,10161789,最近15年流行曲,年代未核實,粵語,,unknown
era-unverified,POP-2395,年代未核實,怎麼辦,gRhjGGOINLY,10144821,最近15年流行曲,年代未核實,國語,,unknown
verified-era,POP-2396,最近15年流行曲,缺,FDi5TulrPG4,9614613,最近15年流行曲,最近15年流行曲,粵語,2018,field-year
era-unverified,POP-2397,年代未核實,白安,jgx-q0jYxwg,9396115,最近15年流行曲,年代未核實,國語,,unknown
era-unverified,POP-2398,年代未核實,最親愛的你,HX6LvoX3Hmo,9063467,最近15年流行曲,年代未核實,國語,,unknown
era-unverified,POP-2399,年代未核實,落葉歸根,ElSO_8jo8yE,8540022,最近15年流行曲,年代未核實,國語,,unknown
era-unverified,POP-2400,年代未核實,風衣,cfOsmenwU6w,7696308,最近15年流行曲,年代未核實,國語,,unknown
era-unverified,POP-2401,年代未核實,你,iK4k2-SGwBc,7552119,最近15年流行曲,年代未核實,國語,,unknown
era-unverified,POP-2402,年代未核實,舞極限,XOUImj1TlHY,7279683,最近15年流行曲,年代未核實,國語,,unknown
era-unverified,POP-2403,年代未核實,濤,KkHp1QD12_s,7159241,最近15年流行曲,年代未核實,粵語,,unknown
era-unverified,POP-2404,年代未核實,愛你 3000,w_1RBgR-8cU,6762664,最近15年流行曲,年代未核實,國語,,unknown
era-unverified,POP-2405,年代未核實,你是我心內的一首歌,AYOacfFq2fU,6594701,最近15年流行曲,年代未核實,國語,,unknown
era-unverified,POP-2406,年代未核實,繼續,HbHOJ_g7zYk,5938098,最近15年流行曲,年代未核實,國語,,unknown
era-unverified,POP-2407,年代未核實,分開不是誰不好,YzevNaeUiHc,5829925,最近15年流行曲,年代未核實,國語,,unknown
era-unverified,POP-2408,年代未核實,天使的指紋,uOstnsehasY,5801427,最近15年流行曲,年代未核實,國語,,unknown
era-unverified,POP-2409,年代未核實,粵,y4-hztQN7iY,5717785,最近15年流行曲,年代未核實,粵語,,unknown
era-unverified,POP-2410,年代未核實,紅,9WEYFqCUze8,5664457,最近15年流行曲,年代未核實,國語,,unknown
era-unverified,POP-2411,年代未核實,831翻白眼,qYocfeODeEM,5618900,最近15年流行曲,年代未核實,國語,,unknown
era-unverified,POP-2412,年代未核實,擱淺的人,NhJCYJs0XIA,5549995,最近15年流行曲,年代未核實,國語,,unknown
era-unverified,POP-2413,年代未核實,少年,efKva-XmV48,5488688,最近15年流行曲,年代未核實,國語,,unknown
era-unverified,POP-2414,年代未核實,倒流時間,7Jhdn2riuC0,5398907,最近15年流行曲,年代未核實,國語,,unknown
era-unverified,POP-2415,年代未核實,怯,EnIknRq6InE,5315853,最近15年流行曲,年代未核實,粵語,,unknown
era-unverified,POP-2416,年代未核實,一天,62aYD2lzTgw,5255242,最近15年流行曲,年代未核實,國語,,unknown
verified-era,POP-2417,最近15年流行曲,一,a3fIxwajqT8,5034131,最近15年流行曲,最近15年流行曲,粵語,2014,field-year
era-unverified,POP-2418,年代未核實,回憶的閣樓,BKU1T8mUIRw,4815137,最近15年流行曲,年代未核實,國語,,unknown
era-unverified,POP-2419,年代未核實,該忘的日子,HO56HomZBtA,4654991,最近15年流行曲,年代未核實,國語,,unknown
era-unverified,POP-2420,年代未核實,謝謝你的溫柔,ME5ABBWdXgM,4633469,最近15年流行曲,年代未核實,國語,,unknown
era-unverified,POP-2421,年代未核實,大丈夫 華納,KoipVUiX-Gs,4625509,最近15年流行曲,年代未核實,國語,,unknown
era-unverified,POP-2422,年代未核實,爱转角,I5Q9N8ZPaQY,4591588,最近15年流行曲,年代未核實,國語,,unknown
era-unverified,POP-2423,年代未核實,遠征,GIMEZscMzUo,4431941,最近15年流行曲,年代未核實,粵語,,unknown
era-unverified,POP-2424,年代未核實,獨處的時候,ts5RHGU-0aE,4353117,最近15年流行曲,年代未核實,國語,,unknown
era-unverified,POP-2425,年代未核實,別去問他好嗎,t-_geyqFB4U,4289556,最近15年流行曲,年代未核實,國語,,unknown
era-unverified,POP-2426,年代未核實,舊行李,8ncopfHJuXs,4289151,最近15年流行曲,年代未核實,國語,,unknown
era-unverified,POP-2427,年代未核實,愛無赦,obDczEBeZHk,4234739,最近15年流行曲,年代未核實,國語,,unknown
era-unverified,POP-2428,年代未核實,忘了,4prGDD-iF30,4212635,最近15年流行曲,年代未核實,國語,,unknown
era-unverified,POP-2429,年代未核實,好想對你說,OjcYphaTWjQ,4180482,最近15年流行曲,年代未核實,國語,,unknown
era-unverified,POP-2430,年代未核實,追,SuSA23lwyoA,4160556,最近15年流行曲,年代未核實,粵語,,unknown
era-unverified,POP-2431,年代未核實,鋼鐵人,yUWAYvfQ0dA,4061758,最近15年流行曲,年代未核實,國語,,unknown
era-unverified,POP-2432,年代未核實,狼,C7TNXR0Vfv8,3799299,最近15年流行曲,年代未核實,國語,,unknown
era-unverified,POP-2433,年代未核實,離別的規矩,YuQ7gBuhkyQ,3773890,最近15年流行曲,年代未核實,粵語,,unknown
era-unverified,POP-2434,年代未核實,圓,h2-dP-W1gtE,3658895,最近15年流行曲,年代未核實,粵語,,unknown
era-unverified,POP-2435,年代未核實,第一百個我,QXRdM9U-biI,3653357,最近15年流行曲,年代未核實,粵語,,unknown
era-unverified,POP-2436,年代未核實,可惜不是你,AGpB2O4IY8U,3596846,最近15年流行曲,年代未核實,國語,,unknown
era-unverified,POP-2437,年代未核實,現在已夜深,werK8KXMlcQ,3486260,最近15年流行曲,年代未核實,粵語,,unknown
era-unverified,POP-2438,年代未核實,831老教室,ogn1m7gqox0,3478555,最近15年流行曲,年代未核實,國語,,unknown
era-unverified,POP-2439,年代未核實,男排女將,EcKNB5S2yzI,3399157,最近15年流行曲,年代未核實,粵語,,unknown
era-unverified,POP-2440,年代未核實,我甚麼都沒有,UTqqQqke3lw,3251425,最近15年流行曲,年代未核實,粵語,,unknown
era-unverified,POP-2441,年代未核實,旅行的意義,VaHgEZcFv-Y,3193556,最近15年流行曲,年代未核實,國語,,unknown
era-unverified,POP-2442,年代未核實,你眼中的我,2x6bACpzo-o,3180970,最近15年流行曲,年代未核實,國語,,unknown
era-unverified,POP-2443,年代未核實,誰,0ROch80boOs,3137809,最近15年流行曲,年代未核實,國語,,unknown
era-unverified,POP-2444,年代未核實,雙棲動物,3zNbh04UZjc,3130549,最近15年流行曲,年代未核實,國語,,unknown
era-unverified,POP-2445,年代未核實,羅賓,ihCXYfS_Xe0,3063431,最近15年流行曲,年代未核實,粵語,,unknown
era-unverified,POP-2446,年代未核實,跳舞的梵谷,rPNkjY9cA_M,3050509,最近15年流行曲,年代未核實,國語,,unknown
era-unverified,POP-2447,年代未核實,說到愛,uCAawcMfyvc,3050381,最近15年流行曲,年代未核實,國語,,unknown
era-unverified,POP-2448,年代未核實,下次愛你,JZpZVymOuOE,3047490,最近15年流行曲,年代未核實,粵語,,unknown
era-unverified,POP-2449,年代未核實,砂之器,aptD-vs937c,3044877,最近15年流行曲,年代未核實,粵語,,unknown
era-unverified,POP-2450,年代未核實,啟程,0frEqSA8uiI,3029839,最近15年流行曲,年代未核實,國語,,unknown
era-unverified,POP-2451,年代未核實,脆弱,BXj7vu_4F1c,3028094,最近15年流行曲,年代未核實,粵語,,unknown
era-unverified,POP-2452,年代未核實,找自己,1xZede32V6c,3015337,最近15年流行曲,年代未核實,國語,,unknown
era-unverified,POP-2453,年代未核實,當你離開的時候,V_gvsvkiaLc,3008371,最近15年流行曲,年代未核實,國語,,unknown
era-unverified,POP-2454,年代未核實,关键词,vQhNsoGlJSg,3006400,最近15年流行曲,年代未核實,國語,,unknown
era-unverified,POP-2455,年代未核實,一秒間,Q3nRL7FdtX0,3001933,最近15年流行曲,年代未核實,粵語,,unknown
era-unverified,POP-2456,年代未核實,我不會唱歌,0-40QqcRAFU,2981509,最近15年流行曲,年代未核實,國語,,unknown
era-unverified,POP-2457,年代未核實,愛無畏,o3IrlF6NpGU,2963397,最近15年流行曲,年代未核實,國語,,unknown
era-unverified,POP-2458,年代未核實,煙霞,2B-VtFNtGeY,2962504,最近15年流行曲,年代未核實,粵語,,unknown
era-unverified,POP-2459,年代未核實,半岛铁盒,nzGi7S6MWcw,2954549,最近15年流行曲,年代未核實,國語,,unknown
era-unverified,POP-2460,年代未核實,鑿,DcfYmAeSwS8,2952575,最近15年流行曲,年代未核實,粵語,,unknown
era-unverified,POP-2461,年代未核實,悲觀主義,kHpypVzC4rs,2940544,最近15年流行曲,年代未核實,粵語,,unknown
era-unverified,POP-2462,年代未核實,日出時讓街燈安睡,NAvdF2hFgtU,2926395,最近15年流行曲,年代未核實,粵語,,unknown
era-unverified,POP-2463,年代未核實,何妨,lfkUOzUnZxk,2903230,最近15年流行曲,年代未核實,國語,,unknown
era-unverified,POP-2464,年代未核實,黃色大門,DWEqVaXNYC8,2873525,最近15年流行曲,年代未核實,粵語,,unknown
era-unverified,POP-2465,年代未核實,澀女郎,ms9CcQXYj3s,2870103,最近15年流行曲,年代未核實,國語,,unknown
era-unverified,POP-2466,年代未核實,往未來飛的客機,NwpkhhLobTs,2859247,最近15年流行曲,年代未核實,國語,,unknown
verified-era,POP-2467,90年代流行曲,聽說愛情回來過,DAUvXGzCoOg,2855344,最近15年流行曲,90年代流行曲,國語,1995,title-match
era-unverified,POP-2468,年代未核實,離心力,2203HZpe0_Q,2846732,最近15年流行曲,年代未核實,國語,,unknown
era-unverified,POP-2469,年代未核實,月色魔美,YwO_BS0s-0A,2838988,最近15年流行曲,年代未核實,粵語,,unknown
era-unverified,POP-2470,年代未核實,飛女正傳,yNCUL8a6WKE,2836533,最近15年流行曲,年代未核實,粵語,,unknown
era-unverified,POP-2471,年代未核實,你帶著我的青春離去,PeeBxw8at5I,2830390,最近15年流行曲,年代未核實,粵語,,unknown
era-unverified,POP-2472,年代未核實,每一天都不同,0ZJ5ueYy-j4,2829853,最近15年流行曲,年代未核實,國語,,unknown
era-unverified,POP-2473,年代未核實,大開眼界,NyHCNKrmvII,2825479,最近15年流行曲,年代未核實,粵語,,unknown
era-unverified,POP-2474,年代未核實,聖誕歌,w2TKf1U5ZEo,2824543,最近15年流行曲,年代未核實,粵語,,unknown
era-unverified,POP-2475,年代未核實,不想去遠方,niODJg-D7Hk,2805213,最近15年流行曲,年代未核實,國語,,unknown
era-unverified,POP-2476,年代未核實,人妻的偽術,8wDFWZYvfPc,2793109,最近15年流行曲,年代未核實,粵語,,unknown
era-unverified,POP-2477,年代未核實,癢癢,H-4HFyGs3NY,2774762,最近15年流行曲,年代未核實,國語,,unknown
era-unverified,POP-2478,年代未核實,坐看雲起時,YNf-OgiDDpA,2768170,最近15年流行曲,年代未核實,粵語,,unknown
era-unverified,POP-2479,年代未核實,寧願當初不相見,jkZSY0-5U5c,2745275,最近15年流行曲,年代未核實,粵語,,unknown
era-unverified,POP-2480,年代未核實,愛回家,6mP8ZSnDFK8,2732076,最近15年流行曲,年代未核實,粵語,,unknown
era-unverified,POP-2481,年代未核實,人生尾路,0G3bmGOoajI,2729900,最近15年流行曲,年代未核實,國語,,unknown
era-unverified,POP-2482,年代未核實,我在流浮山滴眼水.jpg,nKtl5AfxoA4,2722379,最近15年流行曲,年代未核實,粵語,,unknown
era-unverified,POP-2483,年代未核實,我不是你的那首情歌,NcinenfImbY,2720262,最近15年流行曲,年代未核實,國語,,unknown
era-unverified,POP-2484,年代未核實,請問你敢欲做我的,4Z6qpvMpSMM,2714742,最近15年流行曲,年代未核實,國語,,unknown
era-unverified,POP-2485,年代未核實,牆外的風景,hMfInl-v1E4,2709914,最近15年流行曲,年代未核實,國語,,unknown
era-unverified,POP-2486,年代未核實,深化危機,9XKyKkE5PMQ,2708764,最近15年流行曲,年代未核實,粵語,,unknown
verified-era,POP-2487,90年代流行曲,飛機場的10,GurozK-HRTw,2704021,最近15年流行曲,90年代流行曲,國語,1997,video-id-match
era-unverified,POP-2488,年代未核實,很堅強,o0qy3Oe2pOY,2703179,最近15年流行曲,年代未核實,粵語,,unknown
era-unverified,POP-2489,年代未核實,好久不见,L8BW7LCnixE,2691607,最近15年流行曲,年代未核實,國語,,unknown
era-unverified,POP-2490,年代未核實,夏夜煙火,pkbqFhlQFbc,2691517,最近15年流行曲,年代未核實,國語,,unknown
era-unverified,POP-2491,年代未核實,秋葉緣,LBY8jgAnL4E,2688487,最近15年流行曲,年代未核實,粵語,,unknown
era-unverified,POP-2492,年代未核實,要一起,aeNw8CH4b8M,2687329,最近15年流行曲,年代未核實,國語,,unknown
era-unverified,POP-2493,年代未核實,流行歌曲,AOkFpYLJh2I,2680840,最近15年流行曲,年代未核實,國語,,unknown
era-unverified,POP-2494,年代未核實,明天我在你⾝邊,UGwsoI5HIdw,2676882,最近15年流行曲,年代未核實,國語,,unknown
era-unverified,POP-2495,年代未核實,無答案,4VO_ZJ3H8E8,2676350,最近15年流行曲,年代未核實,粵語,,unknown
era-unverified,POP-2496,年代未核實,純銀子彈,E_uCTlKy2yo,2666584,最近15年流行曲,年代未核實,粵語,,unknown
era-unverified,POP-2497,年代未核實,飛輪海,bJpivSUfFew,2656370,最近15年流行曲,年代未核實,國語,,unknown
era-unverified,POP-2498,年代未核實,風起了,O3gMRT1MTGg,2650881,最近15年流行曲,年代未核實,粵語,,unknown
era-unverified,POP-2499,年代未核實,過客別墅,_N9D8AR9Qxo,2634491,最近15年流行曲,年代未核實,粵語,,unknown
era-unverified,POP-2500,年代未核實,笑住喊,T3Mo0NP2O0w,2590602,最近15年流行曲,年代未核實,粵語,,unknown
era-unverified,POP-2501,年代未核實,做伙,0syeyyTBDOU,2588766,最近15年流行曲,年代未核實,國語,,unknown
era-unverified,POP-2502,年代未核實,一水兩方,yeZ3pnh1hHg,2578806,最近15年流行曲,年代未核實,粵語,,unknown
era-unverified,POP-2503,年代未核實,全世界會唱的歌,UltQwe345LA,2556101,最近15年流行曲,年代未核實,國語,,unknown
era-unverified,POP-2504,年代未核實,江靜,Ndl8QKr3sOQ,2549701,最近15年流行曲,年代未核實,國語,,unknown
era-unverified,POP-2505,年代未核實,最好不過,-sMQFjQWYoA,2545471,最近15年流行曲,年代未核實,粵語,,unknown
era-unverified,POP-2506,年代未核實,在最好的時間做最好的你,DRJAZQHPJkY,2534621,最近15年流行曲,年代未核實,粵語,,unknown
era-unverified,POP-2507,年代未核實,薜凱琪 奇洛李維斯回信,5z-ICPhWXKA,2527324,最近15年流行曲,年代未核實,國語,,unknown
era-unverified,POP-2508,年代未核實,三人遊,TRzwna3cU5M,2518469,最近15年流行曲,年代未核實,粵語,,unknown
era-unverified,POP-2509,年代未核實,李荣浩全新自作曲不遗憾,N0Wqhbq1Q7Y,2508636,最近15年流行曲,年代未核實,國語,,unknown
era-unverified,POP-2510,年代未核實,島嶼天光,riNecvPcmTE,2497614,最近15年流行曲,年代未核實,國語,,unknown
era-unverified,POP-2511,年代未核實,音樂,yZmwvfam9oE,2492117,最近15年流行曲,年代未核實,國語,,unknown
era-unverified,POP-2512,年代未核實,油尖旺金毛玲,HJ8FREaoyVo,2487363,最近15年流行曲,年代未核實,粵語,,unknown
era-unverified,POP-2513,年代未核實,這個姿態,ZnTv-D6p_tM,2477340,最近15年流行曲,年代未核實,國語,,unknown
era-unverified,POP-2514,年代未核實,男人信什麼,Q2GBzPZXR7Q,2475103,最近15年流行曲,年代未核實,粵語,,unknown
era-unverified,POP-2515,年代未核實,想你想你,8IQmnD85nZc,2465824,最近15年流行曲,年代未核實,國語,,unknown
era-unverified,POP-2516,年代未核實,掛住你,8XW9L2nTD74,2464705,最近15年流行曲,年代未核實,粵語,,unknown
era-unverified,POP-2517,年代未核實,有你真好,5Q2r-tNQo4k,2453874,最近15年流行曲,年代未核實,國語,,unknown
era-unverified,POP-2518,年代未核實,念,heEjOa_-lw0,2449983,最近15年流行曲,年代未核實,粵語,,unknown
era-unverified,POP-2519,年代未核實,失戀的意義,5jkLqRSNukA,2444352,最近15年流行曲,年代未核實,粵語,,unknown
era-unverified,POP-2520,年代未核實,自作自受,lZ78JpU2wms,2444193,最近15年流行曲,年代未核實,國語,,unknown
era-unverified,POP-2521,年代未核實,神的不在場證明,e_8z97iV2cI,2443686,最近15年流行曲,年代未核實,粵語,,unknown
era-unverified,POP-2522,年代未核實,四不像,zBfPGhntXXU,2440520,最近15年流行曲,年代未核實,粵語,,unknown
era-unverified,POP-2523,年代未核實,雲裳羽衣曲,E2bpviMgPLk,2440384,最近15年流行曲,年代未核實,國語,,unknown
era-unverified,POP-2524,年代未核實,愛一點,blHmXV6HKow,2437456,最近15年流行曲,年代未核實,國語,,unknown
era-unverified,POP-2525,年代未核實,十二月的妳,SxbW2uGTWxU,2428067,最近15年流行曲,年代未核實,國語,,unknown
era-unverified,POP-2526,年代未核實,最難行的路,lOwNC-JqUOc,2427381,最近15年流行曲,年代未核實,粵語,,unknown
era-unverified,POP-2527,年代未核實,在月蝕裡抱緊我,E6WMrCdC_rs,2402547,最近15年流行曲,年代未核實,國語,,unknown
era-unverified,POP-2528,年代未核實,出道一年作品,Yvh7mMddF2o,2382777,最近15年流行曲,年代未核實,粵語,,unknown
era-unverified,POP-2529,年代未核實,冬季限定,2aMDpiBI-Ls,2378162,最近15年流行曲,年代未核實,粵語,,unknown
era-unverified,POP-2530,年代未核實,💎创造营2021,UUWCKavWpGU,2373408,最近15年流行曲,年代未核實,國語,,unknown
era-unverified,POP-2531,年代未核實,揮著翅膀的女孩,dZTMHYCn_rM,2367404,最近15年流行曲,年代未核實,粵語,,unknown
era-unverified,POP-2532,年代未核實,發現號,wZD_qQ81l3Q,2363282,最近15年流行曲,年代未核實,粵語,,unknown
era-unverified,POP-2533,年代未核實,靈魂伴侶,Gm0BOJ2i9c4,2358101,最近15年流行曲,年代未核實,國語,,unknown
era-unverified,POP-2534,年代未核實,浮床,EkfV3oRqduU,2351411,最近15年流行曲,年代未核實,粵語,,unknown
era-unverified,POP-2535,年代未核實,找對的人,0Fies_cvGyw,2344675,最近15年流行曲,年代未核實,粵語,,unknown
era-unverified,POP-2536,年代未核實,浪漫血液,QjvOYIzarsQ,2337638,最近15年流行曲,年代未核實,國語,,unknown
era-unverified,POP-2537,年代未核實,讓世界暫停一分鐘,wpyVeB9y0ok,2323217,最近15年流行曲,年代未核實,國語,,unknown
era-unverified,POP-2538,年代未核實,當,_OV5pgks4Yg,2322708,最近15年流行曲,年代未核實,國語,,unknown
era-unverified,POP-2539,年代未核實,時日如飛,J7QzKv5CsDU,2318978,最近15年流行曲,年代未核實,粵語,,unknown
era-unverified,POP-2540,年代未核實,免疫體,OpEli2T3TD8,2310306,最近15年流行曲,年代未核實,國語,,unknown
era-unverified,POP-2541,年代未核實,夏日之子,Dgd8sUGEFR8,2305715,最近15年流行曲,年代未核實,粵語,,unknown
era-unverified,POP-2542,年代未核實,名字,iOCGmOYrmaU,2303067,最近15年流行曲,年代未核實,國語,,unknown
era-unverified,POP-2543,年代未核實,oaeen沙發裡有沙發Radio,2HwQQwDWO2s,2297257,最近15年流行曲,年代未核實,國語,,unknown
era-unverified,POP-2544,年代未核實,費洛蒙小姐,2cX7SzDSA5o,2293844,最近15年流行曲,年代未核實,國語,,unknown
era-unverified,POP-2545,年代未核實,逾越生死,XRvUzyJEswM,2292649,最近15年流行曲,年代未核實,粵語,,unknown
era-unverified,POP-2546,年代未核實,載我走,wboL_3_StIA,2290239,最近15年流行曲,年代未核實,粵語,,unknown
era-unverified,POP-2547,年代未核實,逃避你,nItRWSfqjIA,2281005,最近15年流行曲,年代未核實,粵語,,unknown
era-unverified,POP-2548,年代未核實,我們的紀念日,VWz3YP-mzN0,2269593,最近15年流行曲,年代未核實,國語,,unknown
era-unverified,POP-2549,年代未核實,一起來唱歌,4aizyAaIRrA,2265242,最近15年流行曲,年代未核實,國語,,unknown
era-unverified,POP-2550,年代未核實,時辰未到,-Wtdy8OC74o,2262135,最近15年流行曲,年代未核實,粵語,,unknown
era-unverified,POP-2551,年代未核實,家,tXu-4BcZfE0,2254507,最近15年流行曲,年代未核實,國語,,unknown
era-unverified,POP-2552,年代未核實,你就不要想起我,YG6oBjs-VFQ,2243546,最近15年流行曲,年代未核實,國語,,unknown
era-unverified,POP-2553,年代未核實,雨天,_zMR-JJMIIE,2240760,最近15年流行曲,年代未核實,國語,,unknown
era-unverified,POP-2554,年代未核實,潛規則,Ev-m58KarRE,2234241,最近15年流行曲,年代未核實,國語,,unknown
era-unverified,POP-2555,年代未核實,離開,MKnCuIQcL-Q,2226925,最近15年流行曲,年代未核實,國語,,unknown
era-unverified,POP-2556,年代未核實,午夜夢迴,qc2WfAZqCE0,2226525,最近15年流行曲,年代未核實,國語,,unknown
era-unverified,POP-2557,年代未核實,一天多一點,DJFO6BXUNB4,2215563,最近15年流行曲,年代未核實,粵語,,unknown
era-unverified,POP-2558,年代未核實,那些花兒,8qIEmtq4K2k,2200414,最近15年流行曲,年代未核實,國語,,unknown
era-unverified,POP-2559,年代未核實,求救的勇氣,fFWntYVQ_gg,2194417,最近15年流行曲,年代未核實,粵語,,unknown
era-unverified,POP-2560,年代未核實,自毀的程序,s1A72XnJDo0,2189439,最近15年流行曲,年代未核實,粵語,,unknown
era-unverified,POP-2561,年代未核實,十年後的我,P0m_fGuDoWo,2173455,最近15年流行曲,年代未核實,粵語,,unknown
era-unverified,POP-2562,年代未核實,演员,HeXxxZzMH7k,2160579,最近15年流行曲,年代未核實,國語,,unknown
era-unverified,POP-2563,年代未核實,能給的只有那麼多,Txz3rD9spfA,2158418,最近15年流行曲,年代未核實,國語,,unknown
era-unverified,POP-2564,年代未核實,我還在你的夢裡嗎,GIWe8gTM5sQ,2157897,最近15年流行曲,年代未核實,國語,,unknown
era-unverified,POP-2565,年代未核實,我不想念,4r2GjbkMHYM,2151965,最近15年流行曲,年代未核實,國語,,unknown
era-unverified,POP-2566,年代未核實,聖誕很忙,Co5Y8jQ1Vc4,2143596,最近15年流行曲,年代未核實,粵語,,unknown
era-unverified,POP-2567,年代未核實,還有什麼好在意,CoWNrsUjvuM,2141482,最近15年流行曲,年代未核實,國語,,unknown
era-unverified,POP-2568,年代未核實,第三類接觸,EgiKnGO2NHY,2132255,最近15年流行曲,年代未核實,國語,,unknown
era-unverified,POP-2569,年代未核實,咖啡因眼淚,zaocnHsO5hI,2127765,最近15年流行曲,年代未核實,粵語,,unknown
era-unverified,POP-2570,年代未核實,花園裡的流星雨,gmrQire09TM,2127656,最近15年流行曲,年代未核實,國語,,unknown
era-unverified,POP-2571,年代未核實,風旅,PDaFr4dJmmA,2116551,最近15年流行曲,年代未核實,國語,,unknown
era-unverified,POP-2572,年代未核實,迴光物語,Ln_h8IxXY9w,2115175,最近15年流行曲,年代未核實,粵語,,unknown
era-unverified,POP-2573,年代未核實,顏色,Rvj-o2fNFWk,2115072,最近15年流行曲,年代未核實,粵語,,unknown
era-unverified,POP-2574,年代未核實,報復式浪漫,k2W2RGDOtaw,2107132,最近15年流行曲,年代未核實,粵語,,unknown
era-unverified,POP-2575,年代未核實,不還,6TdIE6QaNSo,2101266,最近15年流行曲,年代未核實,國語,,unknown
era-unverified,POP-2576,年代未核實,若,q7hGRaBKYJY,2101131,最近15年流行曲,年代未核實,粵語,,unknown
era-unverified,POP-2577,年代未核實,我想和你好好的,fZSgY842Uq0,2097135,最近15年流行曲,年代未核實,粵語,,unknown
era-unverified,POP-2578,年代未核實,有一說一,zh5AR_-Jo8I,2097095,最近15年流行曲,年代未核實,國語,,unknown
era-unverified,POP-2579,年代未核實,控制狂,Wf9Ui3M2mdU,2096772,最近15年流行曲,年代未核實,國語,,unknown
era-unverified,POP-2580,年代未核實,分手看看,eZ8EyTQT6tM,2074531,最近15年流行曲,年代未核實,國語,,unknown
era-unverified,POP-2581,年代未核實,漸漸我們,J6nmZUNWJfE,2066944,最近15年流行曲,年代未核實,粵語,,unknown
era-unverified,POP-2582,年代未核實,對得起自己,cczd_wwbAWI,2043836,最近15年流行曲,年代未核實,粵語,,unknown
era-unverified,POP-2583,年代未核實,上次講到,fLN7beux2bs,2041074,最近15年流行曲,年代未核實,粵語,,unknown
era-unverified,POP-2584,年代未核實,一格格,N1jdWcmEv0Q,2038661,最近15年流行曲,年代未核實,粵語,,unknown
era-unverified,POP-2585,年代未核實,遺書,HyPkStVuLXU,2038247,最近15年流行曲,年代未核實,國語,,unknown
era-unverified,POP-2586,年代未核實,說再見了吧,v8sinYESj0E,2034588,最近15年流行曲,年代未核實,粵語,,unknown
era-unverified,POP-2587,年代未核實,顛倒世界,BnaDsowi1NM,2010097,最近15年流行曲,年代未核實,國語,,unknown
era-unverified,POP-2588,年代未核實,如果青春不會有盡頭,1QUsmcZtlTE,1986131,最近15年流行曲,年代未核實,國語,,unknown
era-unverified,POP-2589,年代未核實,不能跟情人說的話,faHyARobAfw,1985703,最近15年流行曲,年代未核實,國語,,unknown
era-unverified,POP-2590,年代未核實,火力全開,t-uUdbCR32I,1985575,最近15年流行曲,年代未核實,國語,,unknown
era-unverified,POP-2591,年代未核實,你還要我怎樣,jwkd9wh59us,1965909,最近15年流行曲,年代未核實,國語,,unknown
era-unverified,POP-2592,年代未核實,瀟灑小姐,CdaS3ARH9Nw,1964001,最近15年流行曲,年代未核實,國語,,unknown
era-unverified,POP-2593,年代未核實,樣子,08BdlmD2YMM,1919608,最近15年流行曲,年代未核實,國語,,unknown
era-unverified,POP-2594,年代未核實,我好像在哪見過你,XK0-l7tML9s,1914620,最近15年流行曲,年代未核實,國語,,unknown
era-unverified,POP-2595,年代未核實,烏托邦,s0_DWygI6NA,1910101,最近15年流行曲,年代未核實,粵語,,unknown
era-unverified,POP-2596,年代未核實,自由意志,GzxOLFOmgHg,1908068,最近15年流行曲,年代未核實,粵語,,unknown
era-unverified,POP-2597,年代未核實,愛沒有錯,o0WomLGknHA,1903884,最近15年流行曲,年代未核實,國語,,unknown
era-unverified,POP-2598,年代未核實,這首歌,AUOlxbxvp8k,1901804,最近15年流行曲,年代未核實,國語,,unknown
era-unverified,POP-2599,年代未核實,無名指,mK491w1UUuw,1894785,最近15年流行曲,年代未核實,粵語,,unknown
era-unverified,POP-2600,年代未核實,同行,HjA8JMYrZoY,1893535,最近15年流行曲,年代未核實,粵語,,unknown
era-unverified,POP-2601,年代未核實,背後女人,GavrNh8Z5rs,1890357,最近15年流行曲,年代未核實,粵語,,unknown
era-unverified,POP-2602,年代未核實,給女兒,ETmiY7ARkL4,1872675,最近15年流行曲,年代未核實,國語,,unknown
era-unverified,POP-2603,年代未核實,被自己綁架,DZNiCEDv_fQ,1868722,最近15年流行曲,年代未核實,國語,,unknown
era-unverified,POP-2604,年代未核實,世界與你無關,fN6eXrbxQFI,1856909,最近15年流行曲,年代未核實,粵語,,unknown
era-unverified,POP-2605,年代未核實,月光奏明曲,-pTAydLR4K4,1852584,最近15年流行曲,年代未核實,粵語,,unknown
era-unverified,POP-2606,年代未核實,刪拾,8rueHdrzRRs,1849116,最近15年流行曲,年代未核實,國語,,unknown
era-unverified,POP-2607,年代未核實,念念又不忘,2m8z_F_j7gk,1835473,最近15年流行曲,年代未核實,國語,,unknown
era-unverified,POP-2608,年代未核實,思念即地獄,a1_inIrS0ag,1822070,最近15年流行曲,年代未核實,粵語,,unknown
era-unverified,POP-2609,年代未核實,屬於你,y1j9Zeby18w,1818427,最近15年流行曲,年代未核實,國語,,unknown
era-unverified,POP-2610,年代未核實,天變地變情不變,Pr4qPD2G9jo,1801292,最近15年流行曲,年代未核實,粵語,,unknown
era-unverified,POP-2611,年代未核實,聽風,GOoRxCVCE-k,1798222,最近15年流行曲,年代未核實,粵語,,unknown
era-unverified,POP-2612,年代未核實,自我感覺還好,9MN5-Nu1L_8,1797184,最近15年流行曲,年代未核實,粵語,,unknown
era-unverified,POP-2613,年代未核實,深夜浪漫,EMPUP9Ph8q0,1784300,最近15年流行曲,年代未核實,粵語,,unknown
era-unverified,POP-2614,年代未核實,複製人,BaowTGQhnZg,1781993,最近15年流行曲,年代未核實,國語,,unknown
era-unverified,POP-2615,年代未核實,傷風,DDiVLYGwemU,1781823,最近15年流行曲,年代未核實,國語,,unknown
era-unverified,POP-2616,年代未核實,透光者,JIQj4w3XzKM,1772928,最近15年流行曲,年代未核實,粵語,,unknown
era-unverified,POP-2617,年代未核實,剪爱,Pp0rFBUJ9Yw,1772597,最近15年流行曲,年代未核實,國語,,unknown
era-unverified,POP-2618,年代未核實,大人,Lh_pbcAxhhU,1772101,最近15年流行曲,年代未核實,國語,,unknown
era-unverified,POP-2619,年代未核實,回甘,wMkQ0tqdVqA,1755675,最近15年流行曲,年代未核實,粵語,,unknown
era-unverified,POP-2620,年代未核實,綻放,ywAEgYPAI1U,1753912,最近15年流行曲,年代未核實,國語,,unknown
era-unverified,POP-2621,年代未核實,海洋之心,ftuT8XmHj78,1740802,最近15年流行曲,年代未核實,國語,,unknown
era-unverified,POP-2622,年代未核實,時差,WFPTlDdNJhQ,1732448,最近15年流行曲,年代未核實,粵語,,unknown
era-unverified,POP-2623,年代未核實,逆流之歌,l437aFu-29g,1710902,最近15年流行曲,年代未核實,粵語,,unknown
era-unverified,POP-2624,年代未核實,懦弱,b7JzTgqyavk,1703350,最近15年流行曲,年代未核實,國語,,unknown
era-unverified,POP-2625,年代未核實,当你,DXSqDXeGgm4,1700012,最近15年流行曲,年代未核實,國語,,unknown
era-unverified,POP-2626,年代未核實,近在千里,gW3rxDyIhQk,1698925,最近15年流行曲,年代未核實,粵語,,unknown
era-unverified,POP-2627,年代未核實,沒有如果,O4qcGzWfDsE,1689577,最近15年流行曲,年代未核實,國語,,unknown
era-unverified,POP-2628,年代未核實,紳士,Ln_94OO-yDc,1681834,最近15年流行曲,年代未核實,國語,,unknown
era-unverified,POP-2629,年代未核實,無雙,Zmr5gWFD5Rk,1681400,最近15年流行曲,年代未核實,粵語,,unknown
era-unverified,POP-2630,年代未核實,在旅行的路上,_4q_U7cyEW4,1678531,最近15年流行曲,年代未核實,國語,,unknown
era-unverified,POP-2631,年代未核實,蜂鳥,MmokuFu_kOw,1673595,最近15年流行曲,年代未核實,國語,,unknown
era-unverified,POP-2632,年代未核實,眉飛色舞,ZZXCjYUCqYc,1672719,最近15年流行曲,年代未核實,國語,,unknown
era-unverified,POP-2633,年代未核實,天天都是愚人節,iZXvNWFbDP4,1669055,最近15年流行曲,年代未核實,粵語,,unknown
era-unverified,POP-2634,年代未核實,江南,RH0AnvUuK9M,1667103,最近15年流行曲,年代未核實,國語,,unknown
era-unverified,POP-2635,年代未核實,玩美,mj1KoNVyZnk,1663506,最近15年流行曲,年代未核實,國語,,unknown
verified-era,POP-2636,最近15年流行曲,后来的我们,vHj__hUTa2c,1660463,最近15年流行曲,最近15年流行曲,國語,2016,manual-title
era-unverified,POP-2637,年代未核實,麦恩莉,ttwCHS_vhUY,1647548,最近15年流行曲,年代未核實,國語,,unknown
era-unverified,POP-2638,年代未核實,目擊者,xOz8CpUkasA,1646407,最近15年流行曲,年代未核實,粵語,,unknown
era-unverified,POP-2639,年代未核實,了了,RlDeBJhfUYs,1643230,最近15年流行曲,年代未核實,粵語,,unknown
era-unverified,POP-2640,年代未核實,告別我,EJVzXj51-Ek,1633654,最近15年流行曲,年代未核實,粵語,,unknown
era-unverified,POP-2641,年代未核實,你都不知道 自己有多好,7jXqxjPfRjw,1633422,最近15年流行曲,年代未核實,粵語,,unknown
era-unverified,POP-2642,年代未核實,親愛的仇人,FjdM90FXOm8,1630143,最近15年流行曲,年代未核實,粵語,,unknown
era-unverified,POP-2643,年代未核實,理想人生,ZtJhdFVZYI4,1619136,最近15年流行曲,年代未核實,國語,,unknown
era-unverified,POP-2644,年代未核實,可惜我們沒有,R0nfMFsAVKs,1618051,最近15年流行曲,年代未核實,粵語,,unknown
era-unverified,POP-2645,年代未核實,我的天,y7o7mkluepE,1609756,最近15年流行曲,年代未核實,粵語,,unknown
era-unverified,POP-2646,年代未核實,幻愛,qBX8mu_IMbo,1598310,最近15年流行曲,年代未核實,粵語,,unknown
era-unverified,POP-2647,年代未核實,你和我,VqZP2y2fm-8,1598089,最近15年流行曲,年代未核實,國語,,unknown
era-unverified,POP-2648,年代未核實,拜託,IvrLJDlzTus,1596987,最近15年流行曲,年代未核實,粵語,,unknown
era-unverified,POP-2649,年代未核實,有天,fN3Lefiw5_M,1589838,最近15年流行曲,年代未核實,粵語,,unknown
era-unverified,POP-2650,年代未核實,你的眼睛,vh8fkjAoT3E,1588345,最近15年流行曲,年代未核實,國語,,unknown
era-unverified,POP-2651,年代未核實,左上角的心跳,ukpvE6fruIg,1579289,最近15年流行曲,年代未核實,國語,,unknown
era-unverified,POP-2652,年代未核實,調色盤,LZh9ymHIYnI,1573094,最近15年流行曲,年代未核實,國語,,unknown
era-unverified,POP-2653,年代未核實,借過,8Vk9MZNJE6E,1570571,最近15年流行曲,年代未核實,粵語,,unknown
era-unverified,POP-2654,年代未核實,終點的擁抱,JHlp475dcf0,1569590,最近15年流行曲,年代未核實,粵語,,unknown
era-unverified,POP-2655,年代未核實,原色,1kwHaVvFAaU,1565686,最近15年流行曲,年代未核實,國語,,unknown
era-unverified,POP-2656,年代未核實,不怕慶祝,fpgn53HSUr0,1561666,最近15年流行曲,年代未核實,國語,,unknown
era-unverified,POP-2657,年代未核實,遺失的心跳,ecjV2Xqc_dI,1558789,最近15年流行曲,年代未核實,國語,,unknown
era-unverified,POP-2658,年代未核實,你還怕大雨嗎,IVwykqe1mC0,1556884,最近15年流行曲,年代未核實,粵語,,unknown
era-unverified,POP-2659,年代未核實,再見勾勾,58EaveQ5Xig,1551920,最近15年流行曲,年代未核實,國語,,unknown
era-unverified,POP-2660,年代未核實,他和她的故事,mP_gK0uxfu4,1551311,最近15年流行曲,年代未核實,國語,,unknown
era-unverified,POP-2661,年代未核實,手印,HoPo8_XIaC0,1544194,最近15年流行曲,年代未核實,粵語,,unknown
era-unverified,POP-2662,年代未核實,萬一你是個好人,3BgQTkguk0w,1543149,最近15年流行曲,年代未核實,粵語,,unknown
era-unverified,POP-2663,年代未核實,純粹想哭,3GWhxdZnXEU,1540274,最近15年流行曲,年代未核實,粵語,,unknown
era-unverified,POP-2664,年代未核實,一世同學,OVGpdVrP5oc,1537202,最近15年流行曲,年代未核實,粵語,,unknown
era-unverified,POP-2665,年代未核實,遺憾拼圖,wSBXfzgqHtE,276476046,最近15年流行曲,年代未核實,國語,,unknown
era-unverified,POP-2666,年代未核實,聽見下雨的聲音,zqKoXPHhmsM,104709173,最近15年流行曲,年代未核實,國語,,unknown
era-unverified,POP-2667,年代未核實,可惜沒如果,TRt4Y6c0ql0,46391757,最近15年流行曲,年代未核實,國語,,unknown
era-unverified,POP-2668,年代未核實,岩石裡的花,I1Kx8Ii4eYk,41416696,最近15年流行曲,年代未核實,國語,,unknown
era-unverified,POP-2669,年代未核實,我的少女时代,Kg-mW8SyNVg,39275901,最近15年流行曲,年代未核實,國語,,unknown
era-unverified,POP-2670,年代未核實,在這座城市遺失了你,PlCbgZxonJs,36981967,最近15年流行曲,年代未核實,國語,,unknown
era-unverified,POP-2671,年代未核實,大笨鐘,-u4sPnpaFEA,34244075,最近15年流行曲,年代未核實,國語,,unknown
era-unverified,POP-2672,年代未核實,沒那麼簡單,rmPHuvQoh0g,33678244,最近15年流行曲,年代未核實,國語,,unknown
era-unverified,POP-2673,年代未核實,蒲公英的約定,VitJnr3IySc,33311857,最近15年流行曲,年代未核實,國語,,unknown
era-unverified,POP-2674,年代未核實,親愛的,sHNy8muYwdU,30750454,最近15年流行曲,年代未核實,國語,,unknown
era-unverified,POP-2675,年代未核實,倔強,R2s-H_crYkc,25858585,最近15年流行曲,年代未核實,國語,,unknown
era-unverified,POP-2676,年代未核實,緣分一道橋,EQ5Ib7jNnnE,25810543,最近15年流行曲,年代未核實,國語,,unknown
era-unverified,POP-2677,年代未核實,龍捲風,RPWDeLqsN0g,25300243,最近15年流行曲,年代未核實,國語,,unknown
era-unverified,POP-2678,年代未核實,公公偏頭痛,FbqBv7Tz1QY,24908451,最近15年流行曲,年代未核實,國語,,unknown
era-unverified,POP-2679,年代未核實,蘭亭序,s5Xl5MXboas,24860057,最近15年流行曲,年代未核實,國語,,unknown
era-unverified,POP-2680,年代未核實,盲點,rzzul2fmufI,23654135,最近15年流行曲,年代未核實,國語,,unknown
era-unverified,POP-2681,年代未核實,陳芯怡,eohv9VjMfGw,23496052,最近15年流行曲,年代未核實,粵語,,unknown
era-unverified,POP-2682,年代未核實,黑色毛衣,bX33UI9ZPLk,21685396,最近15年流行曲,年代未核實,國語,,unknown
era-unverified,POP-2683,年代未核實,以父之名,9q7JOQfcJQM,20906270,最近15年流行曲,年代未核實,國語,,unknown
era-unverified,POP-2684,年代未核實,回到過去,MKNrnSsIwf8,20300402,最近15年流行曲,年代未核實,國語,,unknown
era-unverified,POP-2685,年代未核實,別說沒愛過,Eip1p8H0YII,19736761,最近15年流行曲,年代未核實,國語,,unknown
era-unverified,POP-2686,年代未核實,白敬亭,Aa_5gqwz9D4,19365616,最近15年流行曲,年代未核實,國語,,unknown
era-unverified,POP-2687,年代未核實,東風破,qct0JLjaHDc,19338247,最近15年流行曲,年代未核實,國語,,unknown
era-unverified,POP-2688,年代未核實,止戰之殤,qIZ5MAwbeCg,18777367,最近15年流行曲,年代未核實,國語,,unknown
era-unverified,POP-2689,年代未核實,將故事寫成我們,AKjgg3I6HEQ,18396548,最近15年流行曲,年代未核實,國語,,unknown
era-unverified,POP-2690,年代未核實,於是,0tGgnh6F1YI,18357947,最近15年流行曲,年代未核實,國語,,unknown
era-unverified,POP-2691,年代未核實,腦公,UYWUAQhhR_g,17575666,最近15年流行曲,年代未核實,國語,,unknown
era-unverified,POP-2692,年代未核實,陽光宅男,qQ7g1tfEGFc,17379305,最近15年流行曲,年代未核實,國語,,unknown
era-unverified,POP-2693,年代未核實,花海,q1ww6bDjfiI,16513858,最近15年流行曲,年代未核實,國語,,unknown
era-unverified,POP-2694,年代未核實,簡單愛,Y4xCVlyCvX4,15806127,最近15年流行曲,年代未核實,國語,,unknown
era-unverified,POP-2695,年代未核實,熱帶雨林,M5Y9dandexU,15379487,最近15年流行曲,年代未核實,國語,,unknown
era-unverified,POP-2696,年代未核實,園遊會,IoCoIxkGkVw,14603236,最近15年流行曲,年代未核實,國語,,unknown
era-unverified,POP-2697,年代未核實,寧夏,MmtVl9CssYE,14057301,最近15年流行曲,年代未核實,國語,,unknown
era-unverified,POP-2698,年代未核實,愛情怎麼了嗎,rD-T5pzH9b0,12328167,最近15年流行曲,年代未核實,國語,,unknown
era-unverified,POP-2699,年代未核實,接受,rnj6bm1mrGM,11853437,最近15年流行曲,年代未核實,國語,,unknown
era-unverified,POP-2700,年代未核實,原來只因深愛著,F-7k3q_v7sA,10885853,最近15年流行曲,年代未核實,粵語,,unknown
era-unverified,POP-2701,年代未核實,我反芻著你留下的寂寞,JVRsAqm7EiM,10642522,最近15年流行曲,年代未核實,國語,,unknown
era-unverified,POP-2702,年代未核實,擁抱,lvDa3r1pNuE,10566486,最近15年流行曲,年代未核實,國語,,unknown
era-unverified,POP-2703,年代未核實,中國話,tCKGoND0pS0,10507449,最近15年流行曲,年代未核實,國語,,unknown
era-unverified,POP-2704,年代未核實,天灰,98MngruRenY,10388968,最近15年流行曲,年代未核實,國語,,unknown
era-unverified,POP-2705,年代未核實,你太猖狂,EMBg0leN5vs,9716972,最近15年流行曲,年代未核實,國語,,unknown
era-unverified,POP-2706,年代未核實,鬼屋,bgHKVJ9ZSus,9598526,最近15年流行曲,年代未核實,國語,,unknown
era-unverified,POP-2707,年代未核實,灰色,xtSdgGHqnls,9064682,最近15年流行曲,年代未核實,國語,,unknown
era-unverified,POP-2708,年代未核實,絲路,LwaZVMERWdQ,8628584,最近15年流行曲,年代未核實,國語,,unknown
era-unverified,POP-2709,年代未核實,你是唯一,X1w3JU5dIAg,8451234,最近15年流行曲,年代未核實,國語,,unknown
era-unverified,POP-2710,年代未核實,差一點我們會飛,Vsr5gpmmvhs,8180188,最近15年流行曲,年代未核實,粵語,,unknown
era-unverified,POP-2711,年代未核實,人生海海,yarOcdANK50,7880489,最近15年流行曲,年代未核實,國語,,unknown
era-unverified,POP-2712,年代未核實,殘酷月光,LgvBXXLC5AI,7336826,最近15年流行曲,年代未核實,國語,,unknown
era-unverified,POP-2713,年代未核實,檸檬草的味道,foxsrMe50mY,7332189,最近15年流行曲,年代未核實,國語,,unknown
era-unverified,POP-2714,年代未核實,乾啦 乾啦,e0k-EM6zJ10,7052135,最近15年流行曲,年代未核實,國語,,unknown
era-unverified,POP-2715,年代未核實,請你給我好一點的情敵,DP6AKQCnBTA,7035989,最近15年流行曲,年代未核實,國語,,unknown
era-unverified,POP-2716,年代未核實,我還繞著你在旋轉,zbSW7aIzXRM,6922735,最近15年流行曲,年代未核實,國語,,unknown
era-unverified,POP-2717,年代未核實,我就想你,oeYgf4ZkdR0,6364724,最近15年流行曲,年代未核實,國語,,unknown
era-unverified,POP-2718,年代未核實,溫蒂公主的侍衛,K5I53iq3KC8,6296664,最近15年流行曲,年代未核實,國語,,unknown
era-unverified,POP-2719,年代未核實,聽愛,5bkqzgFpKs4,6251624,最近15年流行曲,年代未核實,國語,,unknown
era-unverified,POP-2720,年代未核實,神秘嘉賓,KTISbg9QQhg,5844693,最近15年流行曲,年代未核實,國語,,unknown
era-unverified,POP-2721,年代未核實,與海無關,11W7TEGxECE,5796960,最近15年流行曲,年代未核實,國語,,unknown
era-unverified,POP-2722,年代未核實,台北某個地方,OZXy0t2i21A,5736112,最近15年流行曲,年代未核實,國語,,unknown
era-unverified,POP-2723,年代未核實,還是會寂寞,ZsiN2YVrdmA,5725987,最近15年流行曲,年代未核實,國語,,unknown
era-unverified,POP-2724,年代未核實,為你的寂寞唱歌,NbA-DYugdTI,5553846,最近15年流行曲,年代未核實,國語,,unknown
era-unverified,POP-2725,年代未核實,我沒資格,z9bqOGnria0,5528314,最近15年流行曲,年代未核實,國語,,unknown
era-unverified,POP-2726,年代未核實,沿海公路的出口,-Ve9jP2IS_c,5439799,最近15年流行曲,年代未核實,國語,,unknown
era-unverified,POP-2727,年代未核實,而我知道,Gv3HOUMEPiw,5264418,最近15年流行曲,年代未核實,國語,,unknown
era-unverified,POP-2728,年代未核實,不想長大,KV17QLB2BJs,5125470,最近15年流行曲,年代未核實,國語,,unknown
era-unverified,POP-2729,年代未核實,我們怎麼了,ceFNTueahgI,5102157,最近15年流行曲,年代未核實,國語,,unknown
era-unverified,POP-2730,年代未核實,太聰明,33rdx577PxY,5096829,最近15年流行曲,年代未核實,國語,,unknown
era-unverified,POP-2731,年代未核實,那你呢,rHeICF7nAZE,5067157,最近15年流行曲,年代未核實,國語,,unknown
era-unverified,POP-2732,年代未核實,矛盾,gJhvVMQYWUs,5048125,最近15年流行曲,年代未核實,國語,,unknown
era-unverified,POP-2733,年代未核實,一夜一夜一夜,do25hszrh9U,4913847,最近15年流行曲,年代未核實,國語,,unknown
era-unverified,POP-2734,年代未核實,薩哈星球,LPAgJCGtQGc,4894814,最近15年流行曲,年代未核實,國語,,unknown
era-unverified,POP-2735,年代未核實,你沒等我去的舊金山,WgOtTaAYtKU,4877339,最近15年流行曲,年代未核實,國語,,unknown
era-unverified,POP-2736,年代未核實,超人,ptmxLFZkoZ4,4871640,最近15年流行曲,年代未核實,國語,,unknown
era-unverified,POP-2737,年代未核實,再見陌生人,CF3zAF40zRY,4723054,最近15年流行曲,年代未核實,國語,,unknown
era-unverified,POP-2738,年代未核實,接住你,2gvv822Za80,4696196,最近15年流行曲,年代未核實,國語,,unknown
era-unverified,POP-2739,年代未核實,半糖主義,HIJL_vz_NfM,4606649,最近15年流行曲,年代未核實,國語,,unknown
era-unverified,POP-2740,年代未核實,幾乎是愛情,ZlpxcCiCCP4,4542654,最近15年流行曲,年代未核實,國語,,unknown
era-unverified,POP-2741,年代未核實,花都開好了,WFem-SqSTss,4533441,最近15年流行曲,年代未核實,國語,,unknown
era-unverified,POP-2742,年代未核實,各自安好,tIk01ITX0Ik,4518193,最近15年流行曲,年代未核實,國語,,unknown
era-unverified,POP-2743,年代未核實,或是一首歌,aOSYxTR6U3I,4451843,最近15年流行曲,年代未核實,國語,,unknown
era-unverified,POP-2744,年代未核實,我已經敢想你,sDhdlHrRLtk,4431234,最近15年流行曲,年代未核實,國語,,unknown
era-unverified,POP-2745,年代未核實,心裡學,WOWybmnASlg,4428703,最近15年流行曲,年代未核實,國語,,unknown
era-unverified,POP-2746,年代未核實,煙燻妝,8lg1ymm99CQ,12291337,最近15年流行曲,年代未核實,國語,,unknown
era-unverified,POP-2747,年代未核實,我對緣分小心翼翼,j8yO0LkqA7s,4377919,最近15年流行曲,年代未核實,國語,,unknown
era-unverified,POP-2748,年代未核實,戀人,5RlEWndW0bE,4374037,最近15年流行曲,年代未核實,國語,,unknown
era-unverified,POP-2749,年代未核實,很遠的遠方,yeqtm7O7Ukw,4241325,最近15年流行曲,年代未核實,國語,,unknown
era-unverified,POP-2750,年代未核實,兄弟,TcXFY-_rDzQ,4202865,最近15年流行曲,年代未核實,國語,,unknown
era-unverified,POP-2751,年代未核實,看透,FBnn-NzkoK0,4183612,最近15年流行曲,年代未核實,國語,,unknown
era-unverified,POP-2752,年代未核實,搞不懂,32JSBHaEsnc,4172398,最近15年流行曲,年代未核實,粵語,,unknown
era-unverified,POP-2753,年代未核實,他還是不懂,Uh9nPdIhPEY,4145486,最近15年流行曲,年代未核實,國語,,unknown
era-unverified,POP-2754,年代未核實,假裝,_34cgR4oUw4,4134692,最近15年流行曲,年代未核實,國語,,unknown
era-unverified,POP-2755,年代未核實,無事生非,J-sxhDVAUdE,4119121,最近15年流行曲,年代未核實,國語,,unknown
era-unverified,POP-2756,年代未核實,芬蘭距離,YTGfurwqHgY,4110381,最近15年流行曲,年代未核實,國語,,unknown
era-unverified,POP-2757,年代未核實,不甘心不放手,N-y8c994jsk,3995727,最近15年流行曲,年代未核實,國語,,unknown
era-unverified,POP-2758,年代未核實,倖存者,yKKwyLdhwbU,3995075,最近15年流行曲,年代未核實,國語,,unknown
era-unverified,POP-2759,年代未核實,時間的初衷,KdFN03BsqRw,3984812,最近15年流行曲,年代未核實,粵語,,unknown
era-unverified,POP-2760,年代未核實,無常,LNxM5f5LVuc,3982464,最近15年流行曲,年代未核實,國語,,unknown
era-unverified,POP-2761,年代未核實,你給我的,WdegM65ncUE,3978753,最近15年流行曲,年代未核實,國語,,unknown
era-unverified,POP-2762,年代未核實,記得回來,Y8bvPiFnfDw,3958976,最近15年流行曲,年代未核實,國語,,unknown
era-unverified,POP-2763,年代未核實,重頭開始,prjJTl7qwH8,3913596,最近15年流行曲,年代未核實,粵語,,unknown
era-unverified,POP-2764,年代未核實,愛上屬於你的天空,LeUMB8GXL7k,3841293,最近15年流行曲,年代未核實,國語,,unknown
era-unverified,POP-2765,年代未核實,不潮不用花钱,MOch5rngIj4,3815638,最近15年流行曲,年代未核實,國語,,unknown
era-unverified,POP-2766,年代未核實,星光,ETYg0wqbR_o,3808917,最近15年流行曲,年代未核實,國語,,unknown
era-unverified,POP-2767,年代未核實,又到天黑,ey7Jph8ndJU,3740508,最近15年流行曲,年代未核實,國語,,unknown
era-unverified,POP-2768,年代未核實,快魚仔,FG0JZp9LX9g,3727578,最近15年流行曲,年代未核實,國語,,unknown
era-unverified,POP-2769,年代未核實,帶你飛,BR09PGobYPk,3590451,最近15年流行曲,年代未核實,國語,,unknown
era-unverified,POP-2770,年代未核實,年青有為,8kGILQwo_aM,3560955,最近15年流行曲,年代未核實,粵語,,unknown
era-unverified,POP-2771,年代未核實,達拉崩吧,88qm21pXk1I,3551915,最近15年流行曲,年代未核實,國語,,unknown
era-unverified,POP-2772,年代未核實,大鱼,Zk6iZLKXFTI,18378439,最近15年流行曲,年代未核實,國語,,unknown
era-unverified,POP-2773,年代未核實,就說你想說的,YFoMjJe3vcU,3504714,最近15年流行曲,年代未核實,國語,,unknown
era-unverified,POP-2774,年代未核實,第二次分手,ZiusE0lYY_w,3446427,最近15年流行曲,年代未核實,國語,,unknown
era-unverified,POP-2775,年代未核實,你不是真正的快樂,JnMt5ehD394,3403784,最近15年流行曲,年代未核實,國語,,unknown
era-unverified,POP-2776,年代未核實,米蘭小鐵匠,KmaqqnLGUG0,3393989,最近15年流行曲,年代未核實,國語,,unknown
era-unverified,POP-2777,年代未核實,黑夜狂奔,CjHisbXBCC0,3322023,最近15年流行曲,年代未核實,國語,,unknown
era-unverified,POP-2778,年代未核實,有你的將來,IoiPW-AEjuk,3285364,最近15年流行曲,年代未核實,國語,,unknown
era-unverified,POP-2779,年代未核實,成名在望,E1xrBs_BZgs,3262701,最近15年流行曲,年代未核實,國語,,unknown
era-unverified,POP-2780,年代未核實,手中沙,NXDdg5xRwOA,3250373,最近15年流行曲,年代未核實,粵語,,unknown
era-unverified,POP-2781,年代未核實,以後,u7AyNy5QnaI,3248339,最近15年流行曲,年代未核實,國語,,unknown
verified-era,POP-2782,90年代流行曲,對不起我愛你,yacpwknPwRU,3238306,最近15年流行曲,90年代流行曲,國語,1991,title-match
era-unverified,POP-2783,年代未核實,穿花蝴蝶,KCF2-5EI70s,3230571,最近15年流行曲,年代未核實,粵語,,unknown
era-unverified,POP-2784,年代未核實,月桂女神,DkTmr1ZhnfQ,3170192,最近15年流行曲,年代未核實,國語,,unknown
era-unverified,POP-2785,年代未核實,一直都在,vMTEkec91ZI,3158754,最近15年流行曲,年代未核實,國語,,unknown
era-unverified,POP-2786,年代未核實,明仔載,Cf2pDbqUqoQ,3150714,最近15年流行曲,年代未核實,國語,,unknown
era-unverified,POP-2787,年代未核實,一定要相信自己,3xx4RlPfvUw,3078785,最近15年流行曲,年代未核實,國語,,unknown
era-unverified,POP-2788,年代未核實,男孩像你,zZZbvTXAPGY,3056298,最近15年流行曲,年代未核實,粵語,,unknown
era-unverified,POP-2789,年代未核實,出走,zfqiLSjxJ14,3049731,最近15年流行曲,年代未核實,國語,,unknown
era-unverified,POP-2790,年代未核實,我喜歡上你時的內心活動,7RKmNBmXz4o,3013263,最近15年流行曲,年代未核實,國語,,unknown
era-unverified,POP-2791,年代未核實,邊一個發明了,KpZL59NqkcY,2948965,最近15年流行曲,年代未核實,粵語,,unknown
era-unverified,POP-2792,年代未核實,告別之前,_hJm6s88rXc,2848050,最近15年流行曲,年代未核實,粵語,,unknown
era-unverified,POP-2793,年代未核實,最暖的憂傷,3aypp_YlBzI,2781024,最近15年流行曲,年代未核實,國語,,unknown
era-unverified,POP-2794,年代未核實,愛你不是兩三天,sPCKERuXiAo,2750864,最近15年流行曲,年代未核實,國語,,unknown
era-unverified,POP-2795,年代未核實,黑之呼吸,Ap7NoC_LTtc,2741753,最近15年流行曲,年代未核實,粵語,,unknown
era-unverified,POP-2796,年代未核實,沒有第三者的分手,cbQi3MU4CRI,2735525,最近15年流行曲,年代未核實,國語,,unknown
era-unverified,POP-2797,年代未核實,別說再見,L06eGYvdK6Q,2734723,最近15年流行曲,年代未核實,粵語,,unknown
era-unverified,POP-2798,年代未核實,我只怪我自己,PYwgrr5my04,2714351,最近15年流行曲,年代未核實,國語,,unknown
era-unverified,POP-2799,年代未核實,告訴我,mJsT0i95cAY,2660340,最近15年流行曲,年代未核實,國語,,unknown
era-unverified,POP-2800,年代未核實,終點起點,BxjZcGTUWJM,2638837,最近15年流行曲,年代未核實,國語,,unknown
era-unverified,POP-2801,年代未核實,少年他的奇幻漂流,u0bcXim2m4M,2633555,最近15年流行曲,年代未核實,國語,,unknown
era-unverified,POP-2802,年代未核實,先知,JzadD_leBSM,2629337,最近15年流行曲,年代未核實,國語,,unknown
era-unverified,POP-2803,年代未核實,我的癮,uwiwbVPp-c4,2617211,最近15年流行曲,年代未核實,國語,,unknown
era-unverified,POP-2804,年代未核實,情人甲,Mksguh7f5GY,2588904,最近15年流行曲,年代未核實,粵語,,unknown
era-unverified,POP-2805,年代未核實,現在不跳舞要幹嘛,6m4lOE3S3CU,2569658,最近15年流行曲,年代未核實,國語,,unknown
era-unverified,POP-2806,年代未核實,殘缺的彩虹,hzAeZa7dJj4,2530485,最近15年流行曲,年代未核實,國語,,unknown
era-unverified,POP-2807,年代未核實,老蕭演唱王妃氣勢驚人　小,sRCJ4T4EL9k,2510553,最近15年流行曲,年代未核實,國語,,unknown
era-unverified,POP-2808,年代未核實,心酸,5H9u0EJMPTc,2442680,最近15年流行曲,年代未核實,國語,,unknown
era-unverified,POP-2809,年代未核實,單戀曲,zx_kRhP54o8,2368539,最近15年流行曲,年代未核實,國語,,unknown
era-unverified,POP-2810,年代未核實,總有一工,GeLTLpaxGkA,2373171,最近15年流行曲,年代未核實,國語,,unknown
era-unverified,POP-2811,年代未核實,不该,9hyd05eqU_4,2355736,最近15年流行曲,年代未核實,國語,,unknown
era-unverified,POP-2812,年代未核實,感同身受,deHH5vM6Npg,2338656,最近15年流行曲,年代未核實,國語,,unknown
era-unverified,POP-2813,年代未核實,我夢見你夢見我,wfqdy0TV5WM,2334866,最近15年流行曲,年代未核實,國語,,unknown
era-unverified,POP-2814,年代未核實,我等你,bToTopHwr60,2331201,最近15年流行曲,年代未核實,國語,,unknown
era-unverified,POP-2815,年代未核實,小步舞曲,1iujiTGBeaw,2315270,最近15年流行曲,年代未核實,國語,,unknown
era-unverified,POP-2816,年代未核實,明日座標,Ra6tyMqBoss,2286131,最近15年流行曲,年代未核實,國語,,unknown
era-unverified,POP-2817,年代未核實,時間走了但你沒走,UFP_gKxwtwY,2271063,最近15年流行曲,年代未核實,國語,,unknown
era-unverified,POP-2818,年代未核實,永不結束的情人節,nzWXBy8VF78,2240336,最近15年流行曲,年代未核實,國語,,unknown
era-unverified,POP-2819,年代未核實,黑色柳丁,VC4KT__tx5g,2216756,最近15年流行曲,年代未核實,國語,,unknown
era-unverified,POP-2820,年代未核實,你壞壞 我愛愛,7LSpkUvosKI,2189564,最近15年流行曲,年代未核實,國語,,unknown
era-unverified,POP-2821,年代未核實,⼼死了幾百次,gvZa1j4pYio,2179570,最近15年流行曲,年代未核實,粵語,,unknown
era-unverified,POP-2822,年代未核實,我還能怎麼伴,ok50C5V738Y,2171620,最近15年流行曲,年代未核實,國語,,unknown
era-unverified,POP-2823,年代未核實,你點的歌救了我,lQaa2Ejz_9o,2150910,最近15年流行曲,年代未核實,國語,,unknown
era-unverified,POP-2824,年代未核實,第三者,Qf6ynSshb3E,2116928,最近15年流行曲,年代未核實,國語,,unknown
era-unverified,POP-2825,年代未核實,舞狀元,OPOEnRwudqA,2085608,最近15年流行曲,年代未核實,國語,,unknown
era-unverified,POP-2826,年代未核實,誰不想,B_J1SAwx7kw,2084499,最近15年流行曲,年代未核實,國語,,unknown
era-unverified,POP-2827,年代未核實,我知道你很难过,rBuInh1_n-w,2075999,最近15年流行曲,年代未核實,國語,,unknown
era-unverified,POP-2828,年代未核實,我愛你,bJ61ijAVT4w,2067853,最近15年流行曲,年代未核實,國語,,unknown
era-unverified,POP-2829,年代未核實,一手造成,y7XvrRhTKSQ,2016426,最近15年流行曲,年代未核實,粵語,,unknown
era-unverified,POP-2830,年代未核實,憂愁,Gnue6Ue2mK8,2006502,最近15年流行曲,年代未核實,國語,,unknown
era-unverified,POP-2831,年代未核實,善男信女,vnDlhgK8cAY,1973474,最近15年流行曲,年代未核實,國語,,unknown
era-unverified,POP-2832,年代未核實,天使在唱歌,UN4a1Y_pV58,1943555,最近15年流行曲,年代未核實,國語,,unknown
era-unverified,POP-2833,年代未核實,你以為,2xq0l0sTOCw,1922845,最近15年流行曲,年代未核實,國語,,unknown
era-unverified,POP-2834,年代未核實,如果我沒有傷口,K0W_dKx5ZTs,1919592,最近15年流行曲,年代未核實,國語,,unknown
era-unverified,POP-2835,年代未核實,蜚蜚,-Oq2h9eA0z4,1892386,最近15年流行曲,年代未核實,國語,,unknown
verified-era,POP-2836,最近15年流行曲,後來的我們,swPyPNQmhd4,1882278,最近15年流行曲,最近15年流行曲,國語,2016,manual-title
era-unverified,POP-2837,年代未核實,風和日麗,a70mYFeC8v8,1877746,最近15年流行曲,年代未核實,國語,,unknown
era-unverified,POP-2838,年代未核實,癒合,Y-O1P0ZdbNQ,1859113,最近15年流行曲,年代未核實,國語,,unknown
era-unverified,POP-2839,年代未核實,老友記,MEE9H32rCXM,1854330,最近15年流行曲,年代未核實,國語,,unknown
era-unverified,POP-2840,年代未核實,我都記得,ChR0i6nmUlM,1829370,最近15年流行曲,年代未核實,國語,,unknown
era-unverified,POP-2841,年代未核實,在未來的你跟我說聲嗨,V91B6aQOn4k,1784503,最近15年流行曲,年代未核實,國語,,unknown
era-unverified,POP-2842,年代未核實,最愛的痛,7c_KiA_5xU4,1775593,最近15年流行曲,年代未核實,國語,,unknown
era-unverified,POP-2843,年代未核實,我恨我愛你,IQROCKF_7bU,1767818,最近15年流行曲,年代未核實,國語,,unknown
era-unverified,POP-2844,年代未核實,青花,rgq5ui9905Q,1727020,最近15年流行曲,年代未核實,國語,,unknown
era-unverified,POP-2845,年代未核實,乘著無人光影的遠行,iHm7YCMbw0w,1696239,最近15年流行曲,年代未核實,國語,,unknown
era-unverified,POP-2846,年代未核實,無拘,NeRSqC1xuDI,1694104,最近15年流行曲,年代未核實,國語,,unknown
era-unverified,POP-2847,年代未核實,情感的廢墟,597-2K2lhUU,1681814,最近15年流行曲,年代未核實,國語,,unknown
era-unverified,POP-2848,年代未核實,有淚多好,_I7es3yJPls,1676730,最近15年流行曲,年代未核實,粵語,,unknown
era-unverified,POP-2849,年代未核實,我還記得,yQYTjE-lGL8,1669342,最近15年流行曲,年代未核實,國語,,unknown
era-unverified,POP-2850,年代未核實,最想環遊的世界,XxTyoZerj3E,1669303,最近15年流行曲,年代未核實,國語,,unknown
era-unverified,POP-2851,年代未核實,有我,9zcJXh3VHwk,1660294,最近15年流行曲,年代未核實,粵語,,unknown
era-unverified,POP-2852,年代未核實,星心,sq06lHtoIfQ,1631318,最近15年流行曲,年代未核實,國語,,unknown
era-unverified,POP-2853,年代未核實,等,N0bhwHcWh2o,1584445,最近15年流行曲,年代未核實,國語,,unknown
era-unverified,POP-2854,年代未核實,愛的主場秀,QbOaheYJHeo,1582972,最近15年流行曲,年代未核實,國語,,unknown
era-unverified,POP-2855,年代未核實,夏天的海冬天的雪,IfzY9zZIi4I,1570119,最近15年流行曲,年代未核實,國語,,unknown
era-unverified,POP-2856,年代未核實,將錯就對,EgzZa48aZjw,1565494,最近15年流行曲,年代未核實,國語,,unknown
era-unverified,POP-2857,年代未核實,當我想起你,1RQuVp6HKXo,1544911,最近15年流行曲,年代未核實,粵語,,unknown
era-unverified,POP-2858,年代未核實,小出走,nI2wN61aaQ4,1536900,最近15年流行曲,年代未核實,國語,,unknown
era-unverified,POP-2859,年代未核實,春日部,8VVqMoabc-0,1529431,最近15年流行曲,年代未核實,粵語,,unknown
era-unverified,POP-2860,年代未核實,新世界,LpFyeofOgI0,1526643,最近15年流行曲,年代未核實,國語,,unknown
era-unverified,POP-2861,年代未核實,玻璃,FB5-rPa5wBA,1522866,最近15年流行曲,年代未核實,粵語,,unknown
era-unverified,POP-2862,年代未核實,幸福的末班車,wb-1urQRAu0,1519960,最近15年流行曲,年代未核實,國語,,unknown
era-unverified,POP-2863,年代未核實,天天想你,yhqJFYO5rEY,1517416,最近15年流行曲,年代未核實,國語,,unknown
era-unverified,POP-2864,年代未核實,錯配,TGd5V2TcqL4,1512343,最近15年流行曲,年代未核實,粵語,,unknown
era-unverified,POP-2865,年代未核實,膽小鬼,wszDYY2s5RE,1500257,最近15年流行曲,年代未核實,國語,,unknown
era-unverified,POP-2866,年代未核實,我不想別離,Q89oykKhQkk,1496616,最近15年流行曲,年代未核實,粵語,,unknown
era-unverified,POP-2867,年代未核實,餘額,puA3yVzyOm0,1493027,最近15年流行曲,年代未核實,國語,,unknown
era-unverified,POP-2868,年代未核實,遇上愛,zfMKCK6JusE,1490004,最近15年流行曲,年代未核實,國語,,unknown
era-unverified,POP-2869,年代未核實,地下社會,6LabvzaXFzc,1486763,最近15年流行曲,年代未核實,國語,,unknown
era-unverified,POP-2870,年代未核實,今天的我,A0AW9NixPAo,1484940,最近15年流行曲,年代未核實,國語,,unknown
era-unverified,POP-2871,年代未核實,一路走下去,ztFNbpasg-c,1480182,最近15年流行曲,年代未核實,國語,,unknown
era-unverified,POP-2872,年代未核實,六天,wWxICkvRuaw,1476348,最近15年流行曲,年代未核實,粵語,,unknown
era-unverified,POP-2873,年代未核實,娛樂人生,faaExBhoIKM,1475674,最近15年流行曲,年代未核實,粵語,,unknown
era-unverified,POP-2874,年代未核實,水仙花之死,R7iTUuvxIDU,1470656,最近15年流行曲,年代未核實,國語,,unknown
era-unverified,POP-2875,年代未核實,圓謊,KnCYV_OHzXE,1469340,最近15年流行曲,年代未核實,粵語,,unknown
era-unverified,POP-2876,年代未核實,左手拖右手,xOOsXgIDrgo,1464767,最近15年流行曲,年代未核實,粵語,,unknown
era-unverified,POP-2877,年代未核實,在凌晨睡著的自己,XNy1JsQdadk,1463499,最近15年流行曲,年代未核實,國語,,unknown
era-unverified,POP-2878,年代未核實,裝睡的情人,uT5dFy8qs8s,1456371,最近15年流行曲,年代未核實,粵語,,unknown
era-unverified,POP-2879,年代未核實,愛情訊息,t7Q-MkGfdHg,1449164,最近15年流行曲,年代未核實,國語,,unknown
era-unverified,POP-2880,年代未核實,若你碰到他,cE48Lxc3iyc,1445821,最近15年流行曲,年代未核實,國語,,unknown
era-unverified,POP-2881,年代未核實,本命,VDCqR1q06Cg,1440745,最近15年流行曲,年代未核實,粵語,,unknown
era-unverified,POP-2882,年代未核實,跳樓機,ajvfa7rYI28,1439850,最近15年流行曲,年代未核實,粵語,,unknown
era-unverified,POP-2883,年代未核實,天窗,tjF5gwBJcMY,1429122,最近15年流行曲,年代未核實,粵語,,unknown
era-unverified,POP-2884,年代未核實,沒有錯,BjT39_uBz_s,1428760,最近15年流行曲,年代未核實,國語,,unknown
era-unverified,POP-2885,年代未核實,灰色的彩虹,i66vTkylqCg,1420164,最近15年流行曲,年代未核實,國語,,unknown
era-unverified,POP-2886,年代未核實,沒有我的那個宇宙,pLDae4TmULQ,1419773,最近15年流行曲,年代未核實,國語,,unknown
era-unverified,POP-2887,年代未核實,鍾無艷,8IcZERfrl-4,1417263,最近15年流行曲,年代未核實,粵語,,unknown
era-unverified,POP-2888,年代未核實,泥菩薩,GLHUzvH0k0s,1417271,最近15年流行曲,年代未核實,粵語,,unknown
era-unverified,POP-2889,年代未核實,為妳寫的歌,-IAhp5VrSmI,1411228,最近15年流行曲,年代未核實,粵語,,unknown
era-unverified,POP-2890,年代未核實,和每天講再見,sjtfPSCDgoU,1409708,最近15年流行曲,年代未核實,粵語,,unknown
era-unverified,POP-2891,年代未核實,100種生活,nPcByqGfxQo,1407412,最近15年流行曲,年代未核實,國語,,unknown
era-unverified,POP-2892,年代未核實,至少他不似你,ZRtCutwwCNA,1401739,最近15年流行曲,年代未核實,國語,,unknown
era-unverified,POP-2893,年代未核實,最後最後,VpiPsxjGnRM,1401638,最近15年流行曲,年代未核實,粵語,,unknown
era-unverified,POP-2894,年代未核實,火星的班機,OhTXlv7m3xs,1401033,最近15年流行曲,年代未核實,國語,,unknown
era-unverified,POP-2895,年代未核實,一個人跳舞,m2uZSf3Fmiw,1399813,最近15年流行曲,年代未核實,國語,,unknown
era-unverified,POP-2896,年代未核實,初心小島,07yhL9P4ND0,1397660,最近15年流行曲,年代未核實,國語,,unknown
era-unverified,POP-2897,年代未核實,躺在你的衣櫃,BPNXyVzJjtw,1396729,最近15年流行曲,年代未核實,國語,,unknown
era-unverified,POP-2898,年代未核實,彩虹,DmyWUnL-WWU,1394283,最近15年流行曲,年代未核實,國語,,unknown
era-unverified,POP-2899,年代未核實,後青春期的詩,pF8xLl305q4,1391725,最近15年流行曲,年代未核實,國語,,unknown
era-unverified,POP-2900,年代未核實,破鏡,mnuPXuNdJyQ,1390788,最近15年流行曲,年代未核實,粵語,,unknown
era-unverified,POP-2901,年代未核實,無以名狀的痛,Pd_aqueLR7Y,1390639,最近15年流行曲,年代未核實,粵語,,unknown
era-unverified,POP-2902,年代未核實,白夜行,jVCRH95h8G4,1390035,最近15年流行曲,年代未核實,粵語,,unknown
era-unverified,POP-2903,年代未核實,樹木真美,IWmKSe-PKHc,1384730,最近15年流行曲,年代未核實,粵語,,unknown
era-unverified,POP-2904,年代未核實,我的愛,qyMm2-XsCB4,1383101,最近15年流行曲,年代未核實,國語,,unknown
era-unverified,POP-2905,年代未核實,遇見新的我,nLAphQeswCY,1379208,最近15年流行曲,年代未核實,國語,,unknown
era-unverified,POP-2906,年代未核實,那陣時不知道,5xi49OreS3k,1370456,最近15年流行曲,年代未核實,粵語,,unknown
era-unverified,POP-2907,年代未核實,侵略性的浪漫,W9ZSuvk3C_8,1363444,最近15年流行曲,年代未核實,國語,,unknown
era-unverified,POP-2908,年代未核實,怕安靜,Nci4JtZvukw,1362125,最近15年流行曲,年代未核實,國語,,unknown
era-unverified,POP-2909,年代未核實,華生,qBRi-vC0HPg,1357979,最近15年流行曲,年代未核實,國語,,unknown
era-unverified,POP-2910,年代未核實,思凡,-oR-tBOLW2s,1351291,最近15年流行曲,年代未核實,國語,,unknown
era-unverified,POP-2911,年代未核實,飛魚,NTrml2KJ7jk,1350566,最近15年流行曲,年代未核實,國語,,unknown
era-unverified,POP-2912,年代未核實,剛剛好,rXRKupl-uLo,1350581,最近15年流行曲,年代未核實,國語,,unknown
era-unverified,POP-2913,年代未核實,夏之風物詩,eL5bXSfB-K0,1340165,最近15年流行曲,年代未核實,粵語,,unknown
era-unverified,POP-2914,年代未核實,半天空檔,C0rSKB7685o,1340142,最近15年流行曲,年代未核實,粵語,,unknown
era-unverified,POP-2915,年代未核實,無人問我,8nWIlcq6_H0,1340087,最近15年流行曲,年代未核實,粵語,,unknown
era-unverified,POP-2916,年代未核實,小小蟲,VIG9gy050Nc,1333279,最近15年流行曲,年代未核實,粵語,,unknown
era-unverified,POP-2917,年代未核實,不为谁而作的歌,CK8xR68agG4,1332404,最近15年流行曲,年代未核實,國語,,unknown
era-unverified,POP-2918,年代未核實,半途,qg2krbOTCy8,1329830,最近15年流行曲,年代未核實,國語,,unknown
era-unverified,POP-2919,年代未核實,薔薇,naIMViEo4n0,1325135,最近15年流行曲,年代未核實,國語,,unknown
era-unverified,POP-2920,年代未核實,無條件為你,LErvlFt11Tg,1324699,最近15年流行曲,年代未核實,國語,,unknown
era-unverified,POP-2921,年代未核實,牆紙,1sdr9cynbPM,1323072,最近15年流行曲,年代未核實,粵語,,unknown
era-unverified,POP-2922,年代未核實,詩歌舞街,J2DxGXp8KYY,1322558,最近15年流行曲,年代未核實,粵語,,unknown
era-unverified,POP-2923,年代未核實,不想懂得,nFJCqhgfPME,1322454,最近15年流行曲,年代未核實,國語,,unknown
era-unverified,POP-2924,年代未核實,想得太遠,tvP8lRAfgbE,1319554,最近15年流行曲,年代未核實,粵語,,unknown
era-unverified,POP-2925,年代未核實,一支獨秀,ycA_lU5E4wg,1313523,最近15年流行曲,年代未核實,國語,,unknown
era-unverified,POP-2926,年代未核實,蘇州河,U7WF8ouAiYw,1313015,最近15年流行曲,年代未核實,粵語,,unknown
era-unverified,POP-2927,年代未核實,自以為,Q91aI_WC5x8,1312957,最近15年流行曲,年代未核實,國語,,unknown
era-unverified,POP-2928,年代未核實,吃定我,LeqKYYmymEA,1309347,最近15年流行曲,年代未核實,粵語,,unknown
era-unverified,POP-2929,年代未核實,山旮旯,5IywmMeF69w,1304394,最近15年流行曲,年代未核實,粵語,,unknown
era-unverified,POP-2930,年代未核實,飛瀑而下,zjcltw4Fi0w,1303750,最近15年流行曲,年代未核實,國語,,unknown
era-unverified,POP-2931,年代未核實,快樂的事記不起,QUk8xRDIJgY,1301335,最近15年流行曲,年代未核實,國語,,unknown
era-unverified,POP-2932,年代未核實,底里歇斯,LCCekH-czs4,1297637,最近15年流行曲,年代未核實,國語,,unknown
era-unverified,POP-2933,年代未核實,石垣好朋友,tqXD72qsi-M,1295219,最近15年流行曲,年代未核實,國語,,unknown
era-unverified,POP-2934,年代未核實,伸縮自如的愛,WAbRviznmgY,1291189,最近15年流行曲,年代未核實,粵語,,unknown
era-unverified,POP-2935,年代未核實,什麼什麼,5l1n25SHYqI,1288006,最近15年流行曲,年代未核實,國語,,unknown
era-unverified,POP-2936,年代未核實,集合吧！地球保衛隊,8uCbyzHFXsc,1284732,最近15年流行曲,年代未核實,粵語,,unknown
era-unverified,POP-2937,年代未核實,雨過天陰,WFvYqYd6el8,1280256,最近15年流行曲,年代未核實,粵語,,unknown
era-unverified,POP-2938,年代未核實,樹會流眼淚,SWpG0OXLfMk,1274692,最近15年流行曲,年代未核實,粵語,,unknown
era-unverified,POP-2939,年代未核實,失憶鎮,8QdllosLKN4,1267530,最近15年流行曲,年代未核實,國語,,unknown
era-unverified,POP-2940,年代未核實,從零開始的新世界,b9lRnd6DU1s,1255630,最近15年流行曲,年代未核實,粵語,,unknown
era-unverified,POP-2941,年代未核實,她整晚在寫信,ost5W5sJfn4,1251844,最近15年流行曲,年代未核實,粵語,,unknown
era-unverified,POP-2942,年代未核實,苦瓜,cQ_86CAgb6s,1249063,最近15年流行曲,年代未核實,國語,,unknown
era-unverified,POP-2943,年代未核實,宮若梅,x6HQ6mcRTB8,1246639,最近15年流行曲,年代未核實,粵語,,unknown
era-unverified,POP-2944,年代未核實,空姐,1mUvImhx8_Q,1245237,最近15年流行曲,年代未核實,粵語,,unknown
era-unverified,POP-2945,年代未核實,幸福了 然後呢,HICpVzFw8YA,1243716,最近15年流行曲,年代未核實,國語,,unknown
era-unverified,POP-2946,年代未核實,終生女友,mNEH_HtNrQs,1243425,最近15年流行曲,年代未核實,粵語,,unknown
era-unverified,POP-2947,年代未核實,我們的探險計劃,QMd7lp5n5qU,1242529,最近15年流行曲,年代未核實,國語,,unknown
era-unverified,POP-2948,年代未核實,回音收集員,li05s2C5410,1228081,最近15年流行曲,年代未核實,國語,,unknown
era-unverified,POP-2949,年代未核實,決戰二世祖,Qo3JerpR0cI,1227965,最近15年流行曲,年代未核實,粵語,,unknown
era-unverified,POP-2950,年代未核實,橙海,8Jy0R5gjrVQ,1225718,最近15年流行曲,年代未核實,粵語,,unknown
era-unverified,POP-2951,年代未核實,有色眼鏡,hz5hJjbXUXU,1223489,最近15年流行曲,年代未核實,粵語,,unknown
era-unverified,POP-2952,年代未核實,陽光空氣,gY2an4vsWX0,1216199,最近15年流行曲,年代未核實,粵語,,unknown
era-unverified,POP-2953,年代未核實,明天的微笑,099zk5P9CW8,1216116,最近15年流行曲,年代未核實,國語,,unknown
era-unverified,POP-2954,年代未核實,分開的常理,RX38MmhushM,1213772,最近15年流行曲,年代未核實,國語,,unknown
era-unverified,POP-2955,年代未核實,我的錯,-oGf-8ndto4,1210719,最近15年流行曲,年代未核實,國語,,unknown
era-unverified,POP-2956,年代未核實,祝你生日快樂,5NZhqNDSSGI,1205867,最近15年流行曲,年代未核實,國語,,unknown
era-unverified,POP-2957,年代未核實,雛形,EG9RR22TUXI,1201316,最近15年流行曲,年代未核實,國語,,unknown
era-unverified,POP-2958,年代未核實,曖昧林檎,gTOwfzItpSY,1198457,最近15年流行曲,年代未核實,國語,,unknown
era-unverified,POP-2959,年代未核實,一刻戀上,T-jfK304W7o,1181770,最近15年流行曲,年代未核實,粵語,,unknown
era-unverified,POP-2960,年代未核實,哭泣健康指南,L2I7TZCzBow,1178551,最近15年流行曲,年代未核實,粵語,,unknown
era-unverified,POP-2961,年代未核實,拍檔,8kPPL-h-GuQ,1176372,最近15年流行曲,年代未核實,國語,,unknown
era-unverified,POP-2962,年代未核實,不完整的旋律,f8aDjhn6jeA,1167590,最近15年流行曲,年代未核實,國語,,unknown
era-unverified,POP-2963,年代未核實,大志若魚,pVnxe5QIADE,1164856,最近15年流行曲,年代未核實,國語,,unknown
era-unverified,POP-2964,年代未核實,漂鳥,vCgX5pipDDQ,1160508,最近15年流行曲,年代未核實,國語,,unknown
era-unverified,POP-2965,年代未核實,我不要被你記住,wtpxykUQ8_M,1160362,最近15年流行曲,年代未核實,粵語,,unknown
era-unverified,POP-2966,年代未核實,宇宙小姐,rFZ6ydvwT20,1154346,最近15年流行曲,年代未核實,國語,,unknown
era-unverified,POP-2967,年代未核實,煉獄健身室,pFRMZid8Olw,1153636,最近15年流行曲,年代未核實,粵語,,unknown
era-unverified,POP-2968,年代未核實,合久必婚,HZ8DRiTDigA,1151288,最近15年流行曲,年代未核實,粵語,,unknown
era-unverified,POP-2969,年代未核實,飄浮女孩,5ssDwDVjIAU,1145573,最近15年流行曲,年代未核實,粵語,,unknown
era-unverified,POP-2970,年代未核實,最冷的一天,qHKLV-UuVvs,1143066,最近15年流行曲,年代未核實,粵語,,unknown
era-unverified,POP-2971,年代未核實,一二三,6q_YFqX6uEw,1142746,最近15年流行曲,年代未核實,國語,,unknown
era-unverified,POP-2972,年代未核實,我就奇怪,lUFPZiSfWng,1141516,最近15年流行曲,年代未核實,國語,,unknown
era-unverified,POP-2973,年代未核實,獨身的理由,AiFaO2QzxqQ,1140461,最近15年流行曲,年代未核實,粵語,,unknown
era-unverified,POP-2974,年代未核實,綠洲,bdNxw57bLZI,1137649,最近15年流行曲,年代未核實,國語,,unknown
era-unverified,POP-2975,年代未核實,最後一間唱片舖,gwOhmYGihUw,1137316,最近15年流行曲,年代未核實,粵語,,unknown
era-unverified,POP-2976,年代未核實,不安小姐,s1vpCMOLsTk,1128379,最近15年流行曲,年代未核實,國語,,unknown
era-unverified,POP-2977,年代未核實,醜八怪,mCdi-W2R_AY,1123912,最近15年流行曲,年代未核實,國語,,unknown
era-unverified,POP-2978,年代未核實,在地球爆炸之前,c6IKZrAIUtQ,1120418,最近15年流行曲,年代未核實,國語,,unknown
era-unverified,POP-2979,年代未核實,無名氏,ILn_bD6JR5g,1117971,最近15年流行曲,年代未核實,粵語,,unknown
era-unverified,POP-2980,年代未核實,花邊細胞,VolvXNFcWgM,1116941,最近15年流行曲,年代未核實,粵語,,unknown
era-unverified,POP-2981,年代未核實,最好,9sHEpge6xY4,1116681,最近15年流行曲,年代未核實,國語,,unknown
era-unverified,POP-2982,年代未核實,極限,1EMYVt0odI0,1115480,最近15年流行曲,年代未核實,國語,,unknown
era-unverified,POP-2983,年代未核實,花無雪,H8s8mKe7NQ4,1110821,最近15年流行曲,年代未核實,粵語,,unknown
era-unverified,POP-2984,年代未核實,閃閃惹人愛,Ipw0M1N_1iI,1108430,最近15年流行曲,年代未核實,國語,,unknown
era-unverified,POP-2985,年代未核實,頌讚詩,MYtwCgfimZI,1104215,最近15年流行曲,年代未核實,粵語,,unknown
era-unverified,POP-2986,年代未核實,金童子,hgGoXAwA6J4,1093935,最近15年流行曲,年代未核實,粵語,,unknown
era-unverified,POP-2987,年代未核實,坐上慢車吹自由的風,-BoQwvCb3Ek,1091706,最近15年流行曲,年代未核實,國語,,unknown
era-unverified,POP-2988,年代未核實,自我的介紹,TNEWbqv7qcY,1091066,最近15年流行曲,年代未核實,國語,,unknown
era-unverified,POP-2989,年代未核實,萬事大吉,83AG-PhUvjU,1090392,最近15年流行曲,年代未核實,國語,,unknown
era-unverified,POP-2990,年代未核實,白玫瑰,7fPO8QtK1dg,1086570,最近15年流行曲,年代未核實,國語,,unknown
era-unverified,POP-2991,年代未核實,回眸一笑,4CxBJ1fLBnE,1085299,最近15年流行曲,年代未核實,粵語,,unknown
era-unverified,POP-2992,年代未核實,總算我們也愛過,zZnentvZyXU,1083342,最近15年流行曲,年代未核實,國語,,unknown
era-unverified,POP-2993,年代未核實,目黑,6vMVnQJOsBs,1082954,最近15年流行曲,年代未核實,粵語,,unknown
era-unverified,POP-2994,年代未核實,月無聲,Q9uBysuBNc0,1082219,最近15年流行曲,年代未核實,粵語,,unknown
era-unverified,POP-2995,年代未核實,樹,Zk3sgptSjZ8,1078363,最近15年流行曲,年代未核實,粵語,,unknown
era-unverified,POP-2996,年代未核實,不曾寧靜的夜,doFqIhKQWss,1078104,最近15年流行曲,年代未核實,國語,,unknown
era-unverified,POP-2997,年代未核實,密切接觸者,UMSBP3mX8q0,1076482,最近15年流行曲,年代未核實,粵語,,unknown
era-unverified,POP-2998,年代未核實,可惜没如果,Gf_akcV3tRE,1075816,最近15年流行曲,年代未核實,國語,,unknown
era-unverified,POP-2999,年代未核實,心碎,b9uiaHdITe4,1075123,最近15年流行曲,年代未核實,國語,,unknown
era-unverified,POP-3000,年代未核實,手繪黑卡,dbO-5kOZEWY,1074037,最近15年流行曲,年代未核實,粵語,,unknown
era-unverified,POP-3001,年代未核實,地球來的人,kgW_XpA7JPg,1073780,最近15年流行曲,年代未核實,粵語,,unknown
era-unverified,POP-3002,年代未核實,無所事事,-XDMyD1l9_M,1073361,最近15年流行曲,年代未核實,國語,,unknown
era-unverified,POP-3003,年代未核實,我要的幸福,pOTYUXw97hc,1070486,最近15年流行曲,年代未核實,國語,,unknown
era-unverified,POP-3004,年代未核實,無名英雄,nnkrwMBK6lQ,1069150,最近15年流行曲,年代未核實,國語,,unknown
era-unverified,POP-3005,年代未核實,第二順位,b2Vz6etdOCI,1066961,最近15年流行曲,年代未核實,國語,,unknown
era-unverified,POP-3006,年代未核實,不要活成自己討厭的模樣,8ccfqN6oQYI,1066498,最近15年流行曲,年代未核實,粵語,,unknown
verified-era,POP-3007,90年代流行曲,沙灘,q5b2eJzA_8U,1066277,最近15年流行曲,90年代流行曲,國語,1997,video-id-match
era-unverified,POP-3008,年代未核實,此刻無價,TZMjO7AM5xo,1061980,最近15年流行曲,年代未核實,粵語,,unknown
era-unverified,POP-3009,年代未核實,敢,KUMnBDDlkQw,1061352,最近15年流行曲,年代未核實,粵語,,unknown
era-unverified,POP-3010,年代未核實,純真,W1bxheRcR70,1060443,最近15年流行曲,年代未核實,國語,,unknown
era-unverified,POP-3011,年代未核實,後人類的美麗與哀愁,G1OqlJ4JpS4,1057128,最近15年流行曲,年代未核實,粵語,,unknown
era-unverified,POP-3012,年代未核實,最後的風度,qh5mJxcYqPA,1056360,最近15年流行曲,年代未核實,國語,,unknown
era-unverified,POP-3013,年代未核實,身體語言,Yc0D5ozS6-E,1055702,最近15年流行曲,年代未核實,粵語,,unknown
era-unverified,POP-3014,年代未核實,動物世界,1tJtxo-34iA,1054176,最近15年流行曲,年代未核實,國語,,unknown
era-unverified,POP-3015,年代未核實,除下吊帶前,22DrwwFdrXE,1047953,最近15年流行曲,年代未核實,粵語,,unknown
era-unverified,POP-3016,年代未核實,揮揮手,KU4I9olNrc0,1047814,最近15年流行曲,年代未核實,粵語,,unknown
era-unverified,POP-3017,年代未核實,轉彎到,lcqs7nQ1B5E,1047749,最近15年流行曲,年代未核實,粵語,,unknown
era-unverified,POP-3018,年代未核實,給十年後的我,XO5LUg6qs1E,1044554,最近15年流行曲,年代未核實,粵語,,unknown
era-unverified,POP-3019,年代未核實,偶像已死,-24iWWT9hj4,1041312,最近15年流行曲,年代未核實,粵語,,unknown
era-unverified,POP-3020,年代未核實,南昌街王子,T5aPBsbz_Q0,1040212,最近15年流行曲,年代未核實,粵語,,unknown
era-unverified,POP-3021,年代未核實,潛水,fjK6LoEisok,1036775,最近15年流行曲,年代未核實,粵語,,unknown
era-unverified,POP-3022,年代未核實,反鎖,VtTX9u6xh08,1035871,最近15年流行曲,年代未核實,國語,,unknown
era-unverified,POP-3023,年代未核實,九龍公園游泳池,8kla1Swx5tU,1034343,最近15年流行曲,年代未核實,粵語,,unknown
era-unverified,POP-3024,年代未核實,四人遊,K5D3vYVMVZY,1033945,最近15年流行曲,年代未核實,粵語,,unknown
era-unverified,POP-3025,年代未核實,如果我是一首歌,OHrs75hV6MI,1028795,最近15年流行曲,年代未核實,粵語,,unknown
era-unverified,POP-3026,年代未核實,感動,MwUI8K21cnA,1027103,最近15年流行曲,年代未核實,粵語,,unknown
era-unverified,POP-3027,年代未核實,準明星,MmH137Vrsww,1026474,最近15年流行曲,年代未核實,國語,,unknown
era-unverified,POP-3028,年代未核實,網絡安全隱患,TyuMSmvNnhY,1025907,最近15年流行曲,年代未核實,粵語,,unknown
era-unverified,POP-3029,年代未核實,討厭紅樓夢,cOy2rdGe8LE,1025028,最近15年流行曲,年代未核實,國語,,unknown
era-unverified,POP-3030,年代未核實,迷幻,pR3bvNzeWJc,1024391,最近15年流行曲,年代未核實,國語,,unknown
era-unverified,POP-3031,年代未核實,給想要綻放的人,88k6VIytFdU,1022621,最近15年流行曲,年代未核實,國語,,unknown
era-unverified,POP-3032,年代未核實,草戒指,WV4-GeGQdHA,1020913,最近15年流行曲,年代未核實,粵語,,unknown
era-unverified,POP-3033,年代未核實,曖,t-LbD56AjCY,1018444,最近15年流行曲,年代未核實,國語,,unknown
era-unverified,POP-3034,年代未核實,約翰與洋子,3VNCuQodDLs,1018142,最近15年流行曲,年代未核實,粵語,,unknown
era-unverified,POP-3035,年代未核實,不愛無壞,39YDgWeP4II,1013006,最近15年流行曲,年代未核實,粵語,,unknown
era-unverified,POP-3036,年代未核實,二十年後的歌,UNMjFrGR7oo,1010284,最近15年流行曲,年代未核實,粵語,,unknown
era-unverified,POP-3037,年代未核實,全身暑假,gh562sHwaME,1008331,最近15年流行曲,年代未核實,粵語,,unknown
era-unverified,POP-3038,年代未核實,漂浮,hXcsVlr6o2M,1006193,最近15年流行曲,年代未核實,國語,,unknown
era-unverified,POP-3039,年代未核實,獨照,exHKkn3Xl0k,1005066,最近15年流行曲,年代未核實,粵語,,unknown
era-unverified,POP-3040,年代未核實,你留給我的遺憾無以名狀,6b1BogVMcRo,1001290,最近15年流行曲,年代未核實,國語,,unknown
era-unverified,POP-3041,年代未核實,無愧於當初的我,D4WlTJbcw38,994141,最近15年流行曲,年代未核實,粵語,,unknown
era-unverified,POP-3042,年代未核實,百萬大道,KnyV38Rie8s,986524,最近15年流行曲,年代未核實,粵語,,unknown
era-unverified,POP-3043,年代未核實,淚滴,N2t7H3qVwwg,981338,最近15年流行曲,年代未核實,國語,,unknown
era-unverified,POP-3044,年代未核實,天然的最好,dWxQ4TuLl78,980417,最近15年流行曲,年代未核實,國語,,unknown
era-unverified,POP-3045,年代未核實,大海少年,zK83NYinTiE,975038,最近15年流行曲,年代未核實,粵語,,unknown
era-unverified,POP-3046,年代未核實,沉船,vPHdb9ygCJc,971075,最近15年流行曲,年代未核實,國語,,unknown
era-unverified,POP-3047,年代未核實,安全感,OvdHQUPgF0c,966249,最近15年流行曲,年代未核實,國語,,unknown
era-unverified,POP-3048,年代未核實,還有沒有愛,F_ftEjOi7-o,965744,最近15年流行曲,年代未核實,國語,,unknown
era-unverified,POP-3049,年代未核實,霸道總裁,UFNikE8uz9o,963874,最近15年流行曲,年代未核實,粵語,,unknown
era-unverified,POP-3050,年代未核實,下流社會,WVIhF7eKX94,961601,最近15年流行曲,年代未核實,粵語,,unknown
era-unverified,POP-3051,年代未核實,宏願,i3PvrAQJvFg,960347,最近15年流行曲,年代未核實,粵語,,unknown
era-unverified,POP-3052,年代未核實,輕輕,KMAWs9GhZFA,958780,最近15年流行曲,年代未核實,國語,,unknown
era-unverified,POP-3053,年代未核實,似曾相識,h-akYlmcMmg,958737,最近15年流行曲,年代未核實,國語,,unknown
era-unverified,POP-3054,年代未核實,鐵樹,2QhULQhSqtg,957848,最近15年流行曲,年代未核實,粵語,,unknown
era-unverified,POP-3055,年代未核實,樂壇已死,WrcjKTXOpHE,956364,最近15年流行曲,年代未核實,國語,,unknown
era-unverified,POP-3056,年代未核實,下雨了,vSRGk_LnlpQ,946736,最近15年流行曲,年代未核實,國語,,unknown
era-unverified,POP-3057,年代未核實,早到的,OGu2mqOQ9_k,941042,最近15年流行曲,年代未核實,粵語,,unknown
era-unverified,POP-3058,年代未核實,身驕肉貴,iIuFJS2iUB4,940251,最近15年流行曲,年代未核實,粵語,,unknown
era-unverified,POP-3059,年代未核實,差半步,3-vQfVnvUF0,939244,最近15年流行曲,年代未核實,粵語,,unknown
era-unverified,POP-3060,年代未核實,表白,S9TCMHqQPF8,938315,最近15年流行曲,年代未核實,國語,,unknown
era-unverified,POP-3061,年代未核實,決定我愛你,yLb1gJy6Ku4,935914,最近15年流行曲,年代未核實,國語,,unknown
era-unverified,POP-3062,年代未核實,原點,rrmkDqO5-XI,935760,最近15年流行曲,年代未核實,國語,,unknown
era-unverified,POP-3063,年代未核實,心照一生,QGw8x4j_u5A,933888,最近15年流行曲,年代未核實,粵語,,unknown
era-unverified,POP-3064,年代未核實,我們一起離開吧,23EOOnhTdBQ,932629,最近15年流行曲,年代未核實,粵語,,unknown
era-unverified,POP-3065,年代未核實,不想有遺憾,RmxcfoFh6T0,930639,最近15年流行曲,年代未核實,國語,,unknown
era-unverified,POP-3066,年代未核實,真實,D4WGOXced0k,925807,最近15年流行曲,年代未核實,國語,,unknown
era-unverified,POP-3067,年代未核實,超級英雄的約定,4EgTtcE3Lmc,920349,最近15年流行曲,年代未核實,國語,,unknown
era-unverified,POP-3068,年代未核實,沒明⽇的恐懼,GmVtpXz1AL4,917958,最近15年流行曲,年代未核實,粵語,,unknown
era-unverified,POP-3069,年代未核實,愚人遊戲,SBsDkwbL-G4,4960834,最近15年流行曲,年代未核實,國語,,unknown
era-unverified,POP-3070,年代未核實,這就是愛嗎,9Cg8dK812og,916690,最近15年流行曲,年代未核實,粵語,,unknown
era-unverified,POP-3071,年代未核實,小林不動產,KNwmV-dUBXU,913742,最近15年流行曲,年代未核實,粵語,,unknown
era-unverified,POP-3072,年代未核實,流淚手心,A-dmX5lKcgc,912300,最近15年流行曲,年代未核實,國語,,unknown
era-unverified,POP-3073,年代未核實,一隻小豬,6gyZyIu0SUw,905000,最近15年流行曲,年代未核實,粵語,,unknown
era-unverified,POP-3074,年代未核實,磨牙,YeLPxQsIm7M,903199,最近15年流行曲,年代未核實,粵語,,unknown
era-unverified,POP-3075,年代未核實,落寞,6t5X1VeyqDg,899981,最近15年流行曲,年代未核實,國語,,unknown
era-unverified,POP-3076,年代未核實,無題時想起的人,2e8KF4fvzlM,899637,最近15年流行曲,年代未核實,粵語,,unknown
era-unverified,POP-3077,年代未核實,最寂寞的時候,vjybouULctM,891491,最近15年流行曲,年代未核實,國語,,unknown
era-unverified,POP-3078,年代未核實,明白,ZwAx-9Ej0Zw,890494,最近15年流行曲,年代未核實,國語,,unknown
era-unverified,POP-3079,年代未核實,愁人節,VBdQbYMcSPI,887868,最近15年流行曲,年代未核實,粵語,,unknown
era-unverified,POP-3080,年代未核實,第一個早晨,KYkOSnvYPK4,885846,最近15年流行曲,年代未核實,粵語,,unknown
era-unverified,POP-3081,年代未核實,稳稳的幸福,uKNAYfO8nck,885244,最近15年流行曲,年代未核實,國語,,unknown
era-unverified,POP-3082,年代未核實,最好的解藥,JSFkApgZVNU,883150,最近15年流行曲,年代未核實,粵語,,unknown
era-unverified,POP-3083,年代未核實,離不開,pNDI9oBG7po,881938,最近15年流行曲,年代未核實,粵語,,unknown
era-unverified,POP-3084,年代未核實,我很好那麼你呢?,pr3o2Hjhs3s,880357,最近15年流行曲,年代未核實,國語,,unknown
era-unverified,POP-3085,年代未核實,從愛發落,UouciXVQ5Ak,880325,最近15年流行曲,年代未核實,國語,,unknown
era-unverified,POP-3086,年代未核實,只要你不尷尬,C0tXBS8Rpyk,878270,最近15年流行曲,年代未核實,粵語,,unknown
era-unverified,POP-3087,年代未核實,在家裡,UD3K0ZTTbW4,876787,最近15年流行曲,年代未核實,國語,,unknown
era-unverified,POP-3088,年代未核實,不要怪我,02wG1vhhRn8,875821,最近15年流行曲,年代未核實,國語,,unknown
era-unverified,POP-3089,年代未核實,作為怪物,dM5zQPZV60M,875236,最近15年流行曲,年代未核實,國語,,unknown
era-unverified,POP-3090,年代未核實,然之後,2EdosoB8GeY,874660,最近15年流行曲,年代未核實,粵語,,unknown
era-unverified,POP-3091,年代未核實,聊表心意,mWrRsdnkKEc,874735,最近15年流行曲,年代未核實,國語,,unknown
era-unverified,POP-3092,年代未核實,你對我已經唔係好似以前咁,FcmEPto-vA8,873636,最近15年流行曲,年代未核實,粵語,,unknown
era-unverified,POP-3093,年代未核實,斷絕來往,pU9DwW4hbKo,870695,最近15年流行曲,年代未核實,粵語,,unknown
era-unverified,POP-3094,年代未核實,追風箏的孩子,cNkfFU0qCxk,870345,最近15年流行曲,年代未核實,粵語,,unknown
era-unverified,POP-3095,年代未核實,誰人在身邊,mlVpSkDUgnU,870083,最近15年流行曲,年代未核實,粵語,,unknown
era-unverified,POP-3096,年代未核實,北上,iTtthpfRlhc,869458,最近15年流行曲,年代未核實,國語,,unknown
era-unverified,POP-3097,年代未核實,寂寞的季節,9J_NxeC-NeE,868985,最近15年流行曲,年代未核實,國語,,unknown
era-unverified,POP-3098,年代未核實,簡單,xzi2OnlWqgY,867006,最近15年流行曲,年代未核實,國語,,unknown
era-unverified,POP-3099,年代未核實,小故事,x0XTUYOeJzY,864000,最近15年流行曲,年代未核實,粵語,,unknown
era-unverified,POP-3100,年代未核實,彈起來,uT_UNRBldYc,858412,最近15年流行曲,年代未核實,國語,,unknown
era-unverified,POP-3101,年代未核實,大火,YKzSFmpLvGk,855873,最近15年流行曲,年代未核實,國語,,unknown
era-unverified,POP-3102,年代未核實,類似愛情,nlejjTDgHBg,853095,最近15年流行曲,年代未核實,國語,,unknown
era-unverified,POP-3103,年代未核實,不要愛我,C2KeZhBXxlE,851777,最近15年流行曲,年代未核實,粵語,,unknown
era-unverified,POP-3104,年代未核實,好事派對,5HkZTZPbu24,851230,最近15年流行曲,年代未核實,國語,,unknown
era-unverified,POP-3105,年代未核實,認真的雪,yaW22kcP9VA,850369,最近15年流行曲,年代未核實,國語,,unknown
era-unverified,POP-3106,年代未核實,沒終點的青春,LV4aohczwsk,849751,最近15年流行曲,年代未核實,粵語,,unknown
era-unverified,POP-3107,年代未核實,門,IBI0OjA0X0s,848981,最近15年流行曲,年代未核實,國語,,unknown
era-unverified,POP-3108,年代未核實,終於好天氣,pAmVSbYHfAM,846747,最近15年流行曲,年代未核實,粵語,,unknown
era-unverified,POP-3109,年代未核實,隱形人,RsvKQtCmgzQ,846091,最近15年流行曲,年代未核實,國語,,unknown
era-unverified,POP-3110,年代未核實,半句再見,APO9bCc4WFk,845432,最近15年流行曲,年代未核實,國語,,unknown
era-unverified,POP-3111,年代未核實,沙發海,AeyO-3kAwoQ,845349,最近15年流行曲,年代未核實,國語,,unknown
era-unverified,POP-3112,年代未核實,大吟釀,HWUJq2vqyKA,845164,最近15年流行曲,年代未核實,粵語,,unknown
era-unverified,POP-3113,年代未核實,52赫茲,HT1Zb4d0gAo,844823,最近15年流行曲,年代未核實,粵語,,unknown
era-unverified,POP-3114,年代未核實,獲獎人,nI6UBeMSkBA,844313,最近15年流行曲,年代未核實,國語,,unknown
era-unverified,POP-3115,年代未核實,尋找白金漢,2--Cp-jMcPE,840416,最近15年流行曲,年代未核實,粵語,,unknown
era-unverified,POP-3116,年代未核實,別問我,TEoAzRZaLfc,838096,最近15年流行曲,年代未核實,國語,,unknown
era-unverified,POP-3117,年代未核實,漫長,kM_DLxId8ok,837076,最近15年流行曲,年代未核實,粵語,,unknown
era-unverified,POP-3118,年代未核實,疼愛,LtgYY82OO88,835206,最近15年流行曲,年代未核實,國語,,unknown
era-unverified,POP-3119,年代未核實,光亮,EMWyFiN3l5Q,833560,最近15年流行曲,年代未核實,國語,,unknown
era-unverified,POP-3120,年代未核實,拍錯拖,4alFpaoLDLM,827866,最近15年流行曲,年代未核實,粵語,,unknown
era-unverified,POP-3121,年代未核實,南瓜車,oxfDnPX-QQc,827831,最近15年流行曲,年代未核實,粵語,,unknown
era-unverified,POP-3122,年代未核實,熒光,aHI3OOUESdc,823560,最近15年流行曲,年代未核實,粵語,,unknown
era-unverified,POP-3123,年代未核實,甜蜜在十點五十九分前,dD2B7YZGw3k,822560,最近15年流行曲,年代未核實,粵語,,unknown
era-unverified,POP-3124,年代未核實,第一秒,aBYBPCde4_I,818870,最近15年流行曲,年代未核實,粵語,,unknown
era-unverified,POP-3125,年代未核實,水型物語,eaw0TRQOcgQ,816828,最近15年流行曲,年代未核實,粵語,,unknown
era-unverified,POP-3126,年代未核實,明日明日,cnQhtj6ri0w,814152,最近15年流行曲,年代未核實,粵語,,unknown
era-unverified,POP-3127,年代未核實,荒城渡,Oo7QZzkBffM,810597,最近15年流行曲,年代未核實,國語,,unknown
era-unverified,POP-3128,年代未核實,活人鏢靶,JJRCmgTElL0,808746,最近15年流行曲,年代未核實,粵語,,unknown
era-unverified,POP-3129,年代未核實,偷情的禮儀,GCiXSZr3b8E,807195,最近15年流行曲,年代未核實,粵語,,unknown
era-unverified,POP-3130,年代未核實,我地,4MpRwbiBbBI,806817,最近15年流行曲,年代未核實,粵語,,unknown
era-unverified,POP-3131,年代未核實,車匙,BHliLUCYYRk,806090,最近15年流行曲,年代未核實,粵語,,unknown
era-unverified,POP-3132,年代未核實,脫骹的華爾茲,FmsH4OJrsBQ,803579,最近15年流行曲,年代未核實,粵語,,unknown
era-unverified,POP-3133,年代未核實,那一個我,bl5Rak52iss,802831,最近15年流行曲,年代未核實,粵語,,unknown
era-unverified,POP-3134,年代未核實,變成你,OArZO5WICI8,797491,最近15年流行曲,年代未核實,國語,,unknown
era-unverified,POP-3135,年代未核實,很久不見,Af2uWiNEA9c,795317,最近15年流行曲,年代未核實,國語,,unknown
era-unverified,POP-3136,年代未核實,寶貝兒,s54QN8AZ_4Q,794185,最近15年流行曲,年代未核實,國語,,unknown
era-unverified,POP-3137,年代未核實,在無名指有你的名字,sKw8rNksWXM,793940,最近15年流行曲,年代未核實,國語,,unknown
era-unverified,POP-3138,年代未核實,筆觸男孩憂鬱之死,l0XMhIYSbEI,793468,最近15年流行曲,年代未核實,粵語,,unknown
era-unverified,POP-3139,年代未核實,望,wU7v2YGjmJI,792460,最近15年流行曲,年代未核實,國語,,unknown
era-unverified,POP-3140,年代未核實,啊不就好棒棒,m405naLWNuQ,791569,最近15年流行曲,年代未核實,國語,,unknown
era-unverified,POP-3141,年代未核實,慕容雪,UTQf91sKlJE,791222,最近15年流行曲,年代未核實,粵語,,unknown
era-unverified,POP-3142,年代未核實,閱後即焚,5Qwybp6ZDsI,790584,最近15年流行曲,年代未核實,粵語,,unknown
era-unverified,POP-3143,年代未核實,不開心就跳起來,mgDhpTgzU9c,785268,最近15年流行曲,年代未核實,國語,,unknown
era-unverified,POP-3144,年代未核實,星語心願,0f5k0KemeGs,781882,最近15年流行曲,年代未核實,粵語,,unknown
era-unverified,POP-3145,年代未核實,我們還有幾多時間,L17tD_aPypM,781467,最近15年流行曲,年代未核實,粵語,,unknown
era-unverified,POP-3146,年代未核實,永久保存,61I_rOB-jUs,781349,最近15年流行曲,年代未核實,粵語,,unknown
era-unverified,POP-3147,年代未核實,一桌菜,8KhiikVXO0s,781274,最近15年流行曲,年代未核實,國語,,unknown
era-unverified,POP-3148,年代未核實,壞天氣,CFqHIgPsrl8,778618,最近15年流行曲,年代未核實,國語,,unknown
era-unverified,POP-3149,年代未核實,同類,GqHl9lH-RoY,774626,最近15年流行曲,年代未核實,國語,,unknown
era-unverified,POP-3150,年代未核實,男二號,mtircNuyHn0,770419,最近15年流行曲,年代未核實,國語,,unknown
era-unverified,POP-3151,年代未核實,今天終於一人回家,cRdzIoYaY0U,770143,最近15年流行曲,年代未核實,粵語,,unknown
era-unverified,POP-3152,年代未核實,死性不改,vLARBmZv3W0,768618,最近15年流行曲,年代未核實,粵語,,unknown
era-unverified,POP-3153,年代未核實,凡星,qu_FDl3ZCTY,766732,最近15年流行曲,年代未核實,粵語,,unknown
era-unverified,POP-3154,年代未核實,路過人間,OPi5u3KXB70,766631,最近15年流行曲,年代未核實,國語,,unknown
era-unverified,POP-3155,年代未核實,一比一,_p3V2AxObnI,765813,最近15年流行曲,年代未核實,國語,,unknown
era-unverified,POP-3156,年代未核實,光引致疼痛,iZmkQ1CDWNI,764048,最近15年流行曲,年代未核實,國語,,unknown
era-unverified,POP-3157,年代未核實,星期三或禮拜三,xub79AeynZI,763194,最近15年流行曲,年代未核實,粵語,,unknown
era-unverified,POP-3158,年代未核實,單身,X6ottGWyNuw,762982,最近15年流行曲,年代未核實,粵語,,unknown
era-unverified,POP-3159,年代未核實,共同望銀河那時,4Tz6AZFQvJM,761989,最近15年流行曲,年代未核實,粵語,,unknown
era-unverified,POP-3160,年代未核實,西西弗斯之歌,70gCdNUv6Vo,761714,最近15年流行曲,年代未核實,粵語,,unknown
era-unverified,POP-3161,年代未核實,小孩,fznsIX-WDy8,756697,最近15年流行曲,年代未核實,粵語,,unknown
era-unverified,POP-3162,年代未核實,仍有心跳脈搏,oppqx-Askjw,755146,最近15年流行曲,年代未核實,粵語,,unknown
era-unverified,POP-3163,年代未核實,蘇麗珍,XiNtrQbOoNc,751804,最近15年流行曲,年代未核實,粵語,,unknown
era-unverified,POP-3164,年代未核實,出賣,JyMubZuCQZg,750332,最近15年流行曲,年代未核實,粵語,,unknown
era-unverified,POP-3165,年代未核實,我和幸福有約定,itAUdKtsdY8,749429,最近15年流行曲,年代未核實,國語,,unknown
era-unverified,POP-3166,年代未核實,崇拜,Aa7hCThtL1Q,747757,最近15年流行曲,年代未核實,國語,,unknown
era-unverified,POP-3167,年代未核實,多謝你自己,hQ-CEKgD8Gs,747100,最近15年流行曲,年代未核實,粵語,,unknown
era-unverified,POP-3168,年代未核實,星夜星塵,k9DtF0uj5_c,746034,最近15年流行曲,年代未核實,粵語,,unknown
era-unverified,POP-3169,年代未核實,以愛情的罪名,Na0LxGNkiPI,745971,最近15年流行曲,年代未核實,粵語,,unknown
era-unverified,POP-3170,年代未核實,荊棘海,lbuUY4s8rYs,742732,最近15年流行曲,年代未核實,粵語,,unknown
era-unverified,POP-3171,年代未核實,陌生人,LYpWvdGAyus,742542,最近15年流行曲,年代未核實,國語,,unknown
era-unverified,POP-3172,年代未核實,回憶備份,lfMPdE4zNwA,741901,最近15年流行曲,年代未核實,粵語,,unknown
era-unverified,POP-3173,年代未核實,已讀不回94我,VUnf5RCGXiI,741689,最近15年流行曲,年代未核實,國語,,unknown
era-unverified,POP-3174,年代未核實,不孤島,AHeHF9Bz458,740559,最近15年流行曲,年代未核實,國語,,unknown
era-unverified,POP-3175,年代未核實,一样的月光,SkccRDxghqI,740293,最近15年流行曲,年代未核實,國語,,unknown
era-unverified,POP-3176,年代未核實,新一天,sIVwNpfeYrA,740179,最近15年流行曲,年代未核實,粵語,,unknown
era-unverified,POP-3177,年代未核實,候鳥,okfLPZot6tc,739186,最近15年流行曲,年代未核實,粵語,,unknown
era-unverified,POP-3178,年代未核實,上心,2O6MmDWx5Qw,733189,最近15年流行曲,年代未核實,粵語,,unknown
era-unverified,POP-3179,年代未核實,孩子,x7qlnxUffpw,729586,最近15年流行曲,年代未核實,國語,,unknown
era-unverified,POP-3180,年代未核實,散光,07dmSlR33Qw,728891,最近15年流行曲,年代未核實,粵語,,unknown
era-unverified,POP-3181,年代未核實,80後時代曲,mKSKV-JBhP4,727821,最近15年流行曲,年代未核實,粵語,,unknown
era-unverified,POP-3182,年代未核實,沒有咖啡的喫茶店,vx0vXjLAgo8,725083,最近15年流行曲,年代未核實,粵語,,unknown
era-unverified,POP-3183,年代未核實,各自的模樣,EeKhrXQeB0Y,723946,最近15年流行曲,年代未核實,國語,,unknown
era-unverified,POP-3184,年代未核實,哥本哈根的另一個我,6u7aQV_2-2U,722937,最近15年流行曲,年代未核實,粵語,,unknown
era-unverified,POP-3185,年代未核實,吉他手,t_qY5dXbzzw,721732,最近15年流行曲,年代未核實,國語,,unknown
era-unverified,POP-3186,年代未核實,捱麵包的人,RVWeuDXW6es,718578,最近15年流行曲,年代未核實,國語,,unknown
era-unverified,POP-3187,年代未核實,其實痛是你的想像,XYIJuXN5hoE,717921,最近15年流行曲,年代未核實,粵語,,unknown
era-unverified,POP-3188,年代未核實,穿波鞋的惡魔,bJjxBNtqHW4,716827,最近15年流行曲,年代未核實,粵語,,unknown
era-unverified,POP-3189,年代未核實,長相思,W1a9NrFW4N0,716450,最近15年流行曲,年代未核實,國語,,unknown
era-unverified,POP-3190,年代未核實,全部的所有,HHVWmU5pxyw,716360,最近15年流行曲,年代未核實,國語,,unknown
era-unverified,POP-3191,年代未核實,沒有煙抽的日子,pNsJQxNokAc,714608,最近15年流行曲,年代未核實,國語,,unknown
era-unverified,POP-3192,年代未核實,感動就不遠,S-PSqs18SAc,713136,最近15年流行曲,年代未核實,國語,,unknown
era-unverified,POP-3193,年代未核實,你瘦夠了嗎？,6VQEy-qGf0Q,712975,最近15年流行曲,年代未核實,粵語,,unknown
era-unverified,POP-3194,年代未核實,不想認輸,jecD26knOi8,708923,最近15年流行曲,年代未核實,國語,,unknown
era-unverified,POP-3195,年代未核實,到時見,sw3aWA-I8lw,705771,最近15年流行曲,年代未核實,粵語,,unknown
era-unverified,POP-3196,年代未核實,講不出的原因,6-d0RrVg9EU,704187,最近15年流行曲,年代未核實,粵語,,unknown
era-unverified,POP-3197,年代未核實,愛情36計,PJYJAWvZfso,701321,最近15年流行曲,年代未核實,國語,,unknown
era-unverified,POP-3198,年代未核實,你的宇宙,fwmnZy9Mcwo,699770,最近15年流行曲,年代未核實,國語,,unknown
era-unverified,POP-3199,年代未核實,已經都壞掉了,vd_DcWwnoG4,699532,最近15年流行曲,年代未核實,國語,,unknown
era-unverified,POP-3200,年代未核實,維多利亞,kXQte9TiBAc,695840,最近15年流行曲,年代未核實,粵語,,unknown
era-unverified,POP-3201,年代未核實,無憾的生存,GoTx_1GqrK8,692645,最近15年流行曲,年代未核實,粵語,,unknown
era-unverified,POP-3202,年代未核實,下一次戀愛,wLkjB5vTEUs,690041,最近15年流行曲,年代未核實,國語,,unknown
era-unverified,POP-3203,年代未核實,花田錯,re2GblxOuHQ,688877,最近15年流行曲,年代未核實,國語,,unknown
era-unverified,POP-3204,年代未核實,救,YsOGsf_9PdM,684627,最近15年流行曲,年代未核實,粵語,,unknown
era-unverified,POP-3205,年代未核實,再為你做點什麼,98_FtdHXPbk,681744,最近15年流行曲,年代未核實,國語,,unknown
era-unverified,POP-3206,年代未核實,早安臺灣,LP-KBa12Kzc,677308,最近15年流行曲,年代未核實,國語,,unknown
era-unverified,POP-3207,年代未核實,摔角,rUTRdYGi8j8,675092,最近15年流行曲,年代未核實,粵語,,unknown
era-unverified,POP-3208,年代未核實,不簡單,oRauaQO50IY,674177,最近15年流行曲,年代未核實,國語,,unknown
era-unverified,POP-3209,年代未核實,仍會等,oJZbt9IVlaY,672551,最近15年流行曲,年代未核實,粵語,,unknown
era-unverified,POP-3210,年代未核實,嫉妒,Vn8Q93YQuUA,672499,最近15年流行曲,年代未核實,國語,,unknown
era-unverified,POP-3211,年代未核實,願望之翼,DyP40kjim9U,671645,最近15年流行曲,年代未核實,粵語,,unknown
era-unverified,POP-3212,年代未核實,羽毛鱗刺,JE-PloFDpkw,669718,最近15年流行曲,年代未核實,粵語,,unknown
era-unverified,POP-3213,年代未核實,麻煩你,v4n_pW5BksA,667007,最近15年流行曲,年代未核實,粵語,,unknown
era-unverified,POP-3214,年代未核實,牛頭角青年,8QP_wfg8GU8,665402,最近15年流行曲,年代未核實,粵語,,unknown
era-unverified,POP-3215,年代未核實,陌生之城,IuSh53sZUVM,665153,最近15年流行曲,年代未核實,粵語,,unknown
era-unverified,POP-3216,年代未核實,好天氣,YDVbJaoxeF8,664647,最近15年流行曲,年代未核實,國語,,unknown
era-unverified,POP-3217,年代未核實,太陽,fRcqZqi56Ws,664311,最近15年流行曲,年代未核實,國語,,unknown
era-unverified,POP-3218,年代未核實,介乎法國與旺角的詩意,uAC1hJxRHAI,663705,最近15年流行曲,年代未核實,粵語,,unknown
era-unverified,POP-3219,年代未核實,三天三夜,j9XfGKJ4VDI,662170,最近15年流行曲,年代未核實,國語,,unknown
era-unverified,POP-3220,年代未核實,不是真的愛我,KH-zgWKB7EQ,661564,最近15年流行曲,年代未核實,國語,,unknown
era-unverified,POP-3221,年代未核實,三十日,vPVoqtkQ1C0,661288,最近15年流行曲,年代未核實,粵語,,unknown
era-unverified,POP-3222,年代未核實,因為,qdf8eR6pAfU,658988,最近15年流行曲,年代未核實,國語,,unknown
era-unverified,POP-3223,年代未核實,神奇,O_c-xIop954,656576,最近15年流行曲,年代未核實,國語,,unknown
era-unverified,POP-3224,年代未核實,哪兒,BnVYb8QN-Ds,655928,最近15年流行曲,年代未核實,粵語,,unknown
era-unverified,POP-3225,年代未核實,你的承諾,if26FOSWiGQ,655407,最近15年流行曲,年代未核實,粵語,,unknown
era-unverified,POP-3226,年代未核實,我想要占据你,LQ8Cj4f7aJU,650852,最近15年流行曲,年代未核實,國語,,unknown
era-unverified,POP-3227,年代未核實,你應該是這世界上最懂我的人啊？,UtRNggq3ROk,648829,最近15年流行曲,年代未核實,粵語,,unknown
era-unverified,POP-3228,年代未核實,活著,aRRo0eKuqn0,647282,最近15年流行曲,年代未核實,粵語,,unknown
era-unverified,POP-3229,年代未核實,如果海能夠,s9ju4E7JI4A,645826,最近15年流行曲,年代未核實,國語,,unknown
era-unverified,POP-3230,年代未核實,睜開眼,SLEaUzsONgA,645233,最近15年流行曲,年代未核實,粵語,,unknown
era-unverified,POP-3231,年代未核實,痛得無法自拔,LLP8oHf_j-k,643591,最近15年流行曲,年代未核實,國語,,unknown
era-unverified,POP-3232,年代未核實,獅虎流,WWlgr4U7JVw,640901,最近15年流行曲,年代未核實,粵語,,unknown
era-unverified,POP-3233,年代未核實,草原,6oH-qDx1baU,640790,最近15年流行曲,年代未核實,粵語,,unknown
era-unverified,POP-3234,年代未核實,同一,13EsWFfFaZY,640033,最近15年流行曲,年代未核實,粵語,,unknown
era-unverified,POP-3235,年代未核實,相信 2Ø24,a8AlskyGecY,639644,最近15年流行曲,年代未核實,國語,,unknown
era-unverified,POP-3236,年代未核實,輕熟女,exzEkZo6dqc,639149,最近15年流行曲,年代未核實,粵語,,unknown
era-unverified,POP-3237,年代未核實,黃金年代,UX7oP6HJlwI,636843,最近15年流行曲,年代未核實,國語,,unknown
era-unverified,POP-3238,年代未核實,沙龙,D9xqjq4C2W4,634055,最近15年流行曲,年代未核實,國語,,unknown
era-unverified,POP-3239,年代未核實,特別的人,C19_Qi4apzw,632197,最近15年流行曲,年代未核實,國語,,unknown
era-unverified,POP-3240,年代未核實,氹我,RB1gmD-8lyY,631058,最近15年流行曲,年代未核實,粵語,,unknown
era-unverified,POP-3241,年代未核實,野蠻遊戲,EPduQ7Eu3sw,631120,最近15年流行曲,年代未核實,國語,,unknown
era-unverified,POP-3242,年代未核實,憂傷的嫖客,PRsdg6Yn0U0,630155,最近15年流行曲,年代未核實,粵語,,unknown
era-unverified,POP-3243,年代未核實,完美比例,nJuzcmj4yE0,629739,最近15年流行曲,年代未核實,國語,,unknown
era-unverified,POP-3244,年代未核實,水滾茶靚,_Cadb18eMu4,627756,最近15年流行曲,年代未核實,粵語,,unknown
era-unverified,POP-3245,年代未核實,航拍,idVhlEbwW40,626407,最近15年流行曲,年代未核實,粵語,,unknown
era-unverified,POP-3246,年代未核實,偶然與巧合,a7qGVVlTfvw,621760,最近15年流行曲,年代未核實,國語,,unknown
era-unverified,POP-3247,年代未核實,出口,cyZKuv6LFgk,620967,最近15年流行曲,年代未核實,國語,,unknown
era-unverified,POP-3248,年代未核實,我懂,lF5ofSY2D-M,620945,最近15年流行曲,年代未核實,粵語,,unknown
era-unverified,POP-3249,年代未核實,下世愛你,IJ6Li2F5W8w,619536,最近15年流行曲,年代未核實,粵語,,unknown
era-unverified,POP-3250,年代未核實,離人淚,i_2jB9gMzTo,615051,最近15年流行曲,年代未核實,粵語,,unknown
era-unverified,POP-3251,年代未核實,過客,Zy6uzSLodn0,613355,最近15年流行曲,年代未核實,粵語,,unknown
era-unverified,POP-3252,年代未核實,原来,Z1g9RHyphHI,612152,最近15年流行曲,年代未核實,國語,,unknown
era-unverified,POP-3253,年代未核實,空無之地,ShAU5XoFcUQ,610846,最近15年流行曲,年代未核實,粵語,,unknown
era-unverified,POP-3254,年代未核實,躍,SiZIjD9CRFk,609492,最近15年流行曲,年代未核實,國語,,unknown
era-unverified,POP-3255,年代未核實,本能寺,Fvv56mAERxw,609352,最近15年流行曲,年代未核實,粵語,,unknown
era-unverified,POP-3256,年代未核實,寂寞圓舞,txedrZ_enMc,608492,最近15年流行曲,年代未核實,粵語,,unknown
era-unverified,POP-3257,年代未核實,會不會,Mjy3bRULYDY,608176,最近15年流行曲,年代未核實,國語,,unknown
era-unverified,POP-3258,年代未核實,甜蜜蜜,VDy4PO4grK8,606845,最近15年流行曲,年代未核實,粵語,,unknown
era-unverified,POP-3259,年代未核實,迪斯可,fDv5vK6M_p4,604383,最近15年流行曲,年代未核實,國語,,unknown
era-unverified,POP-3260,年代未核實,防盜鎖,v8p9ZI6n3eE,602803,最近15年流行曲,年代未核實,國語,,unknown
era-unverified,POP-3261,年代未核實,計劃書,9-XfveDuY4E,600346,最近15年流行曲,年代未核實,粵語,,unknown
era-unverified,POP-3262,年代未核實,寂寞考,EYTAmsJrcMo,595993,最近15年流行曲,年代未核實,國語,,unknown
era-unverified,POP-3263,年代未核實,下一個奇蹟,C20-k-RaIzM,594385,最近15年流行曲,年代未核實,國語,,unknown
era-unverified,POP-3264,年代未核實,百分百,hz_i4vV-Nl0,594268,最近15年流行曲,年代未核實,國語,,unknown
era-unverified,POP-3265,年代未核實,回到中學的暑假,XOiqIAZgjX8,592011,最近15年流行曲,年代未核實,粵語,,unknown
era-unverified,POP-3266,年代未核實,命盡頭,KEjRb9KAyEY,589483,最近15年流行曲,年代未核實,粵語,,unknown
era-unverified,POP-3267,年代未核實,寂寞的怪獸,FtL2tv4itXY,589329,最近15年流行曲,年代未核實,粵語,,unknown
era-unverified,POP-3268,年代未核實,天生一對,SAVxcVa8RAk,588865,最近15年流行曲,年代未核實,粵語,,unknown
era-unverified,POP-3269,年代未核實,日出的缺口,Vy1mEPW--eg,588374,最近15年流行曲,年代未核實,國語,,unknown
era-unverified,POP-3270,年代未核實,讓我想一想,FAICyJ8qM_Y,585966,最近15年流行曲,年代未核實,國語,,unknown
era-unverified,POP-3271,年代未核實,月亮代表誰的心,-iyyvnzxUnE,581173,最近15年流行曲,年代未核實,國語,,unknown
era-unverified,POP-3272,年代未核實,漫天星,dO_U7TZdVVM,579401,最近15年流行曲,年代未核實,粵語,,unknown
era-unverified,POP-3273,年代未核實,明天留給我,SyAQJSaEN-w,579330,最近15年流行曲,年代未核實,國語,,unknown
era-unverified,POP-3274,年代未核實,旅程,WCjJXC_pPak,577335,最近15年流行曲,年代未核實,國語,,unknown
era-unverified,POP-3275,年代未核實,豐乳肥臀,aHsXA5TX0XY,576282,最近15年流行曲,年代未核實,粵語,,unknown
era-unverified,POP-3276,年代未核實,我很小朋友,Wg6QrdTl_So,576137,最近15年流行曲,年代未核實,粵語,,unknown
era-unverified,POP-3277,年代未核實,相對無言,RaGo3lOXEqM,573722,最近15年流行曲,年代未核實,國語,,unknown
era-unverified,POP-3278,年代未核實,1到10=我和你,gGK9o92rP_w,571808,最近15年流行曲,年代未核實,國語,,unknown
era-unverified,POP-3279,年代未核實,因講了出來,vW8YeBGHzgY,571567,最近15年流行曲,年代未核實,粵語,,unknown
era-unverified,POP-3280,年代未核實,約齊靈魂在墳墓開生日派對,LwEACnpKIp8,562479,最近15年流行曲,年代未核實,粵語,,unknown
era-unverified,POP-3281,年代未核實,本性倔強,cZo31BJEsuc,559996,最近15年流行曲,年代未核實,國語,,unknown
era-unverified,POP-3282,年代未核實,生活总该迎着光亮,MzcEbd3qPbw,558726,最近15年流行曲,年代未核實,國語,,unknown
era-unverified,POP-3283,年代未核實,想個不停,_32_U1L0S4o,556928,最近15年流行曲,年代未核實,國語,,unknown
era-unverified,POP-3284,年代未核實,小小癡纏,mwWBubsntAU,555668,最近15年流行曲,年代未核實,粵語,,unknown
era-unverified,POP-3285,年代未核實,開錯燈,LCrAukT_r2k,555512,最近15年流行曲,年代未核實,粵語,,unknown
era-unverified,POP-3286,年代未核實,最瘋狂的藝術家,M5ALwhQkTwk,554428,最近15年流行曲,年代未核實,國語,,unknown
era-unverified,POP-3287,年代未核實,記憶倒行,9C05xxTgvk0,551685,最近15年流行曲,年代未核實,粵語,,unknown
era-unverified,POP-3288,年代未核實,沙門 Śramaṇa,hz1-B00Lo1E,551382,最近15年流行曲,年代未核實,粵語,,unknown
era-unverified,POP-3289,年代未核實,小涼伴,qpucFHeFNOM,551173,最近15年流行曲,年代未核實,粵語,,unknown
era-unverified,POP-3290,年代未核實,太聪明,7Wuk4hsABXY,546046,最近15年流行曲,年代未核實,國語,,unknown
era-unverified,POP-3291,年代未核實,初老,bmAZ98kdtsk,544828,最近15年流行曲,年代未核實,粵語,,unknown
era-unverified,POP-3292,年代未核實,家家歌,ZaDM1p742EY,544767,最近15年流行曲,年代未核實,國語,,unknown
era-unverified,POP-3293,年代未核實,離散序,5fV6GfjCEPo,544013,最近15年流行曲,年代未核實,粵語,,unknown
era-unverified,POP-3294,年代未核實,成婚破浪,LBwkt6TTM80,543959,最近15年流行曲,年代未核實,粵語,,unknown
era-unverified,POP-3295,年代未核實,聲音導航,_UUgcxLTpuE,542927,最近15年流行曲,年代未核實,粵語,,unknown
era-unverified,POP-3296,年代未核實,好好地過,Ts4IWDUHdgU,541736,最近15年流行曲,年代未核實,粵語,,unknown
era-unverified,POP-3297,年代未核實,最牽掛的,nTtCHn67Gj4,541185,最近15年流行曲,年代未核實,粵語,,unknown
era-unverified,POP-3298,年代未核實,没了你,yqtfq1X2ukk,540812,最近15年流行曲,年代未核實,國語,,unknown
era-unverified,POP-3299,年代未核實,頑強,IDEZrcFwr9E,540243,最近15年流行曲,年代未核實,國語,,unknown
era-unverified,POP-3300,年代未核實,不是因为天气晴朗才爱你,kUIlCTeLCMs,538609,最近15年流行曲,年代未核實,國語,,unknown
era-unverified,POP-3301,年代未核實,我很快乐,Pdmy7x5OR78,537507,最近15年流行曲,年代未核實,國語,,unknown
era-unverified,POP-3302,年代未核實,生命有價,vGeA_6muldI,535794,最近15年流行曲,年代未核實,粵語,,unknown
era-unverified,POP-3303,年代未核實,就算全世界與我為敵,bVsa8RP71rg,535756,最近15年流行曲,年代未核實,國語,,unknown
era-unverified,POP-3304,年代未核實,戀戀,1-ttW1yeXSQ,533465,最近15年流行曲,年代未核實,國語,,unknown
era-unverified,POP-3305,年代未核實,雙冠軍,P9eCo63sC3U,529870,最近15年流行曲,年代未核實,粵語,,unknown
era-unverified,POP-3306,年代未核實,旁若無人,fKSzkXbkOGs,526509,最近15年流行曲,年代未核實,粵語,,unknown
era-unverified,POP-3307,年代未核實,瀟灑的走,V1QlFAYsXeo,525605,最近15年流行曲,年代未核實,國語,,unknown
era-unverified,POP-3308,年代未核實,黑洞裡,BliOkLi4fss,523797,最近15年流行曲,年代未核實,粵語,,unknown
era-unverified,POP-3309,年代未核實,意外,-QlL0V0B7a8,521282,最近15年流行曲,年代未核實,國語,,unknown
era-unverified,POP-3310,年代未核實,記住我們,oecwLw9015U,518326,最近15年流行曲,年代未核實,粵語,,unknown
era-unverified,POP-3311,年代未核實,漂流木,igwGgVFo40Y,518338,最近15年流行曲,年代未核實,粵語,,unknown
era-unverified,POP-3312,年代未核實,更遠的前方,SHt5Zsd_f30,517823,最近15年流行曲,年代未核實,國語,,unknown
era-unverified,POP-3313,年代未核實,吳小姐,B-I2hbclzXc,517000,最近15年流行曲,年代未核實,粵語,,unknown
era-unverified,POP-3314,年代未核實,蘇菲亞的波霸珍珠奶茶,fB32eJ5P4yI,515643,最近15年流行曲,年代未核實,粵語,,unknown
era-unverified,POP-3315,年代未核實,你快樂嗎,SaffTafBkH8,513938,最近15年流行曲,年代未核實,粵語,,unknown
era-unverified,POP-3316,年代未核實,地球空心論,nYogNoBHhaA,510830,最近15年流行曲,年代未核實,粵語,,unknown
era-unverified,POP-3317,年代未核實,其實寂寞,dN-rqS1-KFk,510334,最近15年流行曲,年代未核實,粵語,,unknown
era-unverified,POP-3318,年代未核實,在錯誤的宇宙尋找愛,QAffF13VsMU,505035,最近15年流行曲,年代未核實,粵語,,unknown
era-unverified,POP-3319,年代未核實,好想要揮霍,VxFmLto20dQ,504857,最近15年流行曲,年代未核實,國語,,unknown
era-unverified,POP-3320,年代未核實,所有遺失的東西,YlESY4i72qg,501768,最近15年流行曲,年代未核實,粵語,,unknown
era-unverified,POP-3321,年代未核實,后来,QSGnDDTnTzI,18053694,最近15年流行曲,年代未核實,國語,,unknown
era-unverified,POP-3322,年代未核實,我好嗎,NzbIolOSWto,13963374,最近15年流行曲,年代未核實,國語,,unknown
era-unverified,POP-3323,年代未核實,別讓我走遠,sSidvDS5Naw,7137840,最近15年流行曲,年代未核實,國語,,unknown
era-unverified,POP-3324,年代未核實,我多想變成她,tOep1yAuYEY,3289584,最近15年流行曲,年代未核實,國語,,unknown
era-unverified,POP-3325,年代未核實,陪你,uOMv3vDP0jo,1961048,最近15年流行曲,年代未核實,國語,,unknown
era-unverified,POP-3326,年代未核實,千言萬語,cgnPinA7D8U,1872930,最近15年流行曲,年代未核實,國語,,unknown
era-unverified,POP-3327,年代未核實,沒什麼大不了,QCxqnUWOq9s,1867529,最近15年流行曲,年代未核實,國語,,unknown
era-unverified,POP-3328,年代未核實,带我去找夜生活,J24VFfTXXdA,1720285,最近15年流行曲,年代未核實,國語,,unknown
era-unverified,POP-3329,年代未核實,哥倫布的蛋,BGm4PqPT9u8,1375822,最近15年流行曲,年代未核實,國語,,unknown
era-unverified,POP-3330,年代未核實,終於我們,QmAYqA_dreE,1183631,最近15年流行曲,年代未核實,粵語,,unknown
era-unverified,POP-3331,年代未核實,記得梳頭,l3o5Sqd_nxg,588981,最近15年流行曲,年代未核實,粵語,,unknown
era-unverified,POP-3332,年代未核實,我的回忆不是我的,Znv_DnJSD4A,569736,最近15年流行曲,年代未核實,國語,,unknown
era-unverified,POP-3333,年代未核實,身後,4V3hxNyiwaA,16703993,最近15年流行曲,年代未核實,國語,,unknown
era-unverified,POP-3334,年代未核實,千年之戀,5fTrPL5b4Lg,14606015,最近15年流行曲,年代未核實,國語,,unknown
era-unverified,POP-3335,年代未核實,我們的愛,88D2-J_pk7A,11063346,最近15年流行曲,年代未核實,國語,,unknown
era-unverified,POP-3336,年代未核實,你的微笑,5-2ednIJsa8,10014974,最近15年流行曲,年代未核實,國語,,unknown
era-unverified,POP-3337,年代未核實,讓愛重生,F8pLZA0CIj4,4412931,最近15年流行曲,年代未核實,國語,,unknown
era-unverified,POP-3338,年代未核實,把愛放開,Y0KEJySOSN4,2677059,最近15年流行曲,年代未核實,國語,,unknown
era-unverified,POP-3339,年代未核實,天天夜夜,HXmZiylxAsw,2475979,最近15年流行曲,年代未核實,國語,,unknown
era-unverified,POP-3340,年代未核實,你很愛他,8GHPf1loWTk,2276702,最近15年流行曲,年代未核實,國語,,unknown
era-unverified,POP-3341,年代未核實,眷戀,tN5KvUXrUdw,1915661,最近15年流行曲,年代未核實,國語,,unknown
era-unverified,POP-3342,年代未核實,青春,hGWVy_n00ug,1519584,最近15年流行曲,年代未核實,國語,,unknown
era-unverified,POP-3343,年代未核實,刺鳥,calHth0AOtI,1303868,最近15年流行曲,年代未核實,國語,,unknown
era-unverified,POP-3344,年代未核實,荊棘裡的花,72qWjIZ_PbE,1258100,最近15年流行曲,年代未核實,國語,,unknown
era-unverified,POP-3345,年代未核實,下輩子,xNACeEXjoRY,563091,最近15年流行曲,年代未核實,國語,,unknown
era-unverified,POP-3346,年代未核實,嘻哈庄腳情,NOC6fIN5AU8,547951,最近15年流行曲,年代未核實,國語,,unknown
