list,path,number,title,videoId,viewCount,viewCheckedAt,status,category,source
Hymns,hymns.json,HYMN-001,我們成為一家人,axJlfLJGwQk,1216810,2026-05-26,kept,詩歌,777Worship 完全的敬拜 | 敬拜中裡合一 | Unity in Worship / YouTube
Hymns,hymns.json,HYMN-002,求祢以真理和愛引導我,vTG-LQPFtRg,82518,2026-05-26,removed-under-500k,詩歌,More of Jesus Worship (更多有耶穌的敬拜) / YouTube
Hymns,hymns.json,HYMN-003,愛如繁星,QHxdGXUkCFQ,1393932,2026-05-26,kept,詩歌,Kennex in Jesus / YouTube
Hymns,hymns.json,HYMN-004,每一天,9VisPP2HLtc,52230,2026-05-26,removed-under-500k,詩歌,Zonder's Music / YouTube
Hymns,hymns.json,HYMN-005,以感恩為祭,ozRtnVOvYvM,688255,2026-05-26,kept,詩歌,m2kmusic / YouTube
Hymns,hymns.json,HYMN-006,以馬內利,gB3vpIAYhIM,729792,2026-05-26,kept,詩歌,777Worship 完全的敬拜 | 敬拜中裡合一 | Unity in Worship / YouTube
Hymns,hymns.json,HYMN-007,傳承使命,Iz477EjWNX4,175732,2026-05-26,removed-under-500k,詩歌,HKACM Official 香港基督徒音樂事工協會 / YouTube
Hymns,hymns.json,HYMN-008,我願為祢去,KgnklCi-k-Q,61514,2026-05-26,removed-under-500k,詩歌,CantonHymn恢復粵語詩歌敬拜文化運動 / YouTube
Hymns,hymns.json,HYMN-009,有祢同行,2KM6F_vQSD0,3578882,2026-05-26,kept,詩歌,基恩敬拜 Amazing Grace Worship / YouTube
Hymns,hymns.json,HYMN-010,耶穌配得至聖尊榮,YE34QiLu1sg,106537,2026-05-26,removed-under-500k,詩歌,Jennifer Poon / YouTube
Hymns,hymns.json,HYMN-011,薪火永傳,gdjd5T78rBc,131598,2026-05-26,removed-under-500k,詩歌,m2kmusic / YouTube
Hymns,hymns.json,HYMN-012,仍然相信祢,VzmM9I0KqUM,278166,2026-05-26,removed-under-500k,詩歌,HKACM Official 香港基督徒音樂事工協會 / YouTube
Hymns,hymns.json,HYMN-013,信心的等待,0mn6wvX1l18,3650801,2026-05-26,kept,詩歌,基恩敬拜 Amazing Grace Worship / YouTube
Hymns,hymns.json,HYMN-014,全能父上帝,XgisFdhTr74,57856,2026-05-26,removed-under-500k,詩歌,讚美的時刻 / YouTube
Hymns,hymns.json,HYMN-015,十架的冠冕,Pz10IS-TCmg,1629304,2026-05-26,kept,詩歌,1Gmusic / YouTube
Hymns,hymns.json,HYMN-016,向至高者讚美,Hx1lMCJ-d-Q,118719,2026-05-26,removed-under-500k,詩歌,Jennifer Poon / YouTube
Hymns,hymns.json,HYMN-017,因祢堅持,4m6vjriw7a8,496388,2026-05-26,removed-under-500k,詩歌,鹹蛋音樂事工Salted Egg Music Ministry / YouTube
Hymns,hymns.json,HYMN-018,天地讚美,2xT4SagZ_jg,353293,2026-05-26,removed-under-500k,詩歌,C Jenny / YouTube
Hymns,hymns.json,HYMN-019,寶貝聖靈,nDltRKeqT60,263769,2026-05-26,removed-under-500k,詩歌,WN X 玻璃海樂團 X PHOTIC / YouTube
Hymns,hymns.json,HYMN-020,尋求神的臉,Vm0AvpyoLq0,58306,2026-05-26,removed-under-500k,詩歌,frankie choi 蔡賜輝 / YouTube
Hymns,hymns.json,HYMN-021,恩典太美麗,JlTb0Sf7xUg,1763133,2026-05-26,kept,詩歌,cantonworship / YouTube
Hymns,hymns.json,HYMN-022,耶和華要保護你,vij9KnhNDpo,842886,2026-05-26,kept,詩歌,同心圓敬拜福音平台 One Circle / YouTube
Hymns,hymns.json,HYMN-023,十架七言,ahz3WNruOjE,77049,2026-05-26,removed-under-500k,詩歌,m2kmusic / YouTube
Hymns,hymns.json,HYMN-024,最美好盡力愛祢,Rc78LOgNt5M,357719,2026-05-26,removed-under-500k,詩歌,同心圓敬拜福音平台 One Circle / YouTube
Hymns,hymns.json,HYMN-025,我心靈得安寧,XC8OsGnoisg,187844,2026-05-26,removed-under-500k,詩歌,KUA GLOBAL 跨越 / YouTube
Hymns,hymns.json,HYMN-026,是為了我罪,Mt7CHPlMtqw,123078,2026-05-26,removed-under-500k,詩歌,HKACM Official 香港基督徒音樂事工協會 / YouTube
Hymns,hymns.json,HYMN-027,求主給這世代看見異象,7CSnTSZKIh8,148466,2026-05-26,removed-under-500k,詩歌,Milk&Honey Worship / YouTube
Hymns,hymns.json,HYMN-028,無言的讚頌,5gyQFFRFEiA,197501,2026-05-26,removed-under-500k,詩歌,WAM Worship 沙田浸信會崇拜及聖樂事工 / YouTube
Hymns,hymns.json,HYMN-029,獻上今天,ZW6SM5K1MhQ,112826,2026-05-26,removed-under-500k,詩歌,HKACM Official 香港基督徒音樂事工協會 / YouTube
Hymns,hymns.json,HYMN-030,獻給我天上的主,0rh6R51MRls,985489,2026-05-26,kept,詩歌,同心圓敬拜福音平台 One Circle / YouTube
Hymns,hymns.json,HYMN-031,尋求祢面,6pKyphrDclA,78442,2026-05-26,removed-under-500k,詩歌,建道神學院新祢呈敬拜隊 / YouTube
Hymns,hymns.json,HYMN-032,我們愛因為神先愛,szBB3WqM9x4,606706,2026-05-26,kept,詩歌,基恩敬拜 Amazing Grace Worship / YouTube
Hymns,hymns.json,HYMN-033,永恆國度,r-ZgxbHyenA,84995,2026-05-26,removed-under-500k,詩歌,HKACM Official 香港基督徒音樂事工協會 / YouTube
Hymns,hymns.json,HYMN-034,深恩厚愛,ySMMe-FbERI,58730,2026-05-26,removed-under-500k,詩歌,YWAM Gateway Worship / YouTube
Hymns,hymns.json,HYMN-035,自耶穌來住在我心,6AvjcXHPQpo,78894,2026-05-26,removed-under-500k,詩歌,KUA GLOBAL 跨越 / YouTube
Hymns,hymns.json,HYMN-036,請堅固我,s0h93HvF3aY,924040,2026-05-26,kept,詩歌,基恩敬拜 Amazing Grace Worship / YouTube
Hymns,hymns.json,HYMN-037,盡心盡性讚美祂,TAhJpJZr7ns,72861,2026-05-26,removed-under-500k,詩歌,讚美的時刻 / YouTube
Hymns,hymns.json,HYMN-038,立志擺上,WLtqi4s29LQ,5948498,2026-05-26,kept,詩歌,建道神學院新祢呈敬拜隊 / YouTube
Hymns,hymns.json,HYMN-039,義人的路,tjxFw28Lp5E,134708,2026-05-26,removed-under-500k,詩歌,Jennifer Poon / YouTube
Hymns,hymns.json,HYMN-040,聽命勝於獻祭,uO1wRrH-ZiQ,116853,2026-05-26,removed-under-500k,詩歌,Matthew Lee / YouTube
Hymns,hymns.json,HYMN-041,萬有都歸祢,SOXdBgXWw4M,541373,2026-05-26,kept,詩歌,同心圓敬拜福音平台 One Circle / YouTube
Hymns,hymns.json,HYMN-042,愛伴我高飛,YaUocCvsfeQ,75875,2026-05-26,removed-under-500k,詩歌,MIC 好耶音樂 / YouTube
Hymns,hymns.json,HYMN-043,慈繩愛索,g0W4TYQX7NM,1095581,2026-05-26,kept,詩歌,基恩敬拜 Amazing Grace Worship / YouTube
Hymns,hymns.json,HYMN-044,我要一生一世住在袮聖殿,SMK-OFG3fH8,86470,2026-05-26,removed-under-500k,詩歌,WN X 玻璃海樂團 X PHOTIC / YouTube
Hymns,hymns.json,HYMN-045,最好的路徑,wfAmoadlCo0,749152,2026-05-26,kept,詩歌,同心圓敬拜福音平台 One Circle / YouTube
Hymns,hymns.json,HYMN-046,謝謝祢的愛,x5PC2zb_kLM,323680,2026-05-26,removed-under-500k,詩歌,基恩敬拜 Amazing Grace Worship / YouTube
Hymns,hymns.json,HYMN-047,親眼看見祢,r6OF36e0-f4,4037792,2026-05-26,kept,詩歌,基恩敬拜 Amazing Grace Worship / YouTube
Hymns,hymns.json,HYMN-048,一生之久,XHHxo4kErEQ,236772,2026-05-26,removed-under-500k,詩歌,鹹蛋音樂事工Salted Egg Music Ministry / YouTube
Hymns,hymns.json,HYMN-049,一直都是祢,y7K-rMz3fUM,817260,2026-05-26,kept,詩歌,HTBBChurch / YouTube
Hymns,hymns.json,HYMN-050,小孩的讚頌,r0qDrlICcFQ,112417,2026-05-26,removed-under-500k,詩歌,Kwan Natalie / YouTube
Hymns,hymns.json,HYMN-051,黑暗終必過去,S--IP6hEiSM,178501,2026-05-26,removed-under-500k,詩歌,HKACM Official 香港基督徒音樂事工協會 / YouTube
Hymns,hymns.json,HYMN-052,默默回望,-Du7LGKtMec,91476,2026-05-26,removed-under-500k,詩歌,基督徒青草原iGreenpastures / YouTube
Hymns,hymns.json,HYMN-053,上帝的兒女何等有福,QXIWuzw5ME0,208655,2026-05-26,removed-under-500k,詩歌,陳贊一博士 / YouTube
Hymns,hymns.json,HYMN-054,不曾配得的愛,t5lauYsm1OE,134596,2026-05-26,removed-under-500k,詩歌,角聲使團 The Heralders / YouTube
Hymns,hymns.json,HYMN-055,不變的應許,JnXaTrJtbUA,4957422,2026-05-26,kept,詩歌,Son Music 新音樂敬拜創作 / YouTube
Hymns,hymns.json,HYMN-056,伴我成長,ef_qXm0vKlc,373954,2026-05-26,removed-under-500k,詩歌,基督徒青草原iGreenpastures / YouTube
Hymns,hymns.json,HYMN-057,今生所盼,LzJP04JZ0z4,217855,2026-05-26,removed-under-500k,詩歌,Saddleback Church Hong Kong / YouTube
Hymns,hymns.json,HYMN-058,假使我喚叫你,banarnnGvwU,55485,2026-05-26,removed-under-500k,詩歌,香港聖詩會 Hong Kong Hymn Society / YouTube
Hymns,hymns.json,HYMN-059,儘管我尚未看見,PtJLd5GEyb4,711374,2026-05-26,kept,詩歌,HKACM Official 香港基督徒音樂事工協會 / YouTube
Hymns,hymns.json,HYMN-060,唱一首天上的歌,ZSOYluQXi5o,5732032,2026-05-26,kept,詩歌,Andrew Vlogs / YouTube
Hymns,hymns.json,HYMN-061,得力在乎祢,PvCQf0SejTU,287477,2026-05-26,removed-under-500k,詩歌,耶穌是主Jesus is Lord / YouTube
Hymns,hymns.json,HYMN-062,感恩祭燃起,A0xGphDjmtg,130996,2026-05-26,removed-under-500k,詩歌,角聲使團 The Heralders / YouTube
Hymns,hymns.json,HYMN-063,我向祢禱告,-IVXs-rBonc,3927677,2026-05-26,kept,詩歌,Son Music 新音樂敬拜創作 / YouTube
Hymns,hymns.json,HYMN-064,當我抬頭仰望,vMjdPG60CS0,4387364,2026-05-26,kept,詩歌,KUA GLOBAL 跨越 / YouTube
Hymns,hymns.json,HYMN-065,谷中百合花,uhGSFj5McAQ,1737442,2026-05-26,kept,詩歌,KUA GLOBAL 跨越 / YouTube
Hymns,hymns.json,HYMN-066,原是為我,Wg5LDm12jqg,272167,2026-05-26,removed-under-500k,詩歌,基恩敬拜 Amazing Grace Worship / YouTube
Hymns,hymns.json,HYMN-067,受造奇妙可畏,xxboAVv2Q34,122391,2026-05-26,removed-under-500k,詩歌,WN X 玻璃海樂團 X PHOTIC / YouTube
Hymns,hymns.json,HYMN-068,恩惠隨著我,4MqHMYPs1ac,159277,2026-05-26,removed-under-500k,詩歌,鹹蛋音樂事工Salted Egg Music Ministry / YouTube
Hymns,hymns.json,HYMN-069,神啊！祢在哪兒,mbjAbHpetQc,1515243,2026-05-26,kept,詩歌,crest712 / YouTube
Hymns,hymns.json,HYMN-070,神愛我和你,5x-0Coj-yR4,2054312,2026-05-26,kept,詩歌,MrKoKei / YouTube
Hymns,hymns.json,HYMN-071,祢話語是我亮光,8KtQjK0GFjE,68909,2026-05-26,removed-under-500k,詩歌,基恩敬拜 Amazing Grace Worship / YouTube
Hymns,hymns.json,HYMN-072,耶和華是我的倚靠,Q1OaI5EEqGc,267954,2026-05-26,removed-under-500k,詩歌,角聲使團 The Heralders / YouTube
Hymns,hymns.json,HYMN-073,靠著祢寶血,y8EreEN33Uo,242418,2026-05-26,removed-under-500k,詩歌,Son Music 新音樂敬拜創作 / YouTube
Hymns,hymns.json,HYMN-074,向著前方,7fumXjstga0,83297,2026-05-26,removed-under-500k,詩歌,Son Music 新音樂敬拜創作 / YouTube
Hymns,hymns.json,HYMN-075,萬主之主,F4GBw5f1KlQ,60481,2026-05-26,removed-under-500k,詩歌,cantonworship / YouTube
Hymns,hymns.json,HYMN-076,單單仰望祢,x9olp0a1Tqo,114283,2026-05-26,removed-under-500k,詩歌,Tony Lui / YouTube
Hymns,hymns.json,HYMN-077,開展主的國,MSo9dYTlr0E,61914,2026-05-26,removed-under-500k,詩歌,Take Up Your Cross 背起十架 / YouTube
Hymns,hymns.json,HYMN-078,祢的愛不離不棄,-kHB_L11P_U,21651388,2026-05-26,kept,詩歌,777Worship 完全的敬拜 | 敬拜中裡合一 | Unity in Worship / YouTube
Hymns,hymns.json,HYMN-079,聖靈請祢來,IjufasfZ9hE,11866739,2026-05-26,kept,詩歌,777Worship 完全的敬拜 | 敬拜中裡合一 | Unity in Worship / YouTube
Hymns,hymns.json,HYMN-080,因祂活著,BQm6FAH_A-k,118307,2026-05-26,removed-under-500k,詩歌,KUA GLOBAL 跨越 / YouTube
Hymns,hymns.json,HYMN-081,因著信,qNndl7K3z3k,3223267,2026-05-26,kept,詩歌,角聲使團 The Heralders / YouTube
Hymns,hymns.json,HYMN-082,再次站起來,K-zNT8BxkD4,880886,2026-05-26,kept,詩歌,基恩敬拜 Amazing Grace Worship / YouTube
Hymns,hymns.json,HYMN-083,祢是我惟一的倚靠,nXuUEAO8K6A,722671,2026-05-26,kept,詩歌,基恩敬拜 Amazing Grace Worship / YouTube
Hymns,hymns.json,HYMN-084,主祢知道,H0B6KPHYbSQ,678880,2026-05-26,kept,詩歌,HKACM Official 香港基督徒音樂事工協會 / YouTube
Hymns,hymns.json,HYMN-085,最好的福氣,HcpvUZoIv70,2053215,2026-05-26,kept,詩歌,角聲使團 The Heralders / YouTube
Hymns,hymns.json,HYMN-086,復興我,R5lI1X1kyQE,648198,2026-05-26,kept,詩歌,基恩敬拜 Amazing Grace Worship / YouTube
Hymns,hymns.json,HYMN-087,我能痊癒,rvYnI9pYeUE,619003,2026-05-26,kept,詩歌,基恩敬拜 Amazing Grace Worship / YouTube
Hymns,hymns.json,HYMN-088,如此認識我,nqNRef8sAnw,1926641,2026-05-26,kept,詩歌,角聲使團 The Heralders / YouTube
Hymns,hymns.json,HYMN-089,晨禱,ZzHrqn6ZOas,582191,2026-05-26,kept,詩歌,基恩敬拜 Amazing Grace Worship / YouTube
Hymns,hymns.json,HYMN-090,信心,fmLNcCIRaJw,519184,2026-05-26,kept,詩歌,基恩敬拜 Amazing Grace Worship / YouTube
Hymns,hymns.json,HYMN-091,求主用我,C5Lt4OAsUjQ,453417,2026-05-26,removed-under-500k,詩歌,基恩敬拜 Amazing Grace Worship / YouTube
Hymns,hymns.json,HYMN-092,不要怕,XsJSBP_bCnw,434557,2026-05-26,removed-under-500k,詩歌,基恩敬拜 Amazing Grace Worship / YouTube
Hymns,hymns.json,HYMN-093,盼望在乎祢,ldT0EZcUYyo,389628,2026-05-26,removed-under-500k,詩歌,基恩敬拜 Amazing Grace Worship / YouTube
Hymns,hymns.json,HYMN-094,牽引,wcO7mOlhhNs,308073,2026-05-26,removed-under-500k,詩歌,基恩敬拜 Amazing Grace Worship / YouTube
Hymns,hymns.json,HYMN-095,既然出於祢,trUYFxgZ26g,276161,2026-05-26,removed-under-500k,詩歌,HKACM Official 香港基督徒音樂事工協會 / YouTube
Hymns,hymns.json,HYMN-096,安穩在主裡,CheR2TDaHrY,271455,2026-05-26,removed-under-500k,詩歌,HKACM Official 香港基督徒音樂事工協會 / YouTube
Hymns,hymns.json,HYMN-097,互相守望,NhtYmJVb8ss,262198,2026-05-26,removed-under-500k,詩歌,基恩敬拜 Amazing Grace Worship / YouTube
Hymns,hymns.json,HYMN-098,在地若天,QXblIgncypU,181448,2026-05-26,removed-under-500k,詩歌,HKACM Official 香港基督徒音樂事工協會 / YouTube
Hymns,hymns.json,HYMN-099,感恩的祭,0wKDysWrqcI,165381,2026-05-26,removed-under-500k,詩歌,基恩敬拜 Amazing Grace Worship / YouTube
Hymns,hymns.json,HYMN-100,惟獨祢,7UkwavM5L1E,160865,2026-05-26,removed-under-500k,詩歌,基恩敬拜 Amazing Grace Worship / YouTube
Hymns,hymns.json,HYMN-101,晨曦盼望,Y_MS_mkpvEg,477232,2026-05-26,removed-under-500k,詩歌,角聲使團 The Heralders / YouTube
Hymns,hymns.json,HYMN-102,普天頌讚,BJ2N3Yigx4Q,148307,2026-05-26,removed-under-500k,詩歌,基恩敬拜 Amazing Grace Worship / YouTube
Hymns,hymns.json,HYMN-103,祝福裡的琢磨,cHtpFxzQwmc,465219,2026-05-26,removed-under-500k,詩歌,角聲使團 The Heralders / YouTube
Hymns,hymns.json,HYMN-104,幽谷中的盼望,Bdb2WwLbcy0,450360,2026-05-26,removed-under-500k,詩歌,角聲使團 The Heralders / YouTube
Hymns,hymns.json,HYMN-105,手中的福音,q988hAhwesk,128289,2026-05-26,removed-under-500k,詩歌,HKACM Official 香港基督徒音樂事工協會 / YouTube
Hymns,hymns.json,HYMN-106,伴我前行,5ZGPuIeWr34,118550,2026-05-26,removed-under-500k,詩歌,基恩敬拜 Amazing Grace Worship / YouTube
Hymns,hymns.json,HYMN-107,平安的約,IRkqBJeon6o,353503,2026-05-26,removed-under-500k,詩歌,WN X 玻璃海樂團 X PHOTIC / YouTube
Hymns,hymns.json,HYMN-108,求主助我數算,vBwBLfmFods,336115,2026-05-26,removed-under-500k,詩歌,角聲使團 The Heralders / YouTube
Hymns,hymns.json,HYMN-109,和平之子,O1OPYz0kpOw,101192,2026-05-26,removed-under-500k,詩歌,基恩敬拜 Amazing Grace Worship / YouTube
Hymns,hymns.json,HYMN-110,永活真神,oZUpxd99KXc,96490,2026-05-26,removed-under-500k,詩歌,HKACM Official 香港基督徒音樂事工協會 / YouTube
Hymns,hymns.json,HYMN-111,我渴想,Lkj3QaCInfE,96260,2026-05-26,removed-under-500k,詩歌,HKACM Official 香港基督徒音樂事工協會 / YouTube
Hymns,hymns.json,HYMN-112,祢愛環繞,BVDXDL3B4ak,82817,2026-05-26,removed-under-500k,詩歌,HKACM Official 香港基督徒音樂事工協會 / YouTube
Hymns,hymns.json,HYMN-113,不要憂慮,nF5J6AKOPvk,1522914,2026-05-26,kept,詩歌,同心圓敬拜福音平台 One Circle / YouTube
Hymns,hymns.json,HYMN-114,響應,LQF4zstrYyI,76045,2026-05-26,removed-under-500k,詩歌,HKACM Official 香港基督徒音樂事工協會 / YouTube
Hymns,hymns.json,HYMN-115,如今屈膝,cqkoe3rRbZs,65896,2026-05-26,removed-under-500k,詩歌,HKACM Official 香港基督徒音樂事工協會 / YouTube
Hymns,hymns.json,HYMN-116,日光之上,QTyqM_zFrJw,61988,2026-05-26,removed-under-500k,詩歌,HKACM Official 香港基督徒音樂事工協會 / YouTube
Hymns,hymns.json,HYMN-117,萬人敬拜祢,P5ceSrDWNoU,60714,2026-05-26,removed-under-500k,詩歌,基恩敬拜 Amazing Grace Worship / YouTube
Hymns,hymns.json,HYMN-118,讓愛留痕,oTFIrftKuBg,171430,2026-05-26,removed-under-500k,詩歌,角聲使團 The Heralders / YouTube
Hymns,hymns.json,HYMN-119,原來有祢,Gl5KiBSdhGQ,167576,2026-05-26,removed-under-500k,詩歌,角聲使團 The Heralders / YouTube
Hymns,hymns.json,HYMN-120,絕處中的應許,TeX9AZC1tiw,145353,2026-05-26,removed-under-500k,詩歌,角聲使團 The Heralders / YouTube
Hymns,hymns.json,HYMN-121,我遇見神,C_HdUkhBdLk,131637,2026-05-26,removed-under-500k,詩歌,角聲使團 The Heralders / YouTube
Hymns,hymns.json,HYMN-122,全因基督,KZDoxiqt2kg,82993,2026-05-26,removed-under-500k,詩歌,角聲使團 The Heralders / YouTube
Hymns,hymns.json,HYMN-123,是祢湧流的愛,rnRzxYpRWrw,70706,2026-05-26,removed-under-500k,詩歌,角聲使團 The Heralders / YouTube
Hymns,hymns.json,HYMN-124,傲然前奔,dNh1J9tA6Jk,60864,2026-05-26,removed-under-500k,詩歌,角聲使團 The Heralders / YouTube
Hymns,hymns.json,HYMN-125,光和鹽,pjK7yIRRLt4,374264,2026-05-26,removed-under-500k,詩歌,同心圓敬拜福音平台 One Circle / YouTube
Hymns,hymns.json,HYMN-126,走出曠野,ivCpgsBriFE,365411,2026-05-26,removed-under-500k,詩歌,建道神學院新祢呈敬拜隊 / YouTube
Hymns,hymns.json,HYMN-127,愛叫我勇敢踏前,7tnNbs6kWNk,362810,2026-05-26,removed-under-500k,詩歌,同心圓敬拜福音平台 One Circle / YouTube
Hymns,hymns.json,HYMN-128,信實的確據,ly0_tyC9Hbw,56511,2026-05-26,removed-under-500k,詩歌,角聲使團 The Heralders / YouTube
Hymns,hymns.json,HYMN-129,刻在祢心底的名字,uiEYQz1JY2U,351762,2026-05-26,removed-under-500k,詩歌,鹹蛋音樂事工Salted Egg Music Ministry / YouTube
Hymns,hymns.json,HYMN-130,世上最好的愛,5RWH8V8hMdY,301802,2026-05-26,removed-under-500k,詩歌,同心圓敬拜福音平台 One Circle / YouTube
Hymns,hymns.json,HYMN-131,萬物都有時,fEEbyAQRpAc,264776,2026-05-26,removed-under-500k,詩歌,同心圓敬拜福音平台 One Circle / YouTube
Hymns,hymns.json,HYMN-132,祢坐著為王,rM8djTcpAOA,263209,2026-05-26,removed-under-500k,詩歌,鹹蛋音樂事工Salted Egg Music Ministry / YouTube
Hymns,hymns.json,HYMN-133,同證主美意,yLhL8FkV-Tg,246747,2026-05-26,removed-under-500k,詩歌,建道神學院新祢呈敬拜隊 / YouTube
Hymns,hymns.json,HYMN-134,有神同往,19Goaww-QxU,153652,2026-05-26,removed-under-500k,詩歌,建道神學院新祢呈敬拜隊 / YouTube
Hymns,hymns.json,HYMN-135,耶穌我感謝你,0BgGRnjRckI,141918,2026-05-26,removed-under-500k,詩歌,玻璃海樂團 - Topic / YouTube
Hymns,hymns.json,HYMN-136,沒有可給祢,jX9Yci5-14E,133503,2026-05-26,removed-under-500k,詩歌,同心圓敬拜福音平台 One Circle / YouTube
Hymns,hymns.json,HYMN-137,世代的禱告,EDV4qPXjN8U,123517,2026-05-26,removed-under-500k,詩歌,同心圓敬拜福音平台 One Circle / YouTube
Hymns,hymns.json,HYMN-138,創始成終,pNFI59C3hb0,112577,2026-05-26,removed-under-500k,詩歌,建道神學院新祢呈敬拜隊 / YouTube
Hymns,hymns.json,HYMN-139,四面環繞的恩惠,z7C1DDoEbEk,105392,2026-05-26,removed-under-500k,詩歌,同心圓敬拜福音平台 One Circle / YouTube
Hymns,hymns.json,HYMN-140,轉回,VmfMMEYiOmM,138758,2026-05-26,removed-under-500k,詩歌,鹹蛋音樂事工Salted Egg Music Ministry / YouTube
Hymns,hymns.json,HYMN-141,祂,iZkYu-ofp3Y,71479,2026-05-26,removed-under-500k,詩歌,CantonHymn恢復粵語詩歌敬拜文化運動 / YouTube
Hymns,hymns.json,HYMN-142,我在這裏,IdPJpuvb6qs,65603,2026-05-26,removed-under-500k,詩歌,鹹蛋音樂事工Salted Egg Music Ministry / YouTube
Hymns,hymns.json,HYMN-143,記念我,u0dktayIgBU,61995,2026-05-26,removed-under-500k,詩歌,建道神學院新祢呈敬拜隊 / YouTube
Hymns,hymns.json,HYMN-144,十架下的我,dBE5ieHmfas,61586,2026-05-26,removed-under-500k,詩歌,建道神學院新祢呈敬拜隊 / YouTube
Hymns,hymns.json,HYMN-145,微小,EGHrlNHADAY,58242,2026-05-26,removed-under-500k,詩歌,建道神學院新祢呈敬拜隊 / YouTube
Hymns,hymns.json,HYMN-146,我的日子如何,LM8MdE0Wxn8,56185,2026-05-26,removed-under-500k,詩歌,玻璃海樂團 - Topic / YouTube
Hymns,hymns.json,HYMN-147,全地至高是我主,-gRLvt8SjMM,1382309,2026-05-26,kept,詩歌,角聲使團 The Heralders / YouTube
Hymns,hymns.json,HYMN-148,小小敬拜者,YJDvycMs_Mg,224927,2026-05-26,removed-under-500k,詩歌,HKACM Official 香港基督徒音樂事工協會 / YouTube
Hymns,hymns.json,HYMN-149,神是我這生供應者,VlM0SyPAQNA,164182,2026-05-26,removed-under-500k,詩歌,HKACM Official 香港基督徒音樂事工協會 / YouTube
Hymns,hymns.json,HYMN-150,耶穌恩光,b4T2qQg8vlE,300115,2026-05-26,removed-under-500k,詩歌,HKACM Official 香港基督徒音樂事工協會 / YouTube
Hymns,hymns.json,HYMN-151,牧我一生,QDjUp9K8Wis,140572,2026-05-26,removed-under-500k,詩歌,HKACM Official 香港基督徒音樂事工協會 / YouTube
Hymns,hymns.json,HYMN-152,至高尊貴的祢,HkAczox3JSY,420259,2026-05-26,removed-under-500k,詩歌,角聲使團 The Heralders / YouTube
Hymns,hymns.json,HYMN-153,跟主天際飛,sEdut7P9s-U,264629,2026-05-26,removed-under-500k,詩歌,HKACM Official 香港基督徒音樂事工協會 / YouTube
Hymns,hymns.json,HYMN-154,頌讚主聖名,dpYE5BUpbqE,67858,2026-05-26,removed-under-500k,詩歌,HKACM Official 香港基督徒音樂事工協會 / YouTube
Hymns,hymns.json,HYMN-155,無可相比,EwZK_3t8s2k,66013,2026-05-26,removed-under-500k,詩歌,HKACM Official 香港基督徒音樂事工協會 / YouTube
Hymns,hymns.json,HYMN-156,祢是我神,3ne_YTWSacU,1168294,2026-05-26,kept,詩歌,同心圓敬拜福音平台 One Circle / YouTube
Hymns,hymns.json,HYMN-157,耶和華以勒,_ptl6lbH8pw,778969,2026-05-26,kept,詩歌,同心圓敬拜福音平台 One Circle / YouTube
Hymns,hymns.json,HYMN-158,憑信跨過,Y6CF2cycswU,461665,2026-05-26,removed-under-500k,詩歌,鹹蛋音樂事工Salted Egg Music Ministry / YouTube
Hymns,hymns.json,HYMN-159,抬起我的頭,rliR1n4VXLA,3891213,2026-05-26,kept,詩歌,777Worship 完全的敬拜 | 敬拜中裡合一 | Unity in Worship / YouTube
Hymns,hymns.json,HYMN-160,感謝一生有祢,kF-xR8Z04p4,1508975,2026-05-26,kept,詩歌,Tina K / YouTube
Hymns,hymns.json,HYMN-161,神大愛,O9tcXjy4gao,649510,2026-05-26,kept,詩歌,基恩敬拜 Amazing Grace Worship / YouTube
Hymns,hymns.json,HYMN-162,若有人在基督裡,hr9ZyP1SElE,1627680,2026-05-26,kept,詩歌,KUA GLOBAL 跨越 / YouTube
Hymns,hymns.json,HYMN-163,應許與我同在,DpLyKZvKwfI,251014,2026-05-26,removed-under-500k,詩歌,基恩敬拜 Amazing Grace Worship / YouTube
Hymns,hymns.json,HYMN-164,阿爸這就是祢,M5p_fKpBQDs,1299342,2026-05-26,kept,詩歌,KUA GLOBAL 跨越 / YouTube
Hymns,hymns.json,HYMN-165,願你公義降臨,N-6Zh452v7A,210650,2026-05-26,removed-under-500k,詩歌,玻璃海樂團 - Topic / YouTube
Hymns,hymns.json,HYMN-166,只因愛,Kb8WsI_Cm3o,187904,2026-05-26,removed-under-500k,詩歌,HKACM Official 香港基督徒音樂事工協會 / YouTube
Hymns,hymns.json,HYMN-167,撒種者的愛,kyHz5EskJHg,439923,2026-05-26,removed-under-500k,詩歌,同心圓敬拜福音平台 One Circle / YouTube
Hymns,hymns.json,HYMN-168,美好清晨,NMg1ZZRxfQE,415460,2026-05-26,removed-under-500k,詩歌,777Worship 完全的敬拜 | 敬拜中裡合一 | Unity in Worship / YouTube
Hymns,hymns.json,HYMN-169,登耶和華的山,mOmO9VqtUjA,409257,2026-05-26,removed-under-500k,詩歌,同心圓敬拜福音平台 One Circle / YouTube
Hymns,hymns.json,HYMN-170,天開了,hqGFb0MMBYU,387351,2026-05-26,removed-under-500k,詩歌,777Worship 完全的敬拜 | 敬拜中裡合一 | Unity in Worship / YouTube
Hymns,hymns.json,HYMN-171,耶穌對我真好,0uPp_cuMKhs,339779,2026-05-26,removed-under-500k,詩歌,777Worship 完全的敬拜 | 敬拜中裡合一 | Unity in Worship / YouTube
Hymns,hymns.json,HYMN-172,委身之歌,-NsT1MThql4,323158,2026-05-26,removed-under-500k,詩歌,777Worship 完全的敬拜 | 敬拜中裡合一 | Unity in Worship / YouTube
Hymns,hymns.json,HYMN-173,我心切慕祢,uE6dQlJVg-w,104949,2026-05-26,removed-under-500k,詩歌,基恩敬拜 Amazing Grace Worship / YouTube
Hymns,hymns.json,HYMN-174,海邊的破曉,wiPhymnkZTI,100689,2026-05-26,removed-under-500k,詩歌,角聲使團 The Heralders / YouTube
Hymns,hymns.json,HYMN-175,愛永不止息,EKz6NMV_Dew,348901,2026-05-26,removed-under-500k,詩歌,鹹蛋音樂事工Salted Egg Music Ministry / YouTube
Hymns,hymns.json,HYMN-176,新天地,BvJwg9noFUc,220827,2026-05-26,removed-under-500k,詩歌,777Worship 完全的敬拜 | 敬拜中裡合一 | Unity in Worship / YouTube
Hymns,hymns.json,HYMN-177,讚美三一上帝,IMGWj5XhunY,209960,2026-05-26,removed-under-500k,詩歌,同心圓敬拜福音平台 One Circle / YouTube
Hymns,hymns.json,HYMN-178,一生的福氣(八福),PUyylJH3_eo,284268,2026-05-26,removed-under-500k,詩歌,同心圓敬拜福音平台 One Circle / YouTube
Hymns,hymns.json,HYMN-179,謝謝我主,SS1MN6_24AI,173291,2026-05-26,removed-under-500k,詩歌,同心圓敬拜福音平台 One Circle / YouTube
Hymns,hymns.json,HYMN-180,因為有你,WXbK745YZDo,168326,2026-05-26,removed-under-500k,詩歌,777Worship 完全的敬拜 | 敬拜中裡合一 | Unity in Worship / YouTube
Hymns,hymns.json,HYMN-181,如果世界再沒神蹟,Xtk2NEaT9MQ,65575,2026-05-26,removed-under-500k,詩歌,角聲使團 The Heralders / YouTube
Hymns,hymns.json,HYMN-182,神的眷佑,NpgKrEHfcFo,63575,2026-05-26,removed-under-500k,詩歌,基恩敬拜 Amazing Grace Worship / YouTube
Hymns,hymns.json,HYMN-183,憑信看見,h4F61vDJwcI,63202,2026-05-26,removed-under-500k,詩歌,HKACM Official 香港基督徒音樂事工協會 / YouTube
Hymns,hymns.json,HYMN-184,行步見步,qvz91cyC9hk,144621,2026-05-26,removed-under-500k,詩歌,同心圓敬拜福音平台 One Circle / YouTube
Hymns,hymns.json,HYMN-185,奇異恩典,Y0W7ZHICmR4,343223,2026-05-26,removed-under-500k,詩歌,Wilson Li / YouTube
Hymns,hymns.json,HYMN-186,更新我心,TYUpFlASmes,879128,2026-05-26,kept,詩歌,基恩敬拜 Amazing Grace Worship / YouTube
Hymns,hymns.json,HYMN-187,平安的路,FU72nStYbfk,718025,2026-05-26,kept,詩歌,基恩敬拜 Amazing Grace Worship / YouTube
Hymns,hymns.json,HYMN-188,主禱文(請教導我們禱告),MCTzfPyMyww,1017969,2026-05-26,kept,詩歌,同心圓敬拜福音平台 One Circle / YouTube
Hymns,hymns.json,HYMN-189,詩‧人,Hk3jIt7luCw,174139,2026-05-26,removed-under-500k,詩歌,香港聖詩會 Hong Kong Hymn Society / YouTube
Hymns,hymns.json,HYMN-190,耶穌愛你 耶穌愛我,QDsnn430dyM,102815,2026-05-26,removed-under-500k,詩歌,約書亞教會 / YouTube
Hymns,hymns.json,HYMN-191,引領,_xEoRNudqPU,52471,2026-05-26,removed-under-500k,詩歌,同心圓敬拜福音平台 One Circle / YouTube
Hymns,hymns.json,HYMN-192,重拾,tNbHOkFSMmY,74380,2026-05-26,removed-under-500k,詩歌,Kennex in Jesus / YouTube
Hymns,hymns.json,HYMN-193,祢聽見我,MzP3WLQ1HNo,104511,2026-05-26,removed-under-500k,詩歌,美河熱力 Love Fellowship / YouTube
Hymns,hymns.json,HYMN-194,祢是我的平安,uCA2jOPLXPM,877573,2026-05-26,kept,詩歌,KUA GLOBAL 跨越 / YouTube
Hymns,hymns.json,HYMN-195,野地的花,Y9oecbLEyMI,1978224,2026-05-26,kept,詩歌,Andrew Vlogs / YouTube
Hymns,hymns.json,HYMN-196,我要愛慕祢,2IJbuIeyQog,1781375,2026-05-26,kept,詩歌,KUA GLOBAL 跨越 / YouTube
Hymns,hymns.json,HYMN-197,誰曾應許,McixlPUGPzI,1652302,2026-05-26,kept,詩歌,m2kmusic / YouTube
Hymns,hymns.json,HYMN-198,最真實的我,EKTCoKolC3M,1208687,2026-05-26,kept,詩歌,KUA GLOBAL 跨越 / YouTube
Hymns,hymns.json,HYMN-199,耶穌 超乎萬名的名,jmkKSCC4sMg,452148,2026-05-26,removed-under-500k,詩歌,KUA GLOBAL 跨越 / YouTube
Hymns,hymns.json,HYMN-200,上帝總不撇下我,jnl3izvrzsk,293601,2026-05-26,removed-under-500k,詩歌,基恩敬拜 Amazing Grace Worship / YouTube
Hymns,hymns.json,HYMN-201,陪我渡過,Fzs1uHV0qPQ,1194521,2026-05-26,kept,詩歌,基恩敬拜 Amazing Grace Worship / YouTube
Hymns,hymns.json,HYMN-202,平安,ewpkz5cW7Co,5127261,2026-05-26,kept,詩歌,同心圓敬拜福音平台 One Circle / YouTube
Hymns,hymns.json,HYMN-203,討祢喜悅,sdlFWURyedg,5036751,2026-05-26,kept,詩歌,Son Music 新音樂敬拜創作 / YouTube
Hymns,hymns.json,HYMN-204,更深經歷你,Y8X8JXNbBbI,3267844,2026-05-26,kept,詩歌,777Worship 完全的敬拜 | 敬拜中裡合一 | Unity in Worship / YouTube
Hymns,hymns.json,HYMN-205,從破碎到自由,DGKKkll7Ito,3088518,2026-05-26,kept,詩歌,777Worship 完全的敬拜 | 敬拜中裡合一 | Unity in Worship / YouTube
Hymns,hymns.json,HYMN-206,詩篇23篇,oA4n0NFY79M,2905942,2026-05-26,kept,詩歌,777Worship 完全的敬拜 | 敬拜中裡合一 | Unity in Worship / YouTube
Hymns,hymns.json,HYMN-207,我相信,5VI9-Jrs7L4,2263856,2026-05-26,kept,詩歌,777Worship 完全的敬拜 | 敬拜中裡合一 | Unity in Worship / YouTube
Hymns,hymns.json,HYMN-208,如鷹展翅上驣,yuGN365VAmU,1678800,2026-05-26,kept,詩歌,777Worship 完全的敬拜 | 敬拜中裡合一 | Unity in Worship / YouTube
Hymns,hymns.json,HYMN-209,只願得著你,fQIiRGbfjFU,1432521,2026-05-26,kept,詩歌,777Worship 完全的敬拜 | 敬拜中裡合一 | Unity in Worship / YouTube
Hymns,hymns.json,HYMN-210,祢是我的一切,Vs-XA9QgG34,1342196,2026-05-26,kept,詩歌,KUA GLOBAL 跨越 / YouTube
Hymns,hymns.json,HYMN-211,我等候你,_2spuptYu8w,1333906,2026-05-26,kept,詩歌,777Worship 完全的敬拜 | 敬拜中裡合一 | Unity in Worship / YouTube
Hymns,hymns.json,HYMN-212,耶和華是愛,3xcMbr_c8Ig,1137231,2026-05-26,kept,詩歌,基督徒青草原iGreenpastures / YouTube
Hymns,hymns.json,HYMN-213,永活盼望,KVDpKlkwDVc,1037767,2026-05-26,kept,詩歌,KUA GLOBAL 跨越 / YouTube
Hymns,hymns.json,HYMN-214,全因為你,2AWdsW86LAE,981595,2026-05-26,kept,詩歌,耶穌是主Jesus is Lord / YouTube
Hymns,hymns.json,HYMN-215,偶然遇上的驚喜,rEFmG_RWHhY,931756,2026-05-26,kept,詩歌,m2kmusic / YouTube
Hymns,hymns.json,HYMN-216,是你,Dyak3n8tBPQ,829256,2026-05-26,kept,詩歌,777Worship 完全的敬拜 | 敬拜中裡合一 | Unity in Worship / YouTube
Hymns,hymns.json,HYMN-217,陶造我生命,Oljjte6kSlg,792679,2026-05-26,kept,詩歌,基督徒青草原iGreenpastures / YouTube
Hymns,hymns.json,HYMN-218,新酒,aGBEvngEPns,756800,2026-05-26,kept,詩歌,777Worship 完全的敬拜 | 敬拜中裡合一 | Unity in Worship / YouTube
Hymns,hymns.json,HYMN-219,榮雨降下,_X4wKU2nv_k,747405,2026-05-26,kept,詩歌,Milk&Honey Worship / YouTube
Hymns,hymns.json,HYMN-220,神的帳幕在人間,nfQ_nq9iWfM,740740,2026-05-26,kept,詩歌,WN X 玻璃海樂團 X PHOTIC / YouTube
Hymns,hymns.json,HYMN-221,天父必保守,3UNufUCdxvk,718736,2026-05-26,kept,詩歌,基督徒青草原iGreenpastures / YouTube
Hymns,hymns.json,HYMN-222,愛是不保留,3vP2nR-_xV4,679808,2026-05-26,kept,詩歌,m2kmusic / YouTube
Hymns,hymns.json,HYMN-223,信靠禱告,ghGZkUVS8NE,656777,2026-05-26,kept,詩歌,基恩敬拜 Amazing Grace Worship / YouTube
Hymns,hymns.json,HYMN-224,主禱文,GXD2WdTji0Q,623800,2026-05-26,kept,詩歌,基恩敬拜 Amazing Grace Worship / YouTube
Hymns,hymns.json,HYMN-225,恩典窄路,6aBGG78osSw,615556,2026-05-26,kept,詩歌,基恩敬拜 Amazing Grace Worship / YouTube
Hymns,hymns.json,HYMN-226,路邊的一課,qsQ7YsaeGJU,560977,2026-05-26,kept,詩歌,m2kmusic / YouTube
Hymns,hymns.json,HYMN-227,榮耀神羔羊,RN9qJoXUbMM,551428,2026-05-26,kept,詩歌,777Worship 完全的敬拜 | 敬拜中裡合一 | Unity in Worship / YouTube
Hymns,hymns.json,HYMN-228,渴想祢,-CtV8F4CPFM,514477,2026-05-26,kept,詩歌,Son Music 新音樂敬拜創作 / YouTube
Hymns,hymns.json,HYMN-229,你若相信,MtVBV8rDLOw,507730,2026-05-26,kept,詩歌,777Worship 完全的敬拜 | 敬拜中裡合一 | Unity in Worship / YouTube
Hymns,hymns.json,HYMN-230,此生愛祢不渝,aSYU8bqDzk8,476781,2026-05-26,removed-under-500k,詩歌,777Worship 完全的敬拜 | 敬拜中裡合一 | Unity in Worship / YouTube
Hymns,hymns.json,HYMN-231,得著自由,2dmNgffWfBw,476768,2026-05-26,removed-under-500k,詩歌,Milk&Honey Worship / YouTube
Hymns,hymns.json,HYMN-232,若你能看見,I1zGn2TT5dc,416705,2026-05-26,removed-under-500k,詩歌,m2kmusic / YouTube
Hymns,hymns.json,HYMN-233,垂絲柳樹下,Tx1ikP82udw,410018,2026-05-26,removed-under-500k,詩歌,WN X 玻璃海樂團 X PHOTIC / YouTube
Hymns,hymns.json,HYMN-234,這樣的愛,8Vna7p6p39E,404215,2026-05-26,removed-under-500k,詩歌,m2kmusic / YouTube
Hymns,hymns.json,HYMN-235,足印,KtWYSQdbO04,366916,2026-05-26,removed-under-500k,詩歌,m2kmusic / YouTube
Hymns,hymns.json,HYMN-236,眾城門抬起頭,z4DT_52D7-I,364705,2026-05-26,removed-under-500k,詩歌,777Worship 完全的敬拜 | 敬拜中裡合一 | Unity in Worship / YouTube
Hymns,hymns.json,HYMN-237,彼此相愛,s4fuvnKwnyE,354195,2026-05-26,removed-under-500k,詩歌,基恩敬拜 Amazing Grace Worship / YouTube
Hymns,hymns.json,HYMN-238,祝福,1lMFpLKFdpA,351582,2026-05-26,removed-under-500k,詩歌,KUA GLOBAL 跨越 / YouTube
Hymns,hymns.json,HYMN-239,因為祢先愛我們,bhTftWWTHSA,348505,2026-05-26,removed-under-500k,詩歌,基恩敬拜 Amazing Grace Worship / YouTube
Hymns,hymns.json,HYMN-240,詩23,R5zeexTZTn8,346470,2026-05-26,removed-under-500k,詩歌,同心圓敬拜福音平台 One Circle / YouTube
Hymns,hymns.json,HYMN-241,一生在神手裡,28O8_1WTuN8,338990,2026-05-26,removed-under-500k,詩歌,基恩敬拜 Amazing Grace Worship / YouTube
Hymns,hymns.json,HYMN-242,天父必看顧你,jsXTULlh9co,331081,2026-05-26,removed-under-500k,詩歌,Wilson Li / YouTube
Hymns,hymns.json,HYMN-243,我信愛是恆久,QMM0iLM6Ag8,329381,2026-05-26,removed-under-500k,詩歌,m2kmusic / YouTube
Hymns,hymns.json,HYMN-244,願主愛圍繞你,L-yO__V_X9g,322207,2026-05-26,removed-under-500k,詩歌,基恩敬拜 Amazing Grace Worship / YouTube
Hymns,hymns.json,HYMN-245,頌讚全能上帝,_xmbhj8iXpE,317713,2026-05-26,removed-under-500k,詩歌,基督徒青草原iGreenpastures / YouTube
Hymns,hymns.json,HYMN-246,轉向祢,m65svbeETYc,147393,2026-05-26,removed-under-500k,詩歌,HKACM Official 香港基督徒音樂事工協會 / YouTube
Hymns,hymns.json,HYMN-247,角聲使團,6zFeCqS7SG0,293128,2026-05-26,removed-under-500k,詩歌,Kenneth Ng / YouTube
Hymns,hymns.json,HYMN-248,呼喊,L839W3RAEBU,291412,2026-05-26,removed-under-500k,詩歌,Milk&Honey Worship / YouTube
Hymns,hymns.json,HYMN-249,我信,bTXgc8mKvyU,290770,2026-05-26,removed-under-500k,詩歌,基恩敬拜 Amazing Grace Worship / YouTube
Hymns,hymns.json,HYMN-250,寶貴恩典,MgEN6brIjng,281632,2026-05-26,removed-under-500k,詩歌,基恩敬拜 Amazing Grace Worship / YouTube
Hymns,hymns.json,HYMN-251,主如明亮晨星,4xB1R8KSSCk,277075,2026-05-26,removed-under-500k,詩歌,Wilson Li / YouTube
Hymns,hymns.json,HYMN-252,神悅納人的禧年,WmyhixDO0o4,275807,2026-05-26,removed-under-500k,詩歌,WN X 玻璃海樂團 X PHOTIC / YouTube
Hymns,hymns.json,HYMN-253,生命有價,gnl8eWG6vAs,274329,2026-05-26,removed-under-500k,詩歌,m2kmusic / YouTube
Hymns,hymns.json,HYMN-254,我該拿甚麼報答祢,jQMexGA877k,265666,2026-05-26,removed-under-500k,詩歌,同心圓敬拜福音平台 One Circle / YouTube
Hymns,hymns.json,HYMN-255,神羔羊配得,vdOqa8AUmEQ,255707,2026-05-26,removed-under-500k,詩歌,KUA GLOBAL 跨越 / YouTube
Hymns,hymns.json,HYMN-256,復活的主,Rlt3SbnMSH0,255534,2026-05-26,removed-under-500k,詩歌,基恩敬拜 Amazing Grace Worship / YouTube
Hymns,hymns.json,HYMN-257,舉手讚頌,HNXINx15LMw,254115,2026-05-26,removed-under-500k,詩歌,基恩敬拜 Amazing Grace Worship / YouTube
Hymns,hymns.json,HYMN-258,恩典已降臨,tXDPaP7cK2Q,251811,2026-05-26,removed-under-500k,詩歌,777Worship 完全的敬拜 | 敬拜中裡合一 | Unity in Worship / YouTube
Hymns,hymns.json,HYMN-259,我的生命在乎祢,c1q1buTMues,241350,2026-05-26,removed-under-500k,詩歌,777Worship 完全的敬拜 | 敬拜中裡合一 | Unity in Worship / YouTube
Hymns,hymns.json,HYMN-260,"一 ""傳承使命""",v7qaWyPz9p8,113999,2026-05-26,removed-under-500k,詩歌,HKACM Official 香港基督徒音樂事工協會 / YouTube
Hymns,hymns.json,HYMN-261,從那日出之處到日落那方,H-WJNNKnfE0,231698,2026-05-26,removed-under-500k,詩歌,建道神學院新祢呈敬拜隊 / YouTube
Hymns,hymns.json,HYMN-262,神恩典夠我用,vjs3xUvpDDc,221154,2026-05-26,removed-under-500k,詩歌,同心圓敬拜福音平台 One Circle / YouTube
Hymns,hymns.json,HYMN-263,退到曠野為要看到祢,qLS_Uxab3MM,213021,2026-05-26,removed-under-500k,詩歌,Milk&Honey Worship / YouTube
Hymns,hymns.json,HYMN-264,祝福我家,9FWfBPGCqS8,210366,2026-05-26,removed-under-500k,詩歌,基恩敬拜 Amazing Grace Worship / YouTube
Hymns,hymns.json,HYMN-265,愛的真諦,fMBl5WNaglg,210014,2026-05-26,removed-under-500k,詩歌,m2kmusic / YouTube
Hymns,hymns.json,HYMN-266,小鳥再飛,w8zucHubD9o,207812,2026-05-26,removed-under-500k,詩歌,基恩敬拜 Amazing Grace Worship / YouTube
Hymns,hymns.json,HYMN-267,主賜平安,vWXk9c0k8Y4,206280,2026-05-26,removed-under-500k,詩歌,基恩敬拜 Amazing Grace Worship / YouTube
Hymns,hymns.json,HYMN-268,當我進入祂的門,T8Du0DU1P4o,204227,2026-05-26,removed-under-500k,詩歌,777Worship 完全的敬拜 | 敬拜中裡合一 | Unity in Worship / YouTube
Hymns,hymns.json,HYMN-269,願我屈膝祢跟前,7vfVZX7DZm8,203996,2026-05-26,removed-under-500k,詩歌,m2kmusic / YouTube
Hymns,hymns.json,HYMN-270,神的愛使我們相聚,8U51Mvi3WsU,203751,2026-05-26,removed-under-500k,詩歌,777Worship 完全的敬拜 | 敬拜中裡合一 | Unity in Worship / YouTube
Hymns,hymns.json,HYMN-271,求主垂憐,2SXcwDdx9Y4,202826,2026-05-26,removed-under-500k,詩歌,KUA GLOBAL 跨越 / YouTube
Hymns,hymns.json,HYMN-272,神坐著為王,r9CSDh-MqKA,199803,2026-05-26,removed-under-500k,詩歌,讚美的時刻 / YouTube
Hymns,hymns.json,HYMN-273,他名是耶稣,plcpKmW0Ypk,194960,2026-05-26,removed-under-500k,詩歌,HTBBChurch / YouTube
Hymns,hymns.json,HYMN-274,一生讚美祢,yRqg084NW1Q,190173,2026-05-26,removed-under-500k,詩歌,基恩敬拜 Amazing Grace Worship / YouTube
Hymns,hymns.json,HYMN-275,伴我跨過,IRshS8mIwkM,188971,2026-05-26,removed-under-500k,詩歌,基恩敬拜 Amazing Grace Worship / YouTube
Hymns,hymns.json,HYMN-276,主的恩典,U0K-lNJGMuA,180912,2026-05-26,removed-under-500k,詩歌,基恩敬拜 Amazing Grace Worship / YouTube
Hymns,hymns.json,HYMN-277,尋回,FencM5WJJk0,180907,2026-05-26,removed-under-500k,詩歌,基恩敬拜 Amazing Grace Worship / YouTube
Hymns,hymns.json,HYMN-278,信心的宣告,h8SqGnuCabI,179512,2026-05-26,removed-under-500k,詩歌,基恩敬拜 Amazing Grace Worship / YouTube
Hymns,hymns.json,HYMN-279,主啊 我們也要,tKjq-ZwlC5A,179168,2026-05-26,removed-under-500k,詩歌,777Worship 完全的敬拜 | 敬拜中裡合一 | Unity in Worship / YouTube
Hymns,hymns.json,HYMN-280,合一的心,Vv-rbq5KI4I,170776,2026-05-26,removed-under-500k,詩歌,基恩敬拜 Amazing Grace Worship / YouTube
Hymns,hymns.json,HYMN-281,同路有您,SDr0X5OletM,167819,2026-05-26,removed-under-500k,詩歌,同心圓敬拜福音平台 One Circle / YouTube
Hymns,hymns.json,HYMN-282,祢永不改變,aYVCc8NrB6s,166094,2026-05-26,removed-under-500k,詩歌,KUA GLOBAL 跨越 / YouTube
Hymns,hymns.json,HYMN-283,信就有希望,IUu_UTpwzW8,164029,2026-05-26,removed-under-500k,詩歌,同心圓敬拜福音平台 One Circle / YouTube
Hymns,hymns.json,HYMN-284,晝夜思想,f7CdZaph24g,163698,2026-05-26,removed-under-500k,詩歌,同心圓敬拜福音平台 One Circle / YouTube
Hymns,hymns.json,HYMN-285,獻上頌讚,pRVWSHzFckc,163571,2026-05-26,removed-under-500k,詩歌,讚美的時刻 / YouTube
Hymns,hymns.json,HYMN-286,讓我親近你,RAgIkORQkK0,162348,2026-05-26,removed-under-500k,詩歌,讚美的時刻 / YouTube
Hymns,hymns.json,HYMN-287,除你以外,phKaVw_n3S4,159225,2026-05-26,removed-under-500k,詩歌,讚美的時刻 / YouTube
Hymns,hymns.json,HYMN-288,同心圓,Htz3o37cx9w,157345,2026-05-26,removed-under-500k,詩歌,同心圓敬拜福音平台 One Circle / YouTube
Hymns,hymns.json,HYMN-289,世界最美的聲音,WmHPeyoj1WQ,153404,2026-05-26,removed-under-500k,詩歌,同心圓敬拜福音平台 One Circle / YouTube
Hymns,hymns.json,HYMN-290,忠心至死,3Ln6-I8E5lU,72745,2026-05-26,removed-under-500k,詩歌,HKACM Official 香港基督徒音樂事工協會 / YouTube
Hymns,hymns.json,HYMN-291,祢是誰,qnniqZQDWD4,71649,2026-05-26,removed-under-500k,詩歌,HKACM Official 香港基督徒音樂事工協會 / YouTube
Hymns,hymns.json,HYMN-292,雲彩,ksLaPPu8o9c,147730,2026-05-26,removed-under-500k,詩歌,m2kmusic / YouTube
Hymns,hymns.json,HYMN-293,至於我和我家,G2-D3r9Go4U,142629,2026-05-26,removed-under-500k,詩歌,同心圓敬拜福音平台 One Circle / YouTube
Hymns,hymns.json,HYMN-294,良牧,WTLfvH1Ckrg,137358,2026-05-26,removed-under-500k,詩歌,基恩敬拜 Amazing Grace Worship / YouTube
Hymns,hymns.json,HYMN-295,明天祢為我掌舵,VAGUmX6hEZQ,136510,2026-05-26,removed-under-500k,詩歌,基恩敬拜 Amazing Grace Worship / YouTube
Hymns,hymns.json,HYMN-296,讓我高飛,xOG8hijO2AQ,136208,2026-05-26,removed-under-500k,詩歌,m2kmusic / YouTube
Hymns,hymns.json,HYMN-297,讚美,lscka_0F9UQ,134147,2026-05-26,removed-under-500k,詩歌,Jennifer Poon / YouTube
Hymns,hymns.json,HYMN-298,主喜悅的事,DeoZYai7BRM,133752,2026-05-26,removed-under-500k,詩歌,m2kmusic / YouTube
Hymns,hymns.json,HYMN-299,結伴同行,7-ToQ0RE9kM,129510,2026-05-26,removed-under-500k,詩歌,基恩敬拜 Amazing Grace Worship / YouTube
Hymns,hymns.json,HYMN-300,有了祢異象,hGx7mYfRJEo,128679,2026-05-26,removed-under-500k,詩歌,m2kmusic / YouTube
Hymns,hymns.json,HYMN-301,獨一拯救,NGQseHznzDM,125492,2026-05-26,removed-under-500k,詩歌,Son Music 新音樂敬拜創作 / YouTube
Hymns,hymns.json,HYMN-302,獻上,NTiAthwhXBU,123150,2026-05-26,removed-under-500k,詩歌,基恩敬拜 Amazing Grace Worship / YouTube
Hymns,hymns.json,HYMN-303,獻上感謝,x7kX1lAdWAc,121285,2026-05-26,removed-under-500k,詩歌,基恩敬拜 Amazing Grace Worship / YouTube
Hymns,hymns.json,HYMN-304,放下,on70bQYbsgE,121023,2026-05-26,removed-under-500k,詩歌,flow church 流堂 / YouTube
Hymns,hymns.json,HYMN-305,我寧願有耶穌,l8brUqNFK28,120441,2026-05-26,removed-under-500k,詩歌,Wilson Li / YouTube
Hymns,hymns.json,HYMN-306,相信祢,mR2WWSA2EgQ,57274,2026-05-26,removed-under-500k,詩歌,HKACM Official 香港基督徒音樂事工協會 / YouTube
Hymns,hymns.json,HYMN-307,千迴,9HImTljgVjA,55398,2026-05-26,removed-under-500k,詩歌,HKACM Official 香港基督徒音樂事工協會 / YouTube
Hymns,hymns.json,HYMN-308,只要祝福,XPRpTQfxLDU,115209,2026-05-26,removed-under-500k,詩歌,同心圓敬拜福音平台 One Circle / YouTube
Hymns,hymns.json,HYMN-309,一根刺,SlMQPln97lQ,114789,2026-05-26,removed-under-500k,詩歌,flow church 流堂 / YouTube
Hymns,hymns.json,HYMN-310,祢信實何廣大,K8JLOx3jxoc,113219,2026-05-26,removed-under-500k,詩歌,Wilson Li / YouTube
Hymns,hymns.json,HYMN-311,願主的愛與你同在,5H3cZVHZl8M,111914,2026-05-26,removed-under-500k,詩歌,Wilson Li / YouTube
Hymns,hymns.json,HYMN-312,與你同行,0p4ZQZkv2Dc,108970,2026-05-26,removed-under-500k,詩歌,m2kmusic / YouTube
Hymns,hymns.json,HYMN-313,禱告的距離,W0h-8n-u3UE,107666,2026-05-26,removed-under-500k,詩歌,flow church 流堂 / YouTube
Hymns,hymns.json,HYMN-314,不要憂慮2024組曲,c3mX0qJyJXk,107449,2026-05-26,removed-under-500k,詩歌,同心圓敬拜福音平台 One Circle / YouTube
Hymns,hymns.json,HYMN-315,為何揀選我,yJBM6Twi2O0,106740,2026-05-26,removed-under-500k,詩歌,m2kmusic / YouTube
Hymns,hymns.json,HYMN-316,吃苦開荒,gy5XAMOGOeI,105817,2026-05-26,removed-under-500k,詩歌,建道神學院新祢呈敬拜隊 / YouTube
Hymns,hymns.json,HYMN-317,誰伴我前行,n45Lx8J-FJg,104898,2026-05-26,removed-under-500k,詩歌,m2kmusic / YouTube
Hymns,hymns.json,HYMN-318,這樣愛我,hjzj4LYa7eU,103603,2026-05-26,removed-under-500k,詩歌,基恩敬拜 Amazing Grace Worship / YouTube
Hymns,hymns.json,HYMN-319,原來是耶穌,5-1o3X2liNc,103077,2026-05-26,removed-under-500k,詩歌,m2kmusic / YouTube
Hymns,hymns.json,HYMN-320,全心敬拜 團契遊樂園10 耶穌,ERi5fEsrQnM,99620,2026-05-26,removed-under-500k,詩歌,m2kmusic / YouTube
Hymns,hymns.json,HYMN-321,神為我爭戰,P-Imy8_cBnI,96048,2026-05-26,removed-under-500k,詩歌,基恩敬拜 Amazing Grace Worship / YouTube
Hymns,hymns.json,HYMN-322,危難幽谷,l8j2LxvL1Po,95857,2026-05-26,removed-under-500k,詩歌,基恩敬拜 Amazing Grace Worship / YouTube
Hymns,hymns.json,HYMN-323,神使我喜笑﹣以撒,pz4bc82bDkY,95261,2026-05-26,removed-under-500k,詩歌,m2kmusic / YouTube
Hymns,hymns.json,HYMN-324,你是彌賽亞,8NEZ6YvmVTk,94713,2026-05-26,removed-under-500k,詩歌,讚美的時刻 / YouTube
Hymns,hymns.json,HYMN-325,沒再所求,tqigieJVp8E,92935,2026-05-26,removed-under-500k,詩歌,同心圓敬拜福音平台 One Circle / YouTube
Hymns,hymns.json,HYMN-326,祢卻長存,SzUhOZAK3Nk,89767,2026-05-26,removed-under-500k,詩歌,角聲使團 The Heralders / YouTube
Hymns,hymns.json,HYMN-327,新生命,2AqF3qQu6Fc,85864,2026-05-26,removed-under-500k,詩歌,基恩敬拜 Amazing Grace Worship / YouTube
Hymns,hymns.json,HYMN-328,讓我愛,j1Taf8gk0kA,84534,2026-05-26,removed-under-500k,詩歌,m2kmusic / YouTube
Hymns,hymns.json,HYMN-329,真愛,Nxm8YYGTpOE,83009,2026-05-26,removed-under-500k,詩歌,Gwyneth Shum / YouTube
Hymns,hymns.json,HYMN-330,詩90 (求教導我怎數算自己的日子),rPBIATKkn18,82723,2026-05-26,removed-under-500k,詩歌,同心圓敬拜福音平台 One Circle / YouTube
Hymns,hymns.json,HYMN-331,必得見光,AgpTmGKMRGc,82066,2026-05-26,removed-under-500k,詩歌,基恩敬拜 Amazing Grace Worship / YouTube
Hymns,hymns.json,HYMN-332,平靜禱文,htJJmLeQAZM,82000,2026-05-26,removed-under-500k,詩歌,建道神學院新祢呈敬拜隊 / YouTube
Hymns,hymns.json,HYMN-333,恩典的暴風,H2MdsUc1SHE,77747,2026-05-26,removed-under-500k,詩歌,基恩敬拜 Amazing Grace Worship / YouTube
Hymns,hymns.json,HYMN-334,主愛無價,MirI67EahPw,77269,2026-05-26,removed-under-500k,詩歌,基督徒青草原iGreenpastures / YouTube
Hymns,hymns.json,HYMN-335,一生一世同在,UXa90knhz9M,77185,2026-05-26,removed-under-500k,詩歌,同心圓敬拜福音平台 One Circle / YouTube
Hymns,hymns.json,HYMN-336,俯伏敬拜祢,wyC58S7-EPI,76712,2026-05-26,removed-under-500k,詩歌,基恩敬拜 Amazing Grace Worship / YouTube
Hymns,hymns.json,HYMN-337,奇妙作为,eYQeV5ZU9WM,75735,2026-05-26,removed-under-500k,詩歌,HTBBChurch / YouTube
Hymns,hymns.json,HYMN-338,價值連城,6FrAsILUr7Y,73450,2026-05-26,removed-under-500k,詩歌,同心圓敬拜福音平台 One Circle / YouTube
Hymns,hymns.json,HYMN-339,祢是我唯一的信念,6c4DO3pFFm4,72660,2026-05-26,removed-under-500k,詩歌,同心圓敬拜福音平台 One Circle / YouTube
Hymns,hymns.json,HYMN-340,飄流日記,ZXtrbVXw-sU,72600,2026-05-26,removed-under-500k,詩歌,m2kmusic / YouTube
Hymns,hymns.json,HYMN-341,天父必看顧我,38m_DlvuF0U,72489,2026-05-26,removed-under-500k,詩歌,KUA GLOBAL 跨越 / YouTube
Hymns,hymns.json,HYMN-342,從亙古到永遠,HTbjglnML_Q,4505980,2026-05-26,kept,詩歌,777Worship 完全的敬拜 | 敬拜中裡合一 | Unity in Worship / YouTube
Hymns,hymns.json,HYMN-343,從不丟棄我,FdU55Jj_WrA,123124,2026-05-26,removed-under-500k,詩歌,基恩敬拜 Amazing Grace Worship / YouTube
Hymns,hymns.json,HYMN-344,在祢座前,VA7cUGj1K88,114832,2026-05-26,removed-under-500k,詩歌,同心圓敬拜福音平台 One Circle / YouTube
Hymns,hymns.json,HYMN-345,活出所信,21kibPDv9Lg,71260,2026-05-26,removed-under-500k,詩歌,基恩敬拜 Amazing Grace Worship / YouTube
Hymns,hymns.json,HYMN-346,祢恩手永在,GGkSKq-lPec,71139,2026-05-26,removed-under-500k,詩歌,角聲使團 The Heralders / YouTube
Hymns,hymns.json,HYMN-347,玻璃海,-IN7L9R6DFE,70798,2026-05-26,removed-under-500k,詩歌,WN X 玻璃海樂團 X PHOTIC / YouTube
Hymns,hymns.json,HYMN-348,願您平安,5Tq6zTgQSMU,69564,2026-05-26,removed-under-500k,詩歌,基恩敬拜 Amazing Grace Worship - Topic / YouTube
Hymns,hymns.json,HYMN-349,靠著耶穌得勝,BDG1mSVnzYk,5466642,2026-05-26,kept,詩歌,777Worship 完全的敬拜 | 敬拜中裡合一 | Unity in Worship / YouTube
Hymns,hymns.json,HYMN-350,耶和華祝福滿滿,OD7Pvwz4cjY,4828059,2026-05-26,kept,詩歌,daizee12345 / YouTube
Hymns,hymns.json,HYMN-351,凡事都有神的美意,_bfbAH_fuog,6280639,2026-05-26,kept,詩歌,Chandy楊千蒂 / YouTube
Hymns,hymns.json,HYMN-352,十架犧牲的愛,Sh4wV3nsNPs,5098629,2026-05-26,kept,詩歌,Nicole Ng / YouTube
Hymns,hymns.json,HYMN-353,十字架、十字架,HQncR2It1Cw,700679,2026-05-26,kept,詩歌,ChicagoCCC / YouTube
Hymns,hymns.json,HYMN-354,仍能讚美,lxf0GZI1XB0,608301,2026-05-26,kept,詩歌,敬拜計劃 Worship Project / YouTube
Hymns,hymns.json,HYMN-355,祢真偉大,V1LRpbz25SY,67659,2026-05-26,removed-under-500k,詩歌,新心音樂事工 New Heart Music Ministries / YouTube
Hymns,hymns.json,HYMN-356,成為神蹟的器皿,zYHUxoykI7w,111143,2026-05-26,removed-under-500k,詩歌,生命河靈糧堂 / YouTube
Hymns,hymns.json,HYMN-357,榮耀的呼召,v5wnpajW6jo,1112792,2026-05-26,kept,詩歌,讚美之泉 Stream Of Praise Music Ministries / YouTube
Hymns,hymns.json,HYMN-358,阿爸天父,KE8X-sG64nk,1270920,2026-05-26,kept,詩歌,讚美之泉 Stream Of Praise Music Ministries / YouTube
Hymns,hymns.json,HYMN-359,何等恩典,u2M-zzt1Whc,4920087,2026-05-26,kept,詩歌,讚美之泉 Stream Of Praise Music Ministries / YouTube
Hymns,hymns.json,HYMN-360,從這代到那代,kNnZXzsNYPo,895164,2026-05-26,kept,詩歌,讚美之泉 Stream Of Praise Music Ministries / YouTube
Hymns,hymns.json,HYMN-361,恩典之路,YaJ5gof0YNQ,1561318,2026-05-26,kept,詩歌,讚美之泉 Stream Of Praise Music Ministries / YouTube
Hymns,hymns.json,HYMN-362,愛中相遇,Muq6RNaLjgU,1337969,2026-05-26,kept,詩歌,讚美之泉 Stream Of Praise Music Ministries / YouTube
Hymns,hymns.json,HYMN-363,愛有多少,SLnz3WWVAOA,53809,2026-05-26,removed-under-500k,詩歌,天韻合唱團 Heavenly Melody / YouTube
Hymns,hymns.json,HYMN-364,獻上活祭,OcfKXc6pItA,67123,2026-05-26,removed-under-500k,詩歌,GOOD TV DAILY / YouTube
Hymns,hymns.json,HYMN-365,耶穌！耶穌！,kWvRXBLI0uk,515666,2026-05-26,kept,詩歌,讚美之泉 Stream Of Praise Music Ministries / YouTube
Hymns,hymns.json,HYMN-366,願祢的話,9Qjy1gKQ4dA,477714,2026-05-26,removed-under-500k,詩歌,Vivian Huang / YouTube
Hymns,hymns.json,HYMN-367,唯有耶穌,cMFGl4jAp_w,316045,2026-05-26,removed-under-500k,詩歌,9234 san / YouTube
Hymns,hymns.json,HYMN-368,在祢手中,_YpwaY6KY_Y,126237,2026-05-26,removed-under-500k,詩歌,Joshua Band 約書亞樂團 / YouTube
Hymns,hymns.json,HYMN-369,寶貴十架,0YJZUyVOQVY,5699828,2026-05-26,kept,詩歌,讚美之泉 Stream Of Praise Music Ministries / YouTube
Hymns,hymns.json,HYMN-370,愛就是,aphnxDaW39Q,50508,2026-05-26,removed-under-500k,詩歌,iTabernacle.net會幕文化 / YouTube
Hymns,hymns.json,HYMN-371,是我一生的呼召,lspZOQhpu30,539767,2026-05-26,kept,詩歌,讚美之泉 Stream Of Praise Music Ministries / YouTube
Hymns,hymns.json,HYMN-372,真光普照,BDIPIamUqEE,78880,2026-05-26,removed-under-500k,詩歌,ekmanson / YouTube
Hymns,hymns.json,HYMN-373,耶穌愛我,6vAILBz8cgo,252359,2026-05-26,removed-under-500k,詩歌,活水囝仔 / YouTube
Hymns,hymns.json,HYMN-374,陪我走過春夏秋冬,AjL3gfY9SOA,8935415,2026-05-26,kept,詩歌,joehuang90 / YouTube
Hymns,hymns.json,HYMN-375,一生敬拜祢,nGzADKIDf4A,1704745,2026-05-26,kept,詩歌,讚美之泉 Stream Of Praise Music Ministries / YouTube
Hymns,hymns.json,HYMN-376,願祢崇高,kX0u2irJc4c,174949,2026-05-26,removed-under-500k,詩歌,Mii / YouTube
Hymns,hymns.json,HYMN-377,人算甚麼,_nILV6V0NSc,292633,2026-05-26,removed-under-500k,詩歌,GraceSong79 / YouTube
Hymns,hymns.json,HYMN-378,住在祢裡面,IKGazOdWmH4,1015698,2026-05-26,kept,詩歌,讚美之泉 Stream Of Praise Music Ministries / YouTube
Hymns,hymns.json,HYMN-379,勇敢走出去,w43QIZ79YbY,837966,2026-05-26,kept,詩歌,讚美之泉 Stream Of Praise Music Ministries / YouTube
Hymns,hymns.json,HYMN-380,復興聖潔,K3ibf2AjR3U,897288,2026-05-26,kept,詩歌,讚美之泉 Stream Of Praise Music Ministries / YouTube
Hymns,hymns.json,HYMN-381,我需要有祢在我生命中,u_R17ihiM44,975779,2026-05-26,kept,詩歌,Rick詩歌庫 / YouTube
Hymns,hymns.json,HYMN-382,十架的愛,dfVQ2nbrPnM,9079684,2026-05-26,kept,詩歌,讚美之泉 Stream Of Praise Music Ministries / YouTube
Hymns,hymns.json,HYMN-383,在至高之處,azxcXb-7TfA,661910,2026-05-26,kept,詩歌,讚美之泉 Stream Of Praise Music Ministries / YouTube
Hymns,hymns.json,HYMN-384,基督是主,HMIRMam_CqY,60145,2026-05-26,removed-under-500k,詩歌,Y H / YouTube
Hymns,hymns.json,HYMN-385,我全然獻上,zPw4JLB_AJ4,1351665,2026-05-26,kept,詩歌,讚美之泉 Stream Of Praise Music Ministries / YouTube
Hymns,hymns.json,HYMN-386,我的生命獻給祢,x5elrTM-t6k,4126149,2026-05-26,kept,詩歌,讚美之泉 Stream Of Praise Music Ministries / YouTube
Hymns,hymns.json,HYMN-387,我要一心稱謝祢,Ai5QugWvJwg,473677,2026-05-26,removed-under-500k,詩歌,讚美之泉 Stream Of Praise Music Ministries / YouTube
Hymns,hymns.json,HYMN-388,救贖的恩典,WxrAYIaLQOk,1964185,2026-05-26,kept,詩歌,讚美之泉 Stream Of Praise Music Ministries / YouTube
Hymns,hymns.json,HYMN-389,新耶路撒冷,PO0-QmW54kI,1479884,2026-05-26,kept,詩歌,讚美之泉 Stream Of Praise Music Ministries / YouTube
Hymns,hymns.json,HYMN-390,普世歡騰,1UKYcSzroio,760684,2026-05-26,kept,詩歌,天韻合唱團 Heavenly Melody / YouTube
Hymns,hymns.json,HYMN-391,最大的福分,bqKLaKS-C9I,344767,2026-05-26,removed-under-500k,詩歌,讚美之泉 Stream Of Praise Music Ministries / YouTube
Hymns,hymns.json,HYMN-392,有福的國,tEe5su-O25Q,98402,2026-05-26,removed-under-500k,詩歌,天韻合唱團 Heavenly Melody / YouTube
Hymns,hymns.json,HYMN-393,榮耀歸於真神,Hd5CF76Qe1Q,148326,2026-05-26,removed-under-500k,詩歌,Grace Music / YouTube
Hymns,hymns.json,HYMN-394,如鹿切慕溪水,NHwHhEWEG_0,820669,2026-05-26,kept,詩歌,開路者視頻 Kairos Media / YouTube
Hymns,hymns.json,HYMN-395,對我說話,7NhRgi_Bccc,155055,2026-05-26,removed-under-500k,詩歌,天韻合唱團 Heavenly Melody / YouTube
Hymns,hymns.json,HYMN-396,我們呼求,CigLPfxQ7Sc,12398725,2026-05-26,kept,詩歌,讚美之泉 Stream Of Praise Music Ministries / YouTube
Hymns,hymns.json,HYMN-397,耶和華是我的牧者,hA9ulk2JVjU,104017,2026-05-26,removed-under-500k,詩歌,水流之音聖樂團SOLSO / YouTube
Hymns,hymns.json,HYMN-398,讓讚美飛揚,LAokJhXevr8,793088,2026-05-26,kept,詩歌,讚美之泉 Stream Of Praise Music Ministries / YouTube
Hymns,hymns.json,HYMN-399,生命活水充滿我,dD3-QDAOnMg,6836373,2026-05-26,kept,詩歌,讚美之泉 Stream Of Praise Music Ministries / YouTube
Hymns,hymns.json,HYMN-400,當轉眼仰望耶穌,ByzWCbDQzQQ,292093,2026-05-26,removed-under-500k,詩歌,GOOD TV DAILY / YouTube
Hymns,hymns.json,HYMN-401,祢的慈愛,CtEmco5_7Ys,167002,2026-05-26,removed-under-500k,詩歌,讚美之泉 Stream Of Praise Music Ministries / YouTube
Hymns,hymns.json,HYMN-402,耶和華祢是我的神,y3QzV2WE-qw,8393596,2026-05-26,kept,詩歌,讚美之泉 Stream Of Praise Music Ministries / YouTube
Hymns,hymns.json,HYMN-403,耶穌愛你,OSjjpGHiozM,1085047,2026-05-26,kept,詩歌,讚美之泉 Stream Of Praise Music Ministries / YouTube
Hymns,hymns.json,HYMN-404,萬物的結局近了,9b4BNQLj06A,188187,2026-05-26,removed-under-500k,詩歌,dsan36 / YouTube
Hymns,hymns.json,HYMN-405,萬福源頭,Qy85IAWenIs,225436,2026-05-26,removed-under-500k,詩歌,chinglianglee / YouTube
Hymns,hymns.json,HYMN-406,我能給祢什麼,ozwcBC4Or8o,381630,2026-05-26,removed-under-500k,詩歌,讚美之泉 Stream Of Praise Music Ministries / YouTube
Hymns,hymns.json,HYMN-407,擁戴耶穌為王,7FdnLj7hZvM,207158,2026-05-26,removed-under-500k,詩歌,生命河 ROLCC Media / YouTube
Hymns,hymns.json,HYMN-408,新的異象,mHSSuQA3LQo,5243016,2026-05-26,kept,詩歌,讚美之泉 Stream Of Praise Music Ministries / YouTube
Hymns,hymns.json,HYMN-409,神是我們的避難所,remr_E98swY,87609,2026-05-26,removed-under-500k,詩歌,Joseph / YouTube
Hymns,hymns.json,HYMN-410,萬王之王,SlIyPb3siHM,188039,2026-05-26,removed-under-500k,詩歌,旌旗音樂 Banner Music / YouTube
Hymns,hymns.json,HYMN-411,讓我得見祢的榮面,jvI7dY6Mz-0,4737615,2026-05-26,kept,詩歌,讚美之泉 Stream Of Praise Music Ministries / YouTube
Hymns,hymns.json,HYMN-412,讚美中信心不斷升起,yFQn424qMKg,2760938,2026-05-26,kept,詩歌,讚美之泉 Stream Of Praise Music Ministries / YouTube
Hymns,hymns.json,HYMN-413,這一生最美的祝福,tPf7Ig1ebL4,5637083,2026-05-26,kept,詩歌,讚美之泉 Stream Of Praise Music Ministries / YouTube
Hymns,hymns.json,HYMN-414,願祢國度降臨,5QmE9psO71g,1804942,2026-05-26,kept,詩歌,讚美之泉 Stream Of Praise Music Ministries / YouTube
Hymns,hymns.json,HYMN-415,一生愛祢,fgHBHUPiaJI,1578075,2026-05-26,kept,詩歌,讚美之泉 Stream Of Praise Music Ministries / YouTube
Hymns,hymns.json,HYMN-416,一群大能的子民,dat7ws5RgZQ,90999,2026-05-26,removed-under-500k,詩歌,jamesbox138 / YouTube
Hymns,hymns.json,HYMN-417,上帝聽禱告,GoVnszF3TmM,784080,2026-05-26,kept,詩歌,r33cat / YouTube
Hymns,hymns.json,HYMN-418,以便以謝,272XIzb-osI,272909,2026-05-26,removed-under-500k,詩歌,Kiki8857 / YouTube
Hymns,hymns.json,HYMN-419,萬名之上的名,mhGrb31DD84,698366,2026-05-26,kept,詩歌,joehuang90 / YouTube
Hymns,hymns.json,HYMN-420,你要稱頌耶和華,GTbSQh0LOnE,1500917,2026-05-26,kept,詩歌,讚美之泉 Stream Of Praise Music Ministries / YouTube
Hymns,hymns.json,HYMN-421,先求祂的國,rm3N_5VKbng,50668,2026-05-26,removed-under-500k,詩歌,MIshajun東俊 / YouTube
Hymns,hymns.json,HYMN-422,我以禱告來到祢跟前,z_9TqPE69Iw,238857,2026-05-26,removed-under-500k,詩歌,Peace & Joy's Channel / YouTube
Hymns,hymns.json,HYMN-423,我從深處向袮求告,y4u4W7Glkb8,284021,2026-05-26,removed-under-500k,詩歌,橄欖枝 / YouTube
Hymns,hymns.json,HYMN-424,煉淨過的生命,U8NlvgPXor8,471387,2026-05-26,removed-under-500k,詩歌,讚美之泉 Stream Of Praise Music Ministries / YouTube
Hymns,hymns.json,HYMN-425,祢是榮耀君王,oGgK5BoYSuM,729289,2026-05-26,kept,詩歌,Lo chienchi / YouTube
Hymns,hymns.json,HYMN-426,祢是配得,Y3eE_e5rMvc,550790,2026-05-26,kept,詩歌,讚美之泉 Stream Of Praise Music Ministries / YouTube
Hymns,hymns.json,HYMN-427,凡事都能做,KLdSuKezMgs,777348,2026-05-26,kept,詩歌,讚美之泉 Stream Of Praise Music Ministries / YouTube
Hymns,hymns.json,HYMN-428,十架的大能,TaCqFTGNKGQ,467287,2026-05-26,removed-under-500k,詩歌,讚美之泉 Stream Of Praise Music Ministries / YouTube
Hymns,hymns.json,HYMN-429,無以回報,WfOE7cBT6Lw,223502,2026-05-26,removed-under-500k,詩歌,敬拜和弦资源站 WORSHIP&CHORD / YouTube
Hymns,hymns.json,HYMN-430,讚美之泉,x-DysGdCg4k,4679625,2026-05-26,kept,詩歌,讚美之泉 Stream Of Praise Music Ministries / YouTube
Hymns,hymns.json,HYMN-431,彩虹下的約定,cyo4B6MsK3g,477158,2026-05-26,removed-under-500k,詩歌,讚美之泉 Stream Of Praise Music Ministries / YouTube
Hymns,hymns.json,HYMN-432,全能的創造主,z4H3FhcvduY,315943,2026-05-26,removed-under-500k,詩歌,讚美之泉 Stream Of Praise Music Ministries / YouTube
Hymns,hymns.json,HYMN-433,祢是信實的上帝,C6HSl4Nhgdg,321978,2026-05-26,removed-under-500k,詩歌,讚美之泉 Stream Of Praise Music Ministries / YouTube
Hymns,hymns.json,HYMN-434,我們愛讓世界不一樣,fUijjKO3lYU,4363486,2026-05-26,kept,詩歌,讚美之泉 Stream Of Praise Music Ministries / YouTube
Hymns,hymns.json,HYMN-435,你愛永不變,U_D3qRW-M9A,240861,2026-05-26,removed-under-500k,詩歌,讚美之泉 Stream Of Praise Music Ministries / YouTube
Hymns,hymns.json,HYMN-436,主祢是我力量,4Of5ajwoCxQ,1522209,2026-05-26,kept,詩歌,讚美之泉 Stream Of Praise Music Ministries / YouTube
Hymns,hymns.json,HYMN-437,每一天我需要祢,IBeDhW5uET0,3777131,2026-05-26,kept,詩歌,讚美之泉 Stream Of Praise Music Ministries / YouTube
Hymns,hymns.json,HYMN-438,展開清晨的翅膀,xugw9VE0pjc,1093759,2026-05-26,kept,詩歌,讚美之泉 Stream Of Praise Music Ministries / YouTube
Hymns,hymns.json,HYMN-439,祢使我生命美麗,-3klPYCsIFs,188344,2026-05-26,removed-under-500k,詩歌,讚美之泉 Stream Of Praise Music Ministries / YouTube
Hymns,hymns.json,HYMN-440,這裡有榮耀,V7MIkQD7fvg,1742514,2026-05-26,kept,詩歌,讚美之泉 Stream Of Praise Music Ministries / YouTube
Hymns,hymns.json,HYMN-441,我要看見,kYHmfN8tXPM,5502424,2026-05-26,kept,詩歌,讚美之泉 Stream Of Praise Music Ministries / YouTube
Hymns,hymns.json,HYMN-442,我要全心讚美,Bs-pQZ9b0OU,2490096,2026-05-26,kept,詩歌,讚美之泉 Stream Of Praise Music Ministries / YouTube
Hymns,hymns.json,HYMN-443,更深之處,08YrvyT5HHs,1031499,2026-05-26,kept,詩歌,讚美之泉 Stream Of Praise Music Ministries / YouTube
Hymns,hymns.json,HYMN-444,親愛主,QuFgSKly2JY,103425,2026-05-26,removed-under-500k,詩歌,Garden of Perfume / YouTube
Hymns,hymns.json,HYMN-445,主我跟祢走,u9o2q1NfE6c,494117,2026-05-26,removed-under-500k,詩歌,讚美之泉 Stream Of Praise Music Ministries / YouTube
Hymns,hymns.json,HYMN-446,有一位神,b3oivk4W7EY,3813911,2026-05-26,kept,詩歌,讚美之泉 Stream Of Praise Music Ministries / YouTube
Hymns,hymns.json,HYMN-447,從早晨到夜晚,QvfB1-FpfWk,11213192,2026-05-26,kept,詩歌,讚美之泉 Stream Of Praise Music Ministries / YouTube
Hymns,hymns.json,HYMN-448,主我敬拜祢,j8pQHrnc348,212814,2026-05-26,removed-under-500k,詩歌,讚美之泉 Stream Of Praise Music Ministries / YouTube
Hymns,hymns.json,HYMN-449,將天敞開,kxGQ7LV4DKQ,1319180,2026-05-26,kept,詩歌,讚美之泉 Stream Of Praise Music Ministries / YouTube
Hymns,hymns.json,HYMN-450,榮美的救主,ZPVChPb5J7Q,597465,2026-05-26,kept,詩歌,Joshua Band 約書亞樂團 / YouTube
Hymns,hymns.json,HYMN-451,深深愛祢,k_S6gYOrjdQ,1241937,2026-05-26,kept,詩歌,讚美之泉 Stream Of Praise Music Ministries / YouTube
Hymns,hymns.json,HYMN-452,我要向高山舉目,bhS0D7Gd-Ek,10348647,2026-05-26,kept,詩歌,讚美之泉 Stream Of Praise Music Ministries / YouTube
Hymns,hymns.json,HYMN-453,主啊我到祢面前,xmC0KwK-7y8,142192,2026-05-26,removed-under-500k,詩歌,Faith Flower Floral信心花舍 / YouTube
Hymns,hymns.json,HYMN-454,祢的恩典夠我用,v76-wz1mv8w,5675643,2026-05-26,kept,詩歌,讚美之泉 Stream Of Praise Music Ministries / YouTube
Hymns,hymns.json,HYMN-455,天父的花園,O5NB4bcPWIk,7176727,2026-05-26,kept,詩歌,讚美之泉 Stream Of Praise Music Ministries / YouTube
Hymns,hymns.json,HYMN-456,主的喜樂是我力量,MEHMGqHh9ZY,1783297,2026-05-26,kept,詩歌,讚美之泉 Stream Of Praise Music Ministries / YouTube
Hymns,hymns.json,HYMN-457,我心屬於祢,qJ1bqBNnbXA,753799,2026-05-26,kept,詩歌,樂筆 x 日光實驗室 / YouTube
Hymns,hymns.json,HYMN-458,永遠尊貴,-ZnOCvRnwaQ,562568,2026-05-26,kept,詩歌,讚美之泉 Stream Of Praise Music Ministries / YouTube
Hymns,hymns.json,HYMN-459,耶和華靠近傷心的人,aC8cit9xERY,436522,2026-05-26,removed-under-500k,詩歌,讚美之泉 Stream Of Praise Music Ministries / YouTube
Hymns,hymns.json,HYMN-460,祢愛的大能,w2JRIQt8jNg,157920,2026-05-26,removed-under-500k,詩歌,GOOD TV DAILY / YouTube
Hymns,hymns.json,HYMN-461,讓我,0SDpQxoLS64,194095,2026-05-26,removed-under-500k,詩歌,新店行道會 TOPCHURCH / YouTube
Hymns,hymns.json,HYMN-462,我在這裡,dK2rSkmWEzA,2270378,2026-05-26,kept,詩歌,讚美之泉 Stream Of Praise Music Ministries / YouTube
Hymns,hymns.json,HYMN-463,耶穌我愛祢,usHsWo5sY0U,601345,2026-05-26,kept,詩歌,讚美之泉 Stream Of Praise Music Ministries / YouTube
Hymns,hymns.json,HYMN-464,我的神我要敬拜祢,_aKNV1az0rs,290890,2026-05-26,removed-under-500k,詩歌,立約敬拜 Promise Worship / YouTube
Hymns,hymns.json,HYMN-465,求充滿這地,xj7daezGohs,4295695,2026-05-26,kept,詩歌,Joshua Band 約書亞樂團 / YouTube
Hymns,hymns.json,HYMN-466,禱告的力量,AfWZ-1taIfw,4104292,2026-05-26,kept,詩歌,讚美之泉 Stream Of Praise Music Ministries / YouTube
Hymns,hymns.json,HYMN-467,豐盛的應許,ZNSG2CG5DNQ,3761405,2026-05-26,kept,詩歌,讚美之泉 Stream Of Praise Music Ministries / YouTube
Hymns,hymns.json,HYMN-468,重來的力量,7jac0ri7x3A,3212634,2026-05-26,kept,詩歌,Joshua Band 約書亞樂團 / YouTube
Hymns,hymns.json,HYMN-469,能不能,AW6aFoCCaIg,16992752,2026-05-26,kept,詩歌,讚美之泉 Stream Of Praise Music Ministries / YouTube
Hymns,hymns.json,HYMN-470,如祢,kMOg8x7ptz4,2670117,2026-05-26,kept,詩歌,Joshua Band 約書亞樂團 / YouTube
Hymns,hymns.json,HYMN-471,深不見底的愛,H4MeSR_ilyY,2269090,2026-05-26,kept,詩歌,讚美之泉 Stream Of Praise Music Ministries / YouTube
Hymns,hymns.json,HYMN-472,與祢更靠近,iz32XOGh27g,2190780,2026-05-26,kept,詩歌,Joshua Band 約書亞樂團 / YouTube
Hymns,hymns.json,HYMN-473,奔跑不放棄,WC6bCBSgNtQ,13359670,2026-05-26,kept,詩歌,讚美之泉 Stream Of Praise Music Ministries / YouTube
Hymns,hymns.json,HYMN-474,找到我,5hkbct1UPK8,2033762,2026-05-26,kept,詩歌,Joshua Band 約書亞樂團 / YouTube
Hymns,hymns.json,HYMN-475,充滿在這裡,UBDyViNTQxw,1818620,2026-05-26,kept,詩歌,讚美之泉 Stream Of Praise Music Ministries / YouTube
Hymns,hymns.json,HYMN-476,不動搖的信心,H9OdfU5I9yQ,1750508,2026-05-26,kept,詩歌,讚美之泉 Stream Of Praise Music Ministries / YouTube
Hymns,hymns.json,HYMN-477,被愛,Vg7qLy4LxhU,1390313,2026-05-26,kept,詩歌,讚美之泉 Stream Of Praise Music Ministries / YouTube
Hymns,hymns.json,HYMN-478,我們歡迎君王降臨,a5X4uawExEA,8318426,2026-05-26,kept,詩歌,讚美之泉 Stream Of Praise Music Ministries / YouTube
Hymns,hymns.json,HYMN-479,何等榮美的名,E3J7yHn-V2w,1258387,2026-05-26,kept,詩歌,Joshua Band 約書亞樂團 / YouTube
Hymns,hymns.json,HYMN-480,耶穌永遠掌權,qimRnA-V4sg,1241364,2026-05-26,kept,詩歌,讚美之泉 Stream Of Praise Music Ministries / YouTube
Hymns,hymns.json,HYMN-481,獻上讚美祭,cxDQ5YpYXlA,792072,2026-05-26,kept,詩歌,讚美之泉 Stream Of Praise Music Ministries / YouTube
Hymns,hymns.json,HYMN-482,真實的悔改,nMJ7VXOVjdQ,772280,2026-05-26,kept,詩歌,讚美之泉 Stream Of Praise Music Ministries / YouTube
Hymns,hymns.json,HYMN-483,厚恩待我,U7ZNB-ShmNk,646067,2026-05-26,kept,詩歌,讚美之泉 Stream Of Praise Music Ministries / YouTube
Hymns,hymns.json,HYMN-484,純潔的心,Aeo64Ptu4Gs,627665,2026-05-26,kept,詩歌,Joshua Band 約書亞樂團 / YouTube
Hymns,hymns.json,HYMN-485,數不盡,_svIQ4gpPeY,607290,2026-05-26,kept,詩歌,讚美之泉 Stream Of Praise Music Ministries / YouTube
Hymns,hymns.json,HYMN-486,祢永遠如此深愛著我,y2uZJBv00Gs,4682464,2026-05-26,kept,詩歌,讚美之泉 Stream Of Praise Music Ministries / YouTube
Hymns,hymns.json,HYMN-487,我們的神,nzsMY2_td4Y,3227663,2026-05-26,kept,詩歌,讚美之泉 Stream Of Praise Music Ministries / YouTube
Hymns,hymns.json,HYMN-488,你讓我勇敢,5jxHF2eVU60,511109,2026-05-26,kept,詩歌,Joshua Band 約書亞樂團 / YouTube
Hymns,hymns.json,HYMN-489,敬畏的心,VMjI8vGZLm4,500617,2026-05-26,kept,詩歌,Joshua Band 約書亞樂團 / YouTube
Hymns,hymns.json,HYMN-490,曠野中唯一的力量,7Lk8rq3y-rM,2841009,2026-05-26,kept,詩歌,讚美之泉 Stream Of Praise Music Ministries / YouTube
Hymns,hymns.json,HYMN-491,恢復敬拜,HjdVX8nLRrE,431641,2026-05-26,removed-under-500k,詩歌,讚美之泉 Stream Of Praise Music Ministries / YouTube
Hymns,hymns.json,HYMN-492,甦醒,eR33HHKYJDA,428610,2026-05-26,removed-under-500k,詩歌,Joshua Band 約書亞樂團 / YouTube
Hymns,hymns.json,HYMN-493,相信擁抱,iXs-gEWKTbI,400728,2026-05-26,removed-under-500k,詩歌,Joshua Band 約書亞樂團 / YouTube
Hymns,hymns.json,HYMN-494,信靠跟隨,9RH92wohZqM,306914,2026-05-26,removed-under-500k,詩歌,Joshua Band 約書亞樂團 / YouTube
Hymns,hymns.json,HYMN-495,十字架,QOsfDTYQosk,1737611,2026-05-26,kept,詩歌,讚美之泉 Stream Of Praise Music Ministries / YouTube
Hymns,hymns.json,HYMN-496,深深地敬拜,KvNBVA9gcTQ,1638947,2026-05-26,kept,詩歌,讚美之泉 Stream Of Praise Music Ministries / YouTube
Hymns,hymns.json,HYMN-497,祢寶血為我而流,9bzppqUDtsE,220679,2026-05-26,removed-under-500k,詩歌,Joshua Band 約書亞樂團 / YouTube
Hymns,hymns.json,HYMN-498,我心堅定於祢,Sl1R3zUMugc,1372540,2026-05-26,kept,詩歌,讚美之泉 Stream Of Praise Music Ministries / YouTube
Hymns,hymns.json,HYMN-499,愛的揀選,I38Mm-6GOBU,116574,2026-05-26,removed-under-500k,詩歌,Son Music 新音樂敬拜創作 / YouTube
Hymns,hymns.json,HYMN-500,賜我力量,-1hotIathug,510790,2026-05-26,kept,詩歌,基恩敬拜 Amazing Grace Worship / YouTube
Pop 80s,songlists/pop-80s.json,POP80-001,Monica,w3N5tisg20I,2721702,2026-05-26,kept,80年代流行曲,華星唱片 Capital Artists Official Channel / YouTube / 流行曲題庫
Pop 80s,songlists/pop-80s.json,POP80-002,風繼續吹,UmTB6E5mU5w,3421893,2026-05-26,kept,80年代流行曲,華星唱片 Capital Artists Official Channel / YouTube / 流行曲題庫
Pop 80s,songlists/pop-80s.json,POP80-003,為你鍾情,lkd06VLJGQg,519335,2026-05-26,kept,80年代流行曲,華星唱片 Capital Artists Official Channel / YouTube / 流行曲題庫
Pop 80s,songlists/pop-80s.json,POP80-004,不羈的風,hEofxPB73Is,936360,2026-05-26,kept,80年代流行曲,華星唱片 Capital Artists Official Channel / YouTube / 流行曲題庫
Pop 80s,songlists/pop-80s.json,POP80-005,有誰共鳴,9b1vv1kWYc4,5380944,2026-05-26,kept,80年代流行曲,華星唱片 Capital Artists Official Channel / YouTube / 流行曲題庫
Pop 80s,songlists/pop-80s.json,POP80-006,無心睡眠,57k7Q4NZHEY,76617,2026-05-26,removed-under-500k,80年代流行曲,Theme MV / YouTube / 流行曲題庫
Pop 80s,songlists/pop-80s.json,POP80-007,共同渡過,ftOBb10VFDg,180950,2026-05-26,removed-under-500k,80年代流行曲,音樂無疆界 Music Without Boundaries / YouTube / 流行曲題庫
Pop 80s,songlists/pop-80s.json,POP80-008,沉默是金,7bl9bA7A0OM,3399897,2026-05-26,kept,80年代流行曲,Tuyet Tinh Phap / YouTube / 流行曲題庫
Pop 80s,songlists/pop-80s.json,POP80-009,偏偏喜歡你,RmTAUDlcPSk,21925461,2026-05-26,kept,80年代流行曲,Timeless Music Hong Kong天碟 / YouTube / 流行曲題庫
Pop 80s,songlists/pop-80s.json,POP80-010,今宵多珍重,7Fu9DJGRU8Y,11974109,2026-05-26,kept,80年代流行曲,Timeless Music Hong Kong天碟 / YouTube / 流行曲題庫
Pop 80s,songlists/pop-80s.json,POP80-011,漣漪,YQ5fU_8JEgs,6629,2026-05-26,removed-under-500k,80年代流行曲,ymkit DC / YouTube / 流行曲題庫
Pop 80s,songlists/pop-80s.json,POP80-012,一生何求,lTraAPROJr0,33016,2026-05-26,removed-under-500k,80年代流行曲,Ellen L 1996 / YouTube / 流行曲題庫
Pop 80s,songlists/pop-80s.json,POP80-013,愛在深秋,YcSPYcouAlE,376468,2026-05-26,removed-under-500k,80年代流行曲,universalmusichk / YouTube / 流行曲題庫
Pop 80s,songlists/pop-80s.json,POP80-014,霧之戀,4wL1r702Ct8,120086,2026-05-26,removed-under-500k,80年代流行曲,637 TWS / YouTube / 流行曲題庫
Pop 80s,songlists/pop-80s.json,POP80-015,愛情陷阱,DXo7zqbeY9Y,1540832,2026-05-26,kept,80年代流行曲,AlanTamVEVO / YouTube
Pop 80s,songlists/pop-80s.json,POP80-016,朋友,DkDPEXyMOi8,2468940,2026-05-26,kept,80年代流行曲,譚詠麟 Alan Tam / YouTube / 流行曲題庫
Pop 80s,songlists/pop-80s.json,POP80-017,雨夜的浪漫,IebV0N1-DGI,31128,2026-05-26,removed-under-500k,80年代流行曲,637 TWS / YouTube / 流行曲題庫
Pop 80s,songlists/pop-80s.json,POP80-018,之間,MYJ31u6q2hI,234607,2026-05-26,removed-under-500k,80年代流行曲,譚詠麟 Alan Tam / YouTube / 流行曲題庫
Pop 80s,songlists/pop-80s.json,POP80-019,水中花,6LJ2mJU4BpI,281284,2026-05-26,removed-under-500k,80年代流行曲,譚詠麟 Alan Tam / YouTube / 流行曲題庫
Pop 80s,songlists/pop-80s.json,POP80-020,幻影,I8AaTbDbhwo,19060,2026-05-26,removed-under-500k,80年代流行曲,Cat Music&懒猫音乐作坊 / YouTube / 流行曲題庫
Pop 80s,songlists/pop-80s.json,POP80-021,無言感激,0H31JX11GbU,40275,2026-05-26,removed-under-500k,80年代流行曲,Published Television mv / YouTube / 流行曲題庫
Pop 80s,songlists/pop-80s.json,POP80-022,遙遠的她,Pc6ZY2yLhIw,126415,2026-05-26,removed-under-500k,80年代流行曲,637 TWS / YouTube / 流行曲題庫
Pop 80s,songlists/pop-80s.json,POP80-023,月半彎,Plcg-ysJ6i4,11561,2026-05-26,removed-under-500k,80年代流行曲,637 TWS / YouTube / 流行曲題庫
Pop 80s,songlists/pop-80s.json,POP80-024,太陽星辰,xkWYCgAORpU,11285,2026-05-26,removed-under-500k,80年代流行曲,637 TWS / YouTube / 流行曲題庫
Pop 80s,songlists/pop-80s.json,POP80-025,情已逝,YVRIAZgyLg8,15430,2026-05-26,removed-under-500k,80年代流行曲,沿途有你 2 / YouTube / 流行曲題庫
Pop 80s,songlists/pop-80s.json,POP80-026,夕陽之歌,Rh-gxRXSIdU,15257,2026-05-26,removed-under-500k,80年代流行曲,沿途有你 2 / YouTube / 流行曲題庫
Pop 80s,songlists/pop-80s.json,POP80-027,夢伴,E2FQx9Q4U1U,12826,2026-05-26,removed-under-500k,80年代流行曲,637 TWS / YouTube / 流行曲題庫
Pop 80s,songlists/pop-80s.json,POP80-028,胭脂扣,XKvKbRZJu8E,182563,2026-05-26,removed-under-500k,80年代流行曲,沿途有你 2 / YouTube / 流行曲題庫
Pop 80s,songlists/pop-80s.json,POP80-029,赤的疑惑,jI8gTzJ-gDQ,9548,2026-05-26,removed-under-500k,80年代流行曲,637 TWS / YouTube / 流行曲題庫
Pop 80s,songlists/pop-80s.json,POP80-030,真的愛你,n8aK_IUna_Y,1510718,2026-05-26,kept,80年代流行曲,Beyond / YouTube / 流行曲題庫
Pop 80s,songlists/pop-80s.json,POP80-031,大地,VVnCrqs07l0,8695,2026-05-26,removed-under-500k,80年代流行曲,經典回聲 / YouTube / 流行曲題庫
Pop 80s,songlists/pop-80s.json,POP80-032,喜歡你,U-bvp_hsinw,3557838,2026-05-26,kept,80年代流行曲,Beyond / YouTube / 流行曲題庫
Pop 80s,songlists/pop-80s.json,POP80-033,舊日的足跡,tFc6krvM51A,746276,2026-05-26,kept,80年代流行曲,Beyond / YouTube / 流行曲題庫
Pop 80s,songlists/pop-80s.json,POP80-034,冷雨夜,XtJvmzcCu1A,3130769,2026-05-26,kept,80年代流行曲,Beyond / YouTube / 流行曲題庫
Pop 80s,songlists/pop-80s.json,POP80-035,石頭記,4alhlTQselk,4285022,2026-05-26,kept,80年代流行曲,kira chau / YouTube / 流行曲題庫
Pop 80s,songlists/pop-80s.json,POP80-036,禁色,bkrVqjBJ_HQ,140114,2026-05-26,removed-under-500k,80年代流行曲,AnthonyWong archive / YouTube / 流行曲題庫
Pop 80s,songlists/pop-80s.json,POP80-037,傾心,nuPaLeNmUpw,632895,2026-05-26,kept,80年代流行曲,637 TWS / YouTube / 流行曲題庫
Pop 80s,songlists/pop-80s.json,POP80-038,分分鐘需要你,0OeZuH7-NZw,563552,2026-05-26,kept,80年代流行曲,沿途有你 2 / YouTube / 流行曲題庫
Pop 80s,songlists/pop-80s.json,POP80-039,每一個晚上,Y8tp91Rwn2o,860837,2026-05-26,kept,80年代流行曲,Timeless Music Hong Kong天碟 / YouTube / 流行曲題庫
Pop 80s,songlists/pop-80s.json,POP80-040,千億個夜晚,rIxKTibPEZ4,262621,2026-05-26,removed-under-500k,80年代流行曲,637 TWS / YouTube / 流行曲題庫
Pop 80s,songlists/pop-80s.json,POP80-041,敢愛敢做,HGmTVMZR0hE,3138456,2026-05-26,kept,80年代流行曲,Timeless Music Hong Kong天碟 / YouTube / 流行曲題庫
Pop 80s,songlists/pop-80s.json,POP80-042,真的漢子,l4qCBKuS0Bc,2247556,2026-05-26,kept,80年代流行曲,Timeless Music Hong Kong天碟 / YouTube / 流行曲題庫
Pop 80s,songlists/pop-80s.json,POP80-043,最愛是誰,6jQ8bXlkQLU,289725,2026-05-26,removed-under-500k,80年代流行曲,Ching / YouTube
Pop 80s,songlists/pop-80s.json,POP80-044,海闊天空,qu_FSptjRic,173786139,2026-05-26,kept,80年代流行曲,滾石唱片 ROCK RECORDS / YouTube
Pop 80s,songlists/pop-80s.json,POP80-045,至少還有你,pQlAWZLOpgo,41074900,2026-05-26,kept,80年代流行曲,Timeless Music / YouTube
Pop 80s,songlists/pop-80s.json,POP80-046,瀟灑走一回,KZ8Hxm2W5Ts,34935896,2026-05-26,kept,80年代流行曲,Timeless Music Hong Kong天碟 / YouTube
Pop 80s,songlists/pop-80s.json,POP80-047,曾經心痛,RiGdxI6HNnQ,28894891,2026-05-26,kept,80年代流行曲,Timeless Music Hong Kong天碟 / YouTube
Pop 80s,songlists/pop-80s.json,POP80-048,當愛已成往事,IKA47rEDVSs,20133141,2026-05-26,kept,80年代流行曲,滾石唱片 ROCK RECORDS / YouTube
Pop 80s,songlists/pop-80s.json,POP80-049,朋友別哭,UOrGX49N2aU,18862877,2026-05-26,kept,80年代流行曲,Timeless Music Hong Kong天碟 / YouTube
Pop 80s,songlists/pop-80s.json,POP80-050,聽說愛情回來過,qSnSCOMVSYQ,18144054,2026-05-26,kept,80年代流行曲,滾石唱片 ROCK RECORDS / YouTube
Pop 80s,songlists/pop-80s.json,POP80-051,用餘生去愛,SY2SDAAFvWg,14081405,2026-05-26,kept,80年代流行曲,UNIVERSAL MUSIC TAIWAN 環球音樂 / YouTube
Pop 80s,songlists/pop-80s.json,POP80-052,不裝飾你的夢,v-YeIjY2LVg,12816050,2026-05-26,kept,80年代流行曲,tomoyo262 / YouTube
Pop 80s,songlists/pop-80s.json,POP80-053,今生今世,6jRNbtNy1K4,12811991,2026-05-26,kept,80年代流行曲,滾石唱片 ROCK RECORDS / YouTube
Pop 80s,songlists/pop-80s.json,POP80-054,嫁給我,sTE21SU3TVM,12737347,2026-05-26,kept,80年代流行曲,滾石唱片 ROCK RECORDS / YouTube
Pop 80s,songlists/pop-80s.json,POP80-055,愛的可能,u20h020vkE8,11190758,2026-05-26,kept,80年代流行曲,中天電視 / YouTube
Pop 80s,songlists/pop-80s.json,POP80-056,女人花,HZf26r_DplA,9995746,2026-05-26,kept,80年代流行曲,小宝音悦丨Bao's Music Joy / YouTube
Pop 80s,songlists/pop-80s.json,POP80-057,無心傷害,u650A5w7Ka0,9544588,2026-05-26,kept,80年代流行曲,滾石唱片 ROCK RECORDS / YouTube
Pop 80s,songlists/pop-80s.json,POP80-058,让一切随风,lz-e0NWIj88,8998276,2026-05-26,kept,80年代流行曲,Bonbon / YouTube
Pop 80s,songlists/pop-80s.json,POP80-059,領悟,wa-HGDSFddw,8916284,2026-05-26,kept,80年代流行曲,滾石唱片 ROCK RECORDS / YouTube
Pop 80s,songlists/pop-80s.json,POP80-060,大海,uxNs7uBl7O8,8876342,2026-05-26,kept,80年代流行曲,SMG音乐频道 / YouTube
Pop 80s,songlists/pop-80s.json,POP80-061,男兒當自強,U_EgeFUTbW4,8405833,2026-05-26,kept,80年代流行曲,Timeless Music Hong Kong天碟 / YouTube
Pop 80s,songlists/pop-80s.json,POP80-062,脫掉,bqWfosgn_QI,8220382,2026-05-26,kept,80年代流行曲,滾石唱片 ROCK RECORDS / YouTube
Pop 80s,songlists/pop-80s.json,POP80-063,暗里着迷,imPWMzs0Yv4,7863641,2026-05-26,kept,80年代流行曲,天天音乐汇 / YouTube
Pop 80s,songlists/pop-80s.json,POP80-064,蔡楓華,K96zOesFccY,7233393,2026-05-26,kept,80年代流行曲,dragonmui / YouTube
Pop 80s,songlists/pop-80s.json,POP80-065,回頭太難,6oScrw8ubPk,7105887,2026-05-26,kept,80年代流行曲,JackyCheungVEVO / YouTube
Pop 80s,songlists/pop-80s.json,POP80-066,有心人,V7Xzwpdffeg,6946034,2026-05-26,kept,80年代流行曲,滾石唱片 ROCK RECORDS / YouTube
Pop 80s,songlists/pop-80s.json,POP80-067,灰色轨迹,8F_91_S5Sno,6823037,2026-05-26,kept,80年代流行曲,GM Lyric / YouTube
Pop 80s,songlists/pop-80s.json,POP80-068,一生所愛,pAse1VuvcOE,6730559,2026-05-26,kept,80年代流行曲,滾石唱片 ROCK RECORDS / YouTube
Pop 80s,songlists/pop-80s.json,POP80-069,夜機,oLCHgT4gyjg,6667540,2026-05-26,kept,80年代流行曲,musicboxforever / YouTube
Pop 80s,songlists/pop-80s.json,POP80-070,我醒著做夢,hER7WMTmAoE,6338315,2026-05-26,kept,80年代流行曲,UNIVERSAL MUSIC TAIWAN 環球音樂 / YouTube
Pop 80s,songlists/pop-80s.json,POP80-071,聽不到的說話,Qd1vbVBu5lQ,5949337,2026-05-26,kept,80年代流行曲,hkweiming / YouTube
Pop 80s,songlists/pop-80s.json,POP80-072,飄雪,oGTEVhr6-5E,5940059,2026-05-26,kept,80年代流行曲,PriscillaChanVEVO / YouTube
Pop 80s,songlists/pop-80s.json,POP80-073,皇后大道東,av1-_SjPb2E,5879074,2026-05-26,kept,80年代流行曲,vivian tin / YouTube
Pop 80s,songlists/pop-80s.json,POP80-074,不再猶豫,fKKgY7BXxJE,5807786,2026-05-26,kept,80年代流行曲,BeyondVEVO / YouTube
Pop 80s,songlists/pop-80s.json,POP80-075,風再起時,zEfh1r3N0no,5510341,2026-05-26,kept,80年代流行曲,Leslie Cheung Vietnamese Fans World / YouTube
Pop 80s,songlists/pop-80s.json,POP80-076,光辉岁月,HyChySXLyPk,5329934,2026-05-26,kept,80年代流行曲,GM Lyric / YouTube
Pop 80s,songlists/pop-80s.json,POP80-077,主唱,CmlsjFgy0Ts,5238522,2026-05-26,kept,80年代流行曲,過海 / YouTube
Pop 80s,songlists/pop-80s.json,POP80-078,情人,iXqIb2KOC3M,5060709,2026-05-26,kept,80年代流行曲,滾石唱片 ROCK RECORDS / YouTube
Pop 80s,songlists/pop-80s.json,POP80-079,風的季節,umUtPPGFe1w,4801833,2026-05-26,kept,80年代流行曲,jasmine tan / YouTube
Pop 80s,songlists/pop-80s.json,POP80-080,似夢迷離,Yt1vq8pDGK0,4594344,2026-05-26,kept,80年代流行曲,Timeless Music Hong Kong天碟 / YouTube
Pop 80s,songlists/pop-80s.json,POP80-081,怪你過份美麗,kIzTKC8ilyc,4568528,2026-05-26,kept,80年代流行曲,滾石唱片 ROCK RECORDS / YouTube
Pop 80s,songlists/pop-80s.json,POP80-082,不裝飾妳的夢,cx7_DAc8tIw,4562683,2026-05-26,kept,80年代流行曲,Terence Tsoi - Topic / YouTube
Pop 80s,songlists/pop-80s.json,POP80-083,祗有情永在,vwEyXcF3ULI,4464912,2026-05-26,kept,80年代流行曲,Ozsharpener / YouTube
Pop 80s,songlists/pop-80s.json,POP80-084,情愛幾多哀,TtqWdbm9OHI,4405656,2026-05-26,kept,80年代流行曲,MandalaDeva / YouTube
Pop 80s,songlists/pop-80s.json,POP80-085,鍾愛一生,6rNlumm_3Uw,4137474,2026-05-26,kept,80年代流行曲,滾石唱片 ROCK RECORDS / YouTube
Pop 80s,songlists/pop-80s.json,POP80-086,戏凤,y4CZVRaa-wI,4089197,2026-05-26,kept,80年代流行曲,熊猫电台 / YouTube
Pop 80s,songlists/pop-80s.json,POP80-087,搵野做,j0flMZoT_HA,4059517,2026-05-26,kept,80年代流行曲,tws474 / YouTube
Pop 80s,songlists/pop-80s.json,POP80-088,心如刀割,CA5CwZ4Nmnk,3976586,2026-05-26,kept,80年代流行曲,JackyCheungVEVO / YouTube
Pop 80s,songlists/pop-80s.json,POP80-089,晚秋,3fthZU0WEFk,3897937,2026-05-26,kept,80年代流行曲,小宝音悦丨Bao's Music Joy / YouTube
Pop 80s,songlists/pop-80s.json,POP80-090,誰令你心痴,L6ZVIqonafQ,3704326,2026-05-26,kept,80年代流行曲,華星唱片 Capital Artists Official Channel / YouTube
Pop 80s,songlists/pop-80s.json,POP80-091,明日話今天,k06tSbM1fSs,3691882,2026-05-26,kept,80年代流行曲,沿途有你 2 / YouTube
Pop 80s,songlists/pop-80s.json,POP80-092,老情歌,DnxWyXYqfVg,3506133,2026-05-26,kept,80年代流行曲,Timeless Music Hong Kong天碟 / YouTube
Pop 80s,songlists/pop-80s.json,POP80-093,日本,ErGjJ-SjBQ4,3494676,2026-05-26,kept,80年代流行曲,Kenji / YouTube
Pop 80s,songlists/pop-80s.json,POP80-094,相逢何必曾相識,DukIqaIOC8I,3446852,2026-05-26,kept,80年代流行曲,蔣志光 - Topic / YouTube
Pop 80s,songlists/pop-80s.json,POP80-095,天真,W8K22zsaimk,3431587,2026-05-26,kept,80年代流行曲,滾石唱片 ROCK RECORDS / YouTube
Pop 80s,songlists/pop-80s.json,POP80-096,温兆伦,SVHwGmm0-VM,3312960,2026-05-26,kept,80年代流行曲,Y. HO / YouTube
Pop 80s,songlists/pop-80s.json,POP80-097,玻璃之情,rl28y-8dpuo,3275932,2026-05-26,kept,80年代流行曲,LeslieCheungVEVO / YouTube
Pop 80s,songlists/pop-80s.json,POP80-098,情書,VZz1e1dI3k4,3236694,2026-05-26,kept,80年代流行曲,JackyCheungVEVO / YouTube
Pop 80s,songlists/pop-80s.json,POP80-099,鏗鏘玫瑰,_aC-5cMtKSo,3150503,2026-05-26,kept,80年代流行曲,滾石唱片 ROCK RECORDS / YouTube
Pop 80s,songlists/pop-80s.json,POP80-100,深愛著你,tW1hteo_qYg,3088024,2026-05-26,kept,80年代流行曲,Timeless Music Hong Kong天碟 / YouTube
Pop 80s,songlists/pop-80s.json,POP80-101,這麼近那麼遠,pvRka3_7PqY,3080314,2026-05-26,kept,80年代流行曲,JackyCheungVEVO / YouTube
Pop 80s,songlists/pop-80s.json,POP80-102,十分十二吋,ua9R7rjo4LM,3077302,2026-05-26,kept,80年代流行曲,Timeless Music Hong Kong天碟 / YouTube
Pop 80s,songlists/pop-80s.json,POP80-103,把你寵壞,c4GuaUH3U9U,3069550,2026-05-26,kept,80年代流行曲,滾石唱片 ROCK RECORDS / YouTube
Pop 80s,songlists/pop-80s.json,POP80-104,明月心,uKPNHcEUUco,2972476,2026-05-26,kept,80年代流行曲,Timeless Music Hong Kong天碟 / YouTube
Pop 80s,songlists/pop-80s.json,POP80-105,旧欢如梦,panrOM__uow,2804223,2026-05-26,kept,80年代流行曲,Mei Kimの健康养生语录 / YouTube
Pop 80s,songlists/pop-80s.json,POP80-106,失戀陣線聯盟,SkcTeTqz6Hg,2793021,2026-05-26,kept,80年代流行曲,Sinnie Yu / YouTube
Pop 80s,songlists/pop-80s.json,POP80-107,失恋阵线联盟,suIbr4JS5MA,2747224,2026-05-26,kept,80年代流行曲,佟棉 Tong Mian / YouTube
Pop 80s,songlists/pop-80s.json,POP80-108,情人知己,tM93Rv_RgqA,2640130,2026-05-26,kept,80年代流行曲,Timeless Music Hong Kong天碟 / YouTube
Pop 80s,songlists/pop-80s.json,POP80-109,世界真細小,ThcaPON4lLQ,2619611,2026-05-26,kept,80年代流行曲,universalmusichk / YouTube
Pop 80s,songlists/pop-80s.json,POP80-110,披著羊皮的狼,FHOfLOiFQBI,2595037,2026-05-26,kept,80年代流行曲,AlanTamVEVO / YouTube
Pop 80s,songlists/pop-80s.json,POP80-111,刻不容緩,4EPHUvk4xC8,2581016,2026-05-26,kept,80年代流行曲,英皇娛樂 eeg music / YouTube
Pop 80s,songlists/pop-80s.json,POP80-112,不再犹豫,xhxA5z4WrUM,2558071,2026-05-26,kept,80年代流行曲,Đinh Tiểu Điệp -丁铁蝶 / YouTube
Pop 80s,songlists/pop-80s.json,POP80-113,回家的路,UJOZc3yuA98,2423137,2026-05-26,kept,80年代流行曲,東亞唱片 East Asia Music Official Channel / YouTube
Pop 80s,songlists/pop-80s.json,POP80-114,誰能明白我,qdFoHjrXcHk,2402343,2026-05-26,kept,80年代流行曲,Timeless Music Hong Kong天碟 / YouTube
Pop 80s,songlists/pop-80s.json,POP80-115,一生中最愛,REEOBTBVPmg,2372041,2026-05-26,kept,80年代流行曲,香港地 / YouTube
Pop 80s,songlists/pop-80s.json,POP80-116,兄弟不懷疑,beaYy7T9zdI,2365701,2026-05-26,kept,80年代流行曲,寰宇娛樂 Universe Entertainment / YouTube
Pop 80s,songlists/pop-80s.json,POP80-117,離開以後,t2v_AoXw9EY,2323057,2026-05-26,kept,80年代流行曲,JackyCheungVEVO / YouTube
Pop 80s,songlists/pop-80s.json,POP80-118,你令我快樂過,I68MGGD9frU,2257111,2026-05-26,kept,80年代流行曲,忘了!忘不了 / YouTube
Pop 80s,songlists/pop-80s.json,POP80-119,罪人,Z0pbINmvJzE,2236023,2026-05-26,kept,80年代流行曲,universalmusichk / YouTube
Pop 80s,songlists/pop-80s.json,POP80-120,跟著我一輩子,GtO4E5TRPP4,2208950,2026-05-26,kept,80年代流行曲,滾石唱片 ROCK RECORDS / YouTube
Pop 80s,songlists/pop-80s.json,POP80-121,童年時,bOUC4a5Gerw,2157134,2026-05-26,kept,80年代流行曲,4dhs / YouTube
Pop 80s,songlists/pop-80s.json,POP80-122,一起走过的日子,Vtj_8SrfqQ4,5732941,2026-06-02,kept,80年代流行曲,轩辕三缺 / YouTube
Pop 80s,songlists/pop-80s.json,POP80-123,孤身走我路,pJhSDisGZRc,2073644,2026-05-26,kept,80年代流行曲,JoyRiderHK / YouTube
Pop 80s,songlists/pop-80s.json,POP80-124,最冷一天,sfkNRcANETw,2047311,2026-05-26,kept,80年代流行曲,滾石唱片 ROCK RECORDS / YouTube
Pop 80s,songlists/pop-80s.json,POP80-125,祝福,KRKxMUlpbcc,1995366,2026-05-26,kept,80年代流行曲,Jacky Cheung - Topic / YouTube
Pop 80s,songlists/pop-80s.json,POP80-126,陈百强,1I-sq9oA9PI,1956357,2026-05-26,kept,80年代流行曲,GM Lyric / YouTube
Pop 80s,songlists/pop-80s.json,POP80-127,倪妮,NzZKj2-vUrU,1949650,2026-05-26,kept,80年代流行曲,Focus Music Official / YouTube
Pop 80s,songlists/pop-80s.json,POP80-128,学生哥,9LmNfCAshRs,1928539,2026-05-26,kept,80年代流行曲,Kenji / YouTube
Pop 80s,songlists/pop-80s.json,POP80-129,流浪花,_YKz3HnXgY0,1905895,2026-05-26,kept,80年代流行曲,Timeless Music Hong Kong天碟 / YouTube
Pop 80s,songlists/pop-80s.json,POP80-130,张国荣,OIP4NMDHzII,1904552,2026-05-26,kept,80年代流行曲,GM Lyric / YouTube
Pop 80s,songlists/pop-80s.json,POP80-131,不應再猶豫,ENQ1uAM2EV0,1843788,2026-05-26,kept,80年代流行曲,沿途有你 2 / YouTube
Pop 80s,songlists/pop-80s.json,POP80-132,正能量歌集,O8gKayuu4TI,1805104,2026-05-26,kept,80年代流行曲,真愛音樂Music-Love-Peace-Joy / YouTube
Pop 80s,songlists/pop-80s.json,POP80-133,千千闋歌,n3B5XpRvyhI,1780212,2026-05-26,kept,80年代流行曲,Kate James / YouTube
Pop 80s,songlists/pop-80s.json,POP80-134,失魂記,qHQ5QcqhsnQ,1767203,2026-05-26,kept,80年代流行曲,英皇娛樂 eeg music / YouTube
Pop 80s,songlists/pop-80s.json,POP80-135,多愛你一天,L4g545iIG1Q,1766597,2026-05-26,kept,80年代流行曲,Timeless Music Hong Kong天碟 / YouTube
Pop 80s,songlists/pop-80s.json,POP80-136,许冠杰,O8JjnL2-sX4,1738900,2026-05-26,kept,80年代流行曲,GM Lyric / YouTube
Pop 80s,songlists/pop-80s.json,POP80-137,愛多一次痛多一次,2vG-uGeHzjg,1722324,2026-05-26,kept,80年代流行曲,AlanTamVEVO / YouTube
Pop 80s,songlists/pop-80s.json,POP80-138,忘记你我做不到,QrBTygMIKvU,1704060,2026-05-26,kept,80年代流行曲,GM Lyric / YouTube
Pop 80s,songlists/pop-80s.json,POP80-139,抱緊眼前人,svEcr_yRSoA,1685725,2026-05-26,kept,80年代流行曲,華星唱片 Capital Artists Official Channel / YouTube
Pop 80s,songlists/pop-80s.json,POP80-140,忘情森巴舞,T7lkqxCzDJo,1660461,2026-05-26,kept,80年代流行曲,Kevin 林信君 Lin / YouTube
Pop 80s,songlists/pop-80s.json,POP80-141,一個都不能少,pC76Eq6F79c,1652663,2026-05-26,kept,80年代流行曲,英皇娛樂 eeg music / YouTube
Pop 80s,songlists/pop-80s.json,POP80-142,兩忘煙水裡,tkdJNS-ZPs0,1618532,2026-05-26,kept,80年代流行曲,shiraruhi / YouTube
Pop 80s,songlists/pop-80s.json,POP80-143,心裡日記,BQ-FlgXWjIQ,1609667,2026-05-26,kept,80年代流行曲,lifeisgood181 / YouTube
Pop 80s,songlists/pop-80s.json,POP80-144,不走,pVsdqHo_neY,1570970,2026-05-26,kept,80年代流行曲,滾石唱片 ROCK RECORDS / YouTube
Pop 80s,songlists/pop-80s.json,POP80-145,情網,pGdPlye3y88,1567520,2026-05-26,kept,80年代流行曲,JackyCheungVEVO / YouTube
Pop 80s,songlists/pop-80s.json,POP80-146,傻女,7ur5UpuP0JE,1560008,2026-05-26,kept,80年代流行曲,Kate James / YouTube
Pop 80s,songlists/pop-80s.json,POP80-147,我是憤怒,MEDxmS3ni6A,1550172,2026-05-26,kept,80年代流行曲,Timeless Music Hong Kong天碟 / YouTube
Pop 80s,songlists/pop-80s.json,POP80-148,三人行,wJLPsV291d0,1550024,2026-05-26,kept,80年代流行曲,Harold Chan / YouTube
Pop 80s,songlists/pop-80s.json,POP80-149,這些年來,HDfPogSj-0w,1543257,2026-05-26,kept,80年代流行曲,滾石唱片 ROCK RECORDS / YouTube
Pop 80s,songlists/pop-80s.json,POP80-150,彎彎的月亮,b61cb-hxAbw,1532272,2026-05-26,kept,80年代流行曲,Timeless Music Hong Kong天碟 / YouTube
Pop 80s,songlists/pop-80s.json,POP80-151,真的想你,2MYSVpVBXOo,1469501,2026-05-26,kept,80年代流行曲,滾石唱片 ROCK RECORDS / YouTube
Pop 80s,songlists/pop-80s.json,POP80-152,選擇,qGJ9sc5thco,1454117,2026-05-26,kept,80年代流行曲,Timeless Music Hong Kong天碟 / YouTube
Pop 80s,songlists/pop-80s.json,POP80-153,財神到,6yMfASgXc2Q,1451017,2026-05-26,kept,80年代流行曲,Timeless Music Hong Kong天碟 / YouTube
Pop 80s,songlists/pop-80s.json,POP80-154,無奈,sDm-awDiXdw,1424587,2026-05-26,kept,80年代流行曲,PaulaTsuiVEVO / YouTube
Pop 80s,songlists/pop-80s.json,POP80-155,難免有錯,2Lo_YAnGBh4,1403275,2026-05-26,kept,80年代流行曲,Miss / YouTube
Pop 80s,songlists/pop-80s.json,POP80-156,寒傲似冰,0d-2lomH-ps,1388614,2026-05-26,kept,80年代流行曲,沿途有你 2 / YouTube
Pop 80s,songlists/pop-80s.json,POP80-157,千枝針刺在心,oOHGhiuEfwU,1364119,2026-05-26,kept,80年代流行曲,Timeless Music Hong Kong天碟 / YouTube
Pop 80s,songlists/pop-80s.json,POP80-158,沙文,IlZ6mPENFk8,1345081,2026-05-26,kept,80年代流行曲,Sandy Lam Official Channel 林憶蓮官方頻道 / YouTube
Pop 80s,songlists/pop-80s.json,POP80-159,夜半歌聲,khCDLCcG7Y4,1298086,2026-05-26,kept,80年代流行曲,滾石唱片 ROCK RECORDS / YouTube
Pop 80s,songlists/pop-80s.json,POP80-160,光輝歲月,9j3swX5tycM,1297641,2026-05-26,kept,80年代流行曲,BeyondVEVO / YouTube
Pop 80s,songlists/pop-80s.json,POP80-161,紙牌屋,1OEygLPPPvs,1246876,2026-05-26,kept,80年代流行曲,universalmusichk / YouTube
Pop 80s,songlists/pop-80s.json,POP80-162,永遠愛著您,3-Z-4nkuaRs,1240614,2026-05-26,kept,80年代流行曲,Grasshopper - Topic / YouTube
Pop 80s,songlists/pop-80s.json,POP80-163,人在旅途洒泪时,iyEJt88fbiA,1237664,2026-05-26,kept,80年代流行曲,sdfsdffsfhg / YouTube
Pop 80s,songlists/pop-80s.json,POP80-164,莫再悲,Dv2uI3QJwqw,1227382,2026-05-26,kept,80年代流行曲,Timeless Music Hong Kong天碟 / YouTube
Pop 80s,songlists/pop-80s.json,POP80-165,午夜怨曲,1YLyY2l2ADM,1201271,2026-05-26,kept,80年代流行曲,GM Lyric / YouTube
Pop 80s,songlists/pop-80s.json,POP80-166,女人心,MrOicMfOMmQ,1188475,2026-05-26,kept,80年代流行曲,華星唱片 Capital Artists Official Channel / YouTube
Pop 80s,songlists/pop-80s.json,POP80-167,天蠶變,o3gDS2XysB0,1114335,2026-05-26,kept,80年代流行曲,Inspiring Music / YouTube
Pop 80s,songlists/pop-80s.json,POP80-168,遠走高飛,InbFsQwUVS4,1104346,2026-05-26,kept,80年代流行曲,Timeless Music / YouTube
Pop 80s,songlists/pop-80s.json,POP80-169,不可一世,gm6Rd5DcbsE,1091866,2026-05-26,kept,80年代流行曲,Timeless Music Hong Kong天碟 / YouTube
Pop 80s,songlists/pop-80s.json,POP80-170,放一顆心,P4hStlvBplQ,1078423,2026-05-26,kept,80年代流行曲,滾石唱片 ROCK RECORDS / YouTube
Pop 80s,songlists/pop-80s.json,POP80-171,讓愛那麼愉快,sGbsvkKOV3o,1076293,2026-05-26,kept,80年代流行曲,滾石唱片 ROCK RECORDS / YouTube
Pop 80s,songlists/pop-80s.json,POP80-172,纖維,0FLroClkIIE,1045411,2026-05-26,kept,80年代流行曲,Sandy Lam Official Channel 林憶蓮官方頻道 / YouTube
Pop 80s,songlists/pop-80s.json,POP80-173,女人的弱點,KhbZV111-Hs,1042798,2026-05-26,kept,80年代流行曲,Timeless Music Hong Kong天碟 / YouTube
Pop 80s,songlists/pop-80s.json,POP80-174,我不在乎,yQf8WiYNrtA,1013928,2026-05-26,kept,80年代流行曲,東聲唱片傳播有限公司E-VOICE MUSIC / YouTube
Pop 80s,songlists/pop-80s.json,POP80-175,萬千星輝賀台慶,6UZbYI3Z4Hk,999240,2026-05-26,kept,80年代流行曲,TVB USA Official / YouTube
Pop 80s,songlists/pop-80s.json,POP80-176,誘惑的街,vK4RRnoMAO8,985719,2026-05-26,kept,80年代流行曲,brokenboneclub / YouTube
Pop 80s,songlists/pop-80s.json,POP80-177,我曾用心爱着你,aMH84dCa9ik,968055,2026-05-26,kept,80年代流行曲,Sky Lee / YouTube
Pop 80s,songlists/pop-80s.json,POP80-178,老的辣,WKTq07rRZZg,933951,2026-05-26,kept,80年代流行曲,寰亞音樂 Media Asia Music Official Channel / YouTube
Pop 80s,songlists/pop-80s.json,POP80-179,玻璃窗的愛,yWM-QhcSj0A,932919,2026-05-26,kept,80年代流行曲,CH DAILYPEOPLE / YouTube
Pop 80s,songlists/pop-80s.json,POP80-180,身外情,mPeNbLeTi6c,929558,2026-05-26,kept,80年代流行曲,英皇娛樂 eeg music / YouTube
Pop 80s,songlists/pop-80s.json,POP80-181,癡癡的等,oUFEAyTnOiU,920194,2026-05-26,kept,80年代流行曲,滾石唱片 ROCK RECORDS / YouTube
Pop 80s,songlists/pop-80s.json,POP80-182,擦身情緣,QoY_HoHJUq4,892404,2026-05-26,kept,80年代流行曲,OldSchoolLad / YouTube
Pop 80s,songlists/pop-80s.json,POP80-183,傳說,kRu2QZrXICY,881616,2026-05-26,kept,80年代流行曲,謝四哥 / YouTube
Pop 80s,songlists/pop-80s.json,POP80-184,傻女 1989 日本,v43upKPqS94,876426,2026-05-26,kept,80年代流行曲,Kate James / YouTube
Pop 80s,songlists/pop-80s.json,POP80-185,深海,q9_2djU8z20,870349,2026-05-26,kept,80年代流行曲,JackyCheungVEVO / YouTube
Pop 80s,songlists/pop-80s.json,POP80-186,蓋亞,7E6nFE5BHsg,857696,2026-05-26,kept,80年代流行曲,universalmusichk / YouTube
Pop 80s,songlists/pop-80s.json,POP80-187,珍重,LZe9E8TAT8o,848812,2026-05-26,kept,80年代流行曲,Timeless Music Hong Kong天碟 / YouTube
Pop 80s,songlists/pop-80s.json,POP80-188,格林童話,zxq8mp5LcBo,845457,2026-05-26,kept,80年代流行曲,李克勤 Hacken Lee / YouTube
Pop 80s,songlists/pop-80s.json,POP80-189,離開情人的日子,o0EwpqwadoQ,841114,2026-05-26,kept,80年代流行曲,Timeless Music Hong Kong天碟 / YouTube
Pop 80s,songlists/pop-80s.json,POP80-190,纏綿,wZJ2muo4IW0,840790,2026-05-26,kept,80年代流行曲,Miss / YouTube
Pop 80s,songlists/pop-80s.json,POP80-191,我愛你,VE7XvNnYQ54,839777,2026-05-26,kept,80年代流行曲,devilpokeat3 / YouTube
Pop 80s,songlists/pop-80s.json,POP80-192,无悔这一生,Oepmu6wWL5E,828220,2026-05-26,kept,80年代流行曲,GM Lyric / YouTube
Pop 80s,songlists/pop-80s.json,POP80-193,順流逆流,CrFyxF-eQJQ,825757,2026-05-26,kept,80年代流行曲,沿途有你 2 / YouTube
Pop 80s,songlists/pop-80s.json,POP80-194,如果你是我的传说,UgsvQw8bFIU,819056,2026-05-26,kept,80年代流行曲,GM Lyric / YouTube
Pop 80s,songlists/pop-80s.json,POP80-195,玫瑰香,Zmw82bh5iQU,813215,2026-05-26,kept,80年代流行曲,滾石唱片 ROCK RECORDS / YouTube
Pop 80s,songlists/pop-80s.json,POP80-196,想你,pBnHNheHIUE,812594,2026-05-26,kept,80年代流行曲,滾石唱片 ROCK RECORDS / YouTube
Pop 80s,songlists/pop-80s.json,POP80-197,紅唇綠酒,wpsD3MIvd9U,800070,2026-05-26,kept,80年代流行曲,無敵是甄妮! / YouTube
Pop 80s,songlists/pop-80s.json,POP80-198,為我照顧她,NccA14RBJNg,791393,2026-05-26,kept,80年代流行曲,滾石唱片 ROCK RECORDS / YouTube
Pop 80s,songlists/pop-80s.json,POP80-199,漁舟唱晚,F-2PQxIkJqY,776218,2026-05-26,kept,80年代流行曲,醉人金曲 / YouTube
Pop 80s,songlists/pop-80s.json,POP80-200,信自己,z1LxRcx81VQ,762596,2026-05-26,kept,80年代流行曲,Timeless Music Hong Kong天碟 / YouTube
Pop 80s,songlists/pop-80s.json,POP80-201,你好毒,YJyGevAUArA,756753,2026-05-26,kept,80年代流行曲,JackyCheungVEVO / YouTube
Pop 80s,songlists/pop-80s.json,POP80-202,紅顏白髮,T7mkB81AjJ4,741700,2026-05-26,kept,80年代流行曲,滾石唱片 ROCK RECORDS / YouTube
Pop 80s,songlists/pop-80s.json,POP80-203,夢仍是一樣,h_-J8Dg-dGA,740426,2026-05-26,kept,80年代流行曲,AlanTamVEVO / YouTube
Pop 80s,songlists/pop-80s.json,POP80-204,今夜星光燦爛,02vms3Eokz0,737401,2026-05-26,kept,80年代流行曲,happyfriday007 / YouTube
Pop 80s,songlists/pop-80s.json,POP80-205,粤语 557630,1meTpVwz_n0,727642,2026-05-26,kept,80年代流行曲,科技 音乐 娱乐TV / YouTube
Pop 80s,songlists/pop-80s.json,POP80-206,情凭谁来定错对,Ib53xpwTCLg,725872,2026-05-26,kept,80年代流行曲,GM Lyric / YouTube
Pop 80s,songlists/pop-80s.json,POP80-207,黄昏,DITS_HDrKzM,715109,2026-05-26,kept,80年代流行曲,环球视听1980 / YouTube
Pop 80s,songlists/pop-80s.json,POP80-208,這些那些,e-LaaRBBzfc,712647,2026-05-26,kept,80年代流行曲,滾石唱片 ROCK RECORDS / YouTube
Pop 80s,songlists/pop-80s.json,POP80-209,天意人心,3jDRCqyEDEw,712325,2026-05-26,kept,80年代流行曲,TerenceTsoiVEVO / YouTube
Pop 80s,songlists/pop-80s.json,POP80-210,失戀,VFfaVW5Au2I,712013,2026-05-26,kept,80年代流行曲,GrasshopperVEVO / YouTube
Pop 80s,songlists/pop-80s.json,POP80-211,愛和承諾,hSCgKsxGUcI,711232,2026-05-26,kept,80年代流行曲,JackyCheungVEVO / YouTube
Pop 80s,songlists/pop-80s.json,POP80-212,農民,iaEEwpl9RsU,707951,2026-05-26,kept,80年代流行曲,Timeless Music Hong Kong天碟 / YouTube
Pop 80s,songlists/pop-80s.json,POP80-213,月亮代表我的心,t-YCjDfhBmQ,707659,2026-05-26,kept,80年代流行曲,滾石唱片 ROCK RECORDS / YouTube
Pop 80s,songlists/pop-80s.json,POP80-214,暴风女神,-WeKvGCyiWI,691093,2026-05-26,kept,80年代流行曲,GM Lyric / YouTube
Pop 80s,songlists/pop-80s.json,POP80-215,三分鐘放縱,quYu2vA3rwo,685577,2026-05-26,kept,80年代流行曲,GrasshopperVEVO / YouTube
Pop 80s,songlists/pop-80s.json,POP80-216,今天,DuitCiGJvOA,681854,2026-05-26,kept,80年代流行曲,Miss / YouTube
Pop 80s,songlists/pop-80s.json,POP80-217,陪着你走,wnLqhVPOUes,678415,2026-05-26,kept,80年代流行曲,universalmusichk / YouTube
Pop 80s,songlists/pop-80s.json,POP80-218,杜德伟,4OJnlkTTFdg,674458,2026-05-26,kept,80年代流行曲,xOwl / YouTube
Pop 80s,songlists/pop-80s.json,POP80-219,幾分鐘的約會,jHTsbFTGK2o,671860,2026-05-26,kept,80年代流行曲,Timeless Music Hong Kong天碟 / YouTube
Pop 80s,songlists/pop-80s.json,POP80-220,沒有你之後,CYxkWF-meeg,669971,2026-05-26,kept,80年代流行曲,Asian Film Guy / YouTube
Pop 80s,songlists/pop-80s.json,POP80-221,戀愛為何物,22DhJf5vAiE,667803,2026-05-26,kept,80年代流行曲,universalmusichk / YouTube
Pop 80s,songlists/pop-80s.json,POP80-222,我曾用心愛著你,K2ec_XXxPDs,664655,2026-05-26,kept,80年代流行曲,Zhen Ni - Topic / YouTube
Pop 80s,songlists/pop-80s.json,POP80-223,逝去的诺言,dfjdoswqC4s,661852,2026-05-26,kept,80年代流行曲,常惭愧 / YouTube
Pop 80s,songlists/pop-80s.json,POP80-224,失蹤,h-m-in0p_iw,646531,2026-05-26,kept,80年代流行曲,Timeless Music / YouTube
Pop 80s,songlists/pop-80s.json,POP80-225,岁月无声,qaA5u2GQwus,641913,2026-05-26,kept,80年代流行曲,GM Lyric / YouTube
Pop 80s,songlists/pop-80s.json,POP80-226,每段路,wxVTfX3B0NA,636814,2026-05-26,kept,80年代流行曲,沿途有你 2 / YouTube
Pop 80s,songlists/pop-80s.json,POP80-227,交叉點,M3jBiwgMx9g,626356,2026-05-26,kept,80年代流行曲,沿途有你 2 / YouTube
Pop 80s,songlists/pop-80s.json,POP80-228,當我想起你,XkW6Kl_ZK2A,598697,2026-05-26,kept,80年代流行曲,Timeless Music Hong Kong天碟 / YouTube
Pop 80s,songlists/pop-80s.json,POP80-229,祇有你不知道,oXZOSjubZD0,594825,2026-05-26,kept,80年代流行曲,JackyCheungVEVO / YouTube
Pop 80s,songlists/pop-80s.json,POP80-230,卢冠廷,fTz5nODL9e4,594766,2026-05-26,kept,80年代流行曲,GM Lyric / YouTube
Pop 80s,songlists/pop-80s.json,POP80-231,黎明不要來,7n0H7HhOCNo,593852,2026-05-26,kept,80年代流行曲,Timeless Music Hong Kong天碟 / YouTube
Pop 80s,songlists/pop-80s.json,POP80-232,想和你去吹吹風,sTPnrknKlTs,592911,2026-05-26,kept,80年代流行曲,JackyCheungVEVO / YouTube
Pop 80s,songlists/pop-80s.json,POP80-233,傷一回,8vSVtDLLW0g,592391,2026-05-26,kept,80年代流行曲,Timeless Music Hong Kong天碟 / YouTube
Pop 80s,songlists/pop-80s.json,POP80-234,弦續,k9ACWOkHb6g,591766,2026-05-26,kept,80年代流行曲,李克勤 Hacken Lee / YouTube
Pop 80s,songlists/pop-80s.json,POP80-235,韋綺姍,q25YWawBKhM,590232,2026-05-26,kept,80年代流行曲,lucky / YouTube
Pop 80s,songlists/pop-80s.json,POP80-236,單身狗,vlw-fJdkusA,585008,2026-05-26,kept,80年代流行曲,李克勤 Hacken Lee / YouTube
Pop 80s,songlists/pop-80s.json,POP80-237,陳苑淇,WdRdYQSi37Y,578640,2026-05-26,kept,80年代流行曲,vivian tin / YouTube
Pop 80s,songlists/pop-80s.json,POP80-238,留住我吧,nf6e4zSorRc,570252,2026-05-26,kept,80年代流行曲,Timeless Music Hong Kong天碟 / YouTube
Pop 80s,songlists/pop-80s.json,POP80-239,陪伴,rua-Zr0FwjU,567686,2026-05-26,kept,80年代流行曲,Priscilla Chan 陳慧嫻 / YouTube
Pop 80s,songlists/pop-80s.json,POP80-240,急流勇退,Oc9c2E0zYUI,555835,2026-05-26,kept,80年代流行曲,MLYin朗仔 / YouTube
Pop 80s,songlists/pop-80s.json,POP80-241,結束不是我要的結果,n-RORUGp6wE,554425,2026-05-26,kept,80年代流行曲,JackyCheungVEVO / YouTube
Pop 80s,songlists/pop-80s.json,POP80-242,再見理想,32aCnqXGdSI,548261,2026-05-26,kept,80年代流行曲,BeyondVEVO / YouTube
Pop 80s,songlists/pop-80s.json,POP80-243,曾是拥有,eM24viDgDIM,545491,2026-05-26,kept,80年代流行曲,GM Lyric / YouTube
Pop 80s,songlists/pop-80s.json,POP80-244,童年,mRKTOZmX2cE,31379264,2026-06-02,kept,80年代流行曲,C.Jason / YouTube
Pop 80s,songlists/pop-80s.json,POP80-245,天龍訣,ztS276kBYZk,531566,2026-05-26,kept,80年代流行曲,沿途有你 2 / YouTube
Pop 80s,songlists/pop-80s.json,POP80-246,在水中央,5dMLwx9EuLc,527236,2026-05-26,kept,80年代流行曲,沿途有你 2 / YouTube
Pop 80s,songlists/pop-80s.json,POP80-247,吸煙的女人,Cq3g1ffzEO0,522306,2026-05-26,kept,80年代流行曲,The Music City / YouTube
Pop 80s,songlists/pop-80s.json,POP80-248,某月某日,dEVhUZ1Wzro,520578,2026-05-26,kept,80年代流行曲,Vinyl hope / YouTube
Pop 80s,songlists/pop-80s.json,POP80-249,随缘,d0gb7zFy1hg,509539,2026-05-26,kept,80年代流行曲,环球视听1980 / YouTube
Pop 80s,songlists/pop-80s.json,POP80-250,隨想曲,OAXfkKx1_VI,504173,2026-05-26,kept,80年代流行曲,Pepsi Tang / YouTube
Pop 80s,songlists/pop-80s.json,POP80-251,二分之一的幸福,tRtJ33FTbw0,501717,2026-05-26,kept,80年代流行曲,JackyCheungVEVO / YouTube
Pop 80s,songlists/pop-80s.json,POP80-252,蚌的啟示,mP_7ID6mWpU,500386,2026-05-26,kept,80年代流行曲,TheTset1 / YouTube
Pop 80s,songlists/pop-80s.json,POP80-253,與女兒鍾懿合唱,P-xwkpHP7hU,499611,2026-05-26,removed-under-500k,80年代流行曲,TVB USA Official / YouTube
Pop 80s,songlists/pop-80s.json,POP80-254,我們,Rd_ZdqpzOwU,497549,2026-05-26,removed-under-500k,80年代流行曲,博美唱片BMA / YouTube
Pop 80s,songlists/pop-80s.json,POP80-255,有了你,M0UrMsPzLpE,491355,2026-05-26,removed-under-500k,80年代流行曲,Timeless Music Hong Kong天碟 / YouTube
Pop 80s,songlists/pop-80s.json,POP80-256,解開,7wvt9dnWsJE,491271,2026-05-26,removed-under-500k,80年代流行曲,東亞唱片 East Asia Music Official Channel / YouTube
Pop 80s,songlists/pop-80s.json,POP80-257,一生不忘記,74jWw1qsxDU,487856,2026-05-26,removed-under-500k,80年代流行曲,Ozsharpener / YouTube
Pop 80s,songlists/pop-80s.json,POP80-258,妳令我快樂過,cAa-207QLHI,484722,2026-05-26,removed-under-500k,80年代流行曲,靳能 / YouTube
Pop 80s,songlists/pop-80s.json,POP80-259,拯救地球,cbjHP4AR08I,484419,2026-05-26,removed-under-500k,80年代流行曲,滾石唱片 ROCK RECORDS / YouTube
Pop 80s,songlists/pop-80s.json,POP80-260,人辦,CWmXkusChf4,481685,2026-05-26,removed-under-500k,80年代流行曲,東亞唱片 East Asia Music Official Channel / YouTube
Pop 80s,songlists/pop-80s.json,POP80-261,逝去日子,HMr_CXtrJhE,477233,2026-05-26,removed-under-500k,80年代流行曲,GM Lyric / YouTube
Pop 80s,songlists/pop-80s.json,POP80-262,忘了隱藏,yUFfjHHJjbc,477007,2026-05-26,removed-under-500k,80年代流行曲,RiderRex / YouTube
Pop 80s,songlists/pop-80s.json,POP80-263,第一次,WYNVEXufihM,471281,2026-05-26,removed-under-500k,80年代流行曲,華星唱片 Capital Artists Official Channel / YouTube
Pop 80s,songlists/pop-80s.json,POP80-264,只要你过得比我好,gIHF1PrtE_s,465947,2026-05-26,removed-under-500k,80年代流行曲,SMG音乐频道 / YouTube
Pop 80s,songlists/pop-80s.json,POP80-265,登場,CbLe72uMXUc,465108,2026-05-26,removed-under-500k,80年代流行曲,Focus Music Official / YouTube
Pop 80s,songlists/pop-80s.json,POP80-266,黑白畫映,VgZOTkx5PD8,455763,2026-05-26,removed-under-500k,80年代流行曲,JackyCheungVEVO / YouTube
Pop 80s,songlists/pop-80s.json,POP80-267,缺口,idTxSWmQZTU,455665,2026-05-26,removed-under-500k,80年代流行曲,滾石唱片 ROCK RECORDS / YouTube
Pop 80s,songlists/pop-80s.json,POP80-268,爱你痛到不知痛,mOLKdWowRz0,455241,2026-05-26,removed-under-500k,80年代流行曲,GM Lyric / YouTube
Pop 80s,songlists/pop-80s.json,POP80-269,无泪的遗憾,1I09Ck7ZZXs,453688,2026-05-26,removed-under-500k,80年代流行曲,GM Lyric / YouTube
Pop 80s,songlists/pop-80s.json,POP80-270,灰色軌跡,Xw471hDT2CU,453596,2026-05-26,removed-under-500k,80年代流行曲,SOH8090 / YouTube
Pop 80s,songlists/pop-80s.json,POP80-271,餘生一起過,AyPxhMOWiV4,450875,2026-05-26,removed-under-500k,80年代流行曲,東亞唱片 East Asia Music Official Channel / YouTube
Pop 80s,songlists/pop-80s.json,POP80-272,有酒今朝醉,XLfCYvUsaPY,450043,2026-05-26,removed-under-500k,80年代流行曲,Potassium Jeffrey / YouTube
Pop 80s,songlists/pop-80s.json,POP80-273,不見不散,sepYcxaMzEg,447294,2026-05-26,removed-under-500k,80年代流行曲,滾石唱片 ROCK RECORDS / YouTube
Pop 80s,songlists/pop-80s.json,POP80-274,如果这都不算爱,rKtCERFPOQM,444169,2026-05-26,removed-under-500k,80年代流行曲,GM Lyric / YouTube
Pop 80s,songlists/pop-80s.json,POP80-275,慢慢習慣,tf8gn5EA2do,439025,2026-05-26,removed-under-500k,80年代流行曲,Focus Music Official / YouTube
Pop 80s,songlists/pop-80s.json,POP80-276,彩虹,_wk8e-s5FpY,436594,2026-05-26,removed-under-500k,80年代流行曲,滾石唱片 ROCK RECORDS / YouTube
Pop 80s,songlists/pop-80s.json,POP80-277,列車上對著坐的兩個人,m8c3m4Eedis,427548,2026-05-26,removed-under-500k,80年代流行曲,Lowell Lo 盧冠廷 / YouTube
Pop 80s,songlists/pop-80s.json,POP80-278,沉默的眼睛,kICP_uwc-Yg,427387,2026-05-26,removed-under-500k,80年代流行曲,universalmusichk / YouTube
Pop 80s,songlists/pop-80s.json,POP80-279,諾言,qvsAYoQTbrI,418138,2026-05-26,removed-under-500k,80年代流行曲,Timeless Music Hong Kong天碟 / YouTube
Pop 80s,songlists/pop-80s.json,POP80-280,我不會唱歌,JOjCTESMdHs,412747,2026-05-26,removed-under-500k,80年代流行曲,HackenLeeVEVO / YouTube
Pop 80s,songlists/pop-80s.json,POP80-281,快樂老實人,KS9T_hGkT9Q,406313,2026-05-26,removed-under-500k,80年代流行曲,universalmusichk / YouTube
Pop 80s,songlists/pop-80s.json,POP80-282,雪中情,iHH9cc2HzBg,405534,2026-05-26,removed-under-500k,80年代流行曲,沿途有你 2 / YouTube
Pop 80s,songlists/pop-80s.json,POP80-283,無心快意,NR1QHCsIz0s,403763,2026-05-26,removed-under-500k,80年代流行曲,東亞唱片 East Asia Music Official Channel / YouTube
Pop 80s,songlists/pop-80s.json,POP80-284,當我遇上你,cHKKFonQTwA,402607,2026-05-26,removed-under-500k,80年代流行曲,Miss / YouTube
Pop 80s,songlists/pop-80s.json,POP80-285,夏日寒風,4fOFBSSACgw,400942,2026-05-26,removed-under-500k,80年代流行曲,AlanTamVEVO / YouTube
Pop 80s,songlists/pop-80s.json,POP80-286,我和春天有個約會,7TK1UCH-hbI,393484,2026-05-26,removed-under-500k,80年代流行曲,Timeless Music / YouTube
Pop 80s,songlists/pop-80s.json,POP80-287,幾許風雨,4SHLLgMVUuc,387338,2026-05-26,removed-under-500k,80年代流行曲,沿途有你 2 / YouTube
Pop 80s,songlists/pop-80s.json,POP80-288,傾斜,g2mQeVX_eqg,385843,2026-05-26,removed-under-500k,80年代流行曲,Timeless Music Hong Kong天碟 / YouTube
Pop 80s,songlists/pop-80s.json,POP80-289,飢餓的毛毛蟲,_Gw-rZAJbqA,384633,2026-05-26,removed-under-500k,80年代流行曲,李克勤 Hacken Lee / YouTube
Pop 80s,songlists/pop-80s.json,POP80-290,邝美云,msH0UctUSw8,384319,2026-05-26,removed-under-500k,80年代流行曲,樂曲人生 / YouTube
Pop 80s,songlists/pop-80s.json,POP80-291,如果天有情,P8f4RY0UizU,382209,2026-05-26,removed-under-500k,80年代流行曲,Miss / YouTube
Pop 80s,songlists/pop-80s.json,POP80-292,捨不得,dWpkLwoSF7Y,378911,2026-05-26,removed-under-500k,80年代流行曲,安森林 / YouTube
Pop 80s,songlists/pop-80s.json,POP80-293,真情難分離,K1wI3wlo9bc,375873,2026-05-26,removed-under-500k,80年代流行曲,Cheng Yu Hsiao / YouTube
Pop 80s,songlists/pop-80s.json,POP80-294,忘記你,hIt0A2Cv8Ik,375475,2026-05-26,removed-under-500k,80年代流行曲,滾石唱片 ROCK RECORDS / YouTube
Pop 80s,songlists/pop-80s.json,POP80-295,由零開始,MALiry6e7bg,371668,2026-05-26,removed-under-500k,80年代流行曲,A C Entertainment 及時娛樂 / YouTube
Pop 80s,songlists/pop-80s.json,POP80-296,回憶有罪,kZaE6jAwOM4,369545,2026-05-26,removed-under-500k,80年代流行曲,黃耀明Anthony Wong / YouTube
Pop 80s,songlists/pop-80s.json,POP80-297,欠你一句我愛你,KPJHxqnJIKA,367472,2026-05-26,removed-under-500k,80年代流行曲,李克勤 Hacken Lee / YouTube
Pop 80s,songlists/pop-80s.json,POP80-298,最緊要好玩,BOjWh9BVvVM,367272,2026-05-26,removed-under-500k,80年代流行曲,"Sam願永遠
許冠傑正歌永流傳
Sam Hui Continues / YouTube"
Pop 80s,songlists/pop-80s.json,POP80-299,愛得比你深,ZELnMFsrAn0,363295,2026-05-26,removed-under-500k,80年代流行曲,JackyCheungVEVO / YouTube
Pop 80s,songlists/pop-80s.json,POP80-300,我的姓氏,0VRdNQU7f2k,361008,2026-05-26,removed-under-500k,80年代流行曲,健康和娛樂節目 / YouTube
Pop 80s,songlists/pop-80s.json,POP80-301,為愛存在,P2NlMhk8Rb4,353120,2026-05-26,removed-under-500k,80年代流行曲,滾石唱片 ROCK RECORDS / YouTube
Pop 80s,songlists/pop-80s.json,POP80-302,情歸何處,GIDyhXvlz0U,352811,2026-05-26,removed-under-500k,80年代流行曲,華星唱片 Capital Artists Official Channel / YouTube
Pop 80s,songlists/pop-80s.json,POP80-303,容易受傷的女人,W0dVh2pdWYg,352532,2026-05-26,removed-under-500k,80年代流行曲,Cally Kwong - Topic / YouTube
Pop 80s,songlists/pop-80s.json,POP80-304,朦朧夜雨裡,HcpvO-zjGqQ,350742,2026-05-26,removed-under-500k,80年代流行曲,華星唱片 Capital Artists Official Channel / YouTube
Pop 80s,songlists/pop-80s.json,POP80-305,該不該,LHkSve_Aud0,350225,2026-05-26,removed-under-500k,80年代流行曲,JackyCheungVEVO / YouTube
Pop 80s,songlists/pop-80s.json,POP80-306,救你,AVOaFvkdjMI,349129,2026-05-26,removed-under-500k,80年代流行曲,滾石唱片 ROCK RECORDS / YouTube
Pop 80s,songlists/pop-80s.json,POP80-307,禮物,l1eQQnfj9-E,348256,2026-05-26,removed-under-500k,80年代流行曲,JackyCheungVEVO / YouTube
Pop 80s,songlists/pop-80s.json,POP80-308,早班火车,4ib-AsskP54,348067,2026-05-26,removed-under-500k,80年代流行曲,GM Lyric / YouTube
Pop 80s,songlists/pop-80s.json,POP80-309,眷戀,AevglU-sysI,347606,2026-05-26,removed-under-500k,80年代流行曲,HackenLeeVEVO / YouTube
Pop 80s,songlists/pop-80s.json,POP80-310,至愛,GpEkbwBP8GI,345497,2026-05-26,removed-under-500k,80年代流行曲,dannymtv / YouTube
Pop 80s,songlists/pop-80s.json,POP80-311,天下無敵,XvXY4oKqCzM,344704,2026-05-26,removed-under-500k,80年代流行曲,universalmusichk / YouTube
Pop 80s,songlists/pop-80s.json,POP80-312,摘星,4CBEbCvNfrU,342749,2026-05-26,removed-under-500k,80年代流行曲,Timeless Music Hong Kong天碟 / YouTube
Pop 80s,songlists/pop-80s.json,POP80-313,今天應該很高興,PR6lMuvD_IE,339199,2026-05-26,removed-under-500k,80年代流行曲,啤梨布丁 / YouTube
Pop 80s,songlists/pop-80s.json,POP80-314,农民,Egi5YH6PuV0,338879,2026-05-26,removed-under-500k,80年代流行曲,GM Lyric / YouTube
Pop 80s,songlists/pop-80s.json,POP80-315,詠梅,GrIzLiLeExU,338856,2026-05-26,removed-under-500k,80年代流行曲,沿途有你 2 / YouTube
Pop 80s,songlists/pop-80s.json,POP80-316,恭喜你,xvo12s2yhDg,338191,2026-05-26,removed-under-500k,80年代流行曲,Timeless Music Hong Kong天碟 / YouTube
Pop 80s,songlists/pop-80s.json,POP80-317,也許,vBSGpd6lwX8,336030,2026-05-26,removed-under-500k,80年代流行曲,universalmusichk / YouTube
Pop 80s,songlists/pop-80s.json,POP80-318,合鍵,90T-wjhCdmU,333927,2026-05-26,removed-under-500k,80年代流行曲,沿途有你 2 / YouTube
Pop 80s,songlists/pop-80s.json,POP80-319,小李飛刀,t9BGkfsFJoQ,333905,2026-05-26,removed-under-500k,80年代流行曲,TTV 台視官方頻道 TTV Official Channel / YouTube
Pop 80s,songlists/pop-80s.json,POP80-320,捕風的漢子,zB7xQGh-QXs,331800,2026-05-26,removed-under-500k,80年代流行曲,AlanTamVEVO / YouTube
Pop 80s,songlists/pop-80s.json,POP80-321,孔子曰,yro2jrpZS8g,331228,2026-05-26,removed-under-500k,80年代流行曲,Music13ilove • 宇宙和諧  世界一家  • / YouTube
Pop 80s,songlists/pop-80s.json,POP80-322,改變,2asc5s90rKU,327993,2026-05-26,removed-under-500k,80年代流行曲,滾石唱片 ROCK RECORDS / YouTube
Pop 80s,songlists/pop-80s.json,POP80-323,再坐一會,kDyAvuZ_6gI,326271,2026-05-26,removed-under-500k,80年代流行曲,Neway Star Official Channel / YouTube
Pop 80s,songlists/pop-80s.json,POP80-324,李香蘭,nfT5cNmp0Mk,325020,2026-05-26,removed-under-500k,80年代流行曲,tong0048 / YouTube
Pop 80s,songlists/pop-80s.json,POP80-325,我的生命我的愛,VUlP8dEUscA,321796,2026-05-26,removed-under-500k,80年代流行曲,AlanTamVEVO / YouTube
Pop 80s,songlists/pop-80s.json,POP80-326,欲斷難斷,m26JpMBkS6I,320739,2026-05-26,removed-under-500k,80年代流行曲,沿途有你 2 / YouTube
Pop 80s,songlists/pop-80s.json,POP80-327,堆積情感,Er7pS2M3gLo,317600,2026-05-26,removed-under-500k,80年代流行曲,Cally Kwong - Topic / YouTube
Pop 80s,songlists/pop-80s.json,POP80-328,最完美的分手,g4AfE8x_YEY,317518,2026-05-26,removed-under-500k,80年代流行曲,李克勤 Hacken Lee / YouTube
Pop 80s,songlists/pop-80s.json,POP80-329,主演,vYcevMjU6KA,316380,2026-05-26,removed-under-500k,80年代流行曲,637 TWS / YouTube
Pop 80s,songlists/pop-80s.json,POP80-330,我願意,M3-nyYn6-8g,306134,2026-05-26,removed-under-500k,80年代流行曲,華星唱片 Capital Artists Official Channel / YouTube
Pop 80s,songlists/pop-80s.json,POP80-331,痴情意外,4YO3gtGi9dw,305833,2026-05-26,removed-under-500k,80年代流行曲,Kate James / YouTube
Pop 80s,songlists/pop-80s.json,POP80-332,紅葉斜落我心寂寞時,xu6FCVQ9CJI,303483,2026-05-26,removed-under-500k,80年代流行曲,universalmusichk / YouTube
Pop 80s,songlists/pop-80s.json,POP80-333,枯榮,4-Afq_J-iWI,297384,2026-05-26,removed-under-500k,80年代流行曲,SandyLamVideo / YouTube
Pop 80s,songlists/pop-80s.json,POP80-334,跑遠,myfCA1Q_NOI,296010,2026-05-26,removed-under-500k,80年代流行曲,滾石唱片 ROCK RECORDS / YouTube
Pop 80s,songlists/pop-80s.json,POP80-335,深秋立樓頭,bsr3pAx4op0,291512,2026-05-26,removed-under-500k,80年代流行曲,PaulaTsuiVEVO / YouTube
Pop 80s,songlists/pop-80s.json,POP80-336,始終會行運,nXjbxifccBk,289411,2026-05-26,removed-under-500k,80年代流行曲,華星唱片 Capital Artists Official Channel / YouTube
Pop 80s,songlists/pop-80s.json,POP80-337,一個錯誤,EDn6P-91T0I,289011,2026-05-26,removed-under-500k,80年代流行曲,kikoushou40 / YouTube
Pop 80s,songlists/pop-80s.json,POP80-338,破曉時份,MibEZDJ3UqM,280958,2026-05-26,removed-under-500k,80年代流行曲,HackenLeeVEVO / YouTube
Pop 80s,songlists/pop-80s.json,POP80-339,天花亂墜,uZtOI9FuJRU,278299,2026-05-26,removed-under-500k,80年代流行曲,fatbabyface / YouTube
Pop 80s,songlists/pop-80s.json,POP80-340,願君真愛不相欺,IZ14_Zv0am0,272421,2026-05-26,removed-under-500k,80年代流行曲,沿途有你 2 / YouTube
Pop 80s,songlists/pop-80s.json,POP80-341,但願人長久,3lI6BnbpjVA,268970,2026-05-26,removed-under-500k,80年代流行曲,LowellLoVEVO / YouTube
Pop 80s,songlists/pop-80s.json,POP80-342,不後悔,x0VolIBghv4,268193,2026-05-26,removed-under-500k,80年代流行曲,JackyCheungVEVO / YouTube
Pop 80s,songlists/pop-80s.json,POP80-343,今晚睇李,L0a1VDYkueg,267825,2026-05-26,removed-under-500k,80年代流行曲,TVB USA Official / YouTube
Pop 80s,songlists/pop-80s.json,POP80-344,不羈戀人,aHeAA5W_z-U,267762,2026-05-26,removed-under-500k,80年代流行曲,Kate James / YouTube
Pop 80s,songlists/pop-80s.json,POP80-345,不知不覺愛上你,UeBB_9R_FHY,263518,2026-05-26,removed-under-500k,80年代流行曲,HackenLeeVEVO / YouTube
Pop 80s,songlists/pop-80s.json,POP80-346,灰色,UpDq4ahXdPc,262993,2026-05-26,removed-under-500k,80年代流行曲,SandyLamVEVO / YouTube
Pop 80s,songlists/pop-80s.json,POP80-347,叉燒包,JYAbViInsIg,262744,2026-05-26,removed-under-500k,80年代流行曲,臺師大黃飛鴻 / YouTube
Pop 80s,songlists/pop-80s.json,POP80-348,紅茶館,YcFyOThuVRc,259842,2026-05-26,removed-under-500k,80年代流行曲,Kate James / YouTube
Pop 80s,songlists/pop-80s.json,POP80-349,莫等待,NXA2I_FKreM,254641,2026-05-26,removed-under-500k,80年代流行曲,沿途有你 2 / YouTube
Pop 80s,songlists/pop-80s.json,POP80-350,正氣名曲,lqu3fuPgTbc,253858,2026-05-26,removed-under-500k,80年代流行曲,真愛音樂Music-Love-Peace-Joy / YouTube
Pop 80s,songlists/pop-80s.json,POP80-351,迷惘夜車,PSgcdPrc8L0,253400,2026-05-26,removed-under-500k,80年代流行曲,Vinyl hope / YouTube
Pop 80s,songlists/pop-80s.json,POP80-352,怎麼天生不是女人,DMFKdAbi7cM,251136,2026-05-26,removed-under-500k,80年代流行曲,GrasshopperVEVO / YouTube
Pop 80s,songlists/pop-80s.json,POP80-353,近代豪俠傳,OA2pzEsq6sk,249237,2026-05-26,removed-under-500k,80年代流行曲,忘了!忘不了 / YouTube
Pop 80s,songlists/pop-80s.json,POP80-354,准我,z-lw7WDzh7c,248447,2026-05-26,removed-under-500k,80年代流行曲,Timeless Music Hong Kong天碟 / YouTube
Pop 80s,songlists/pop-80s.json,POP80-355,大會堂演奏廳,lyhzolB4ue8,248120,2026-05-26,removed-under-500k,80年代流行曲,HackenLeeVEVO / YouTube
Pop 80s,songlists/pop-80s.json,POP80-356,投名狀,S_PZxj_2OR8,248010,2026-05-26,removed-under-500k,80年代流行曲,sa760118 / YouTube
Pop 80s,songlists/pop-80s.json,POP80-357,只因愛你,nDzTwfyLmYE,246214,2026-05-26,removed-under-500k,80年代流行曲,Timeless Music Hong Kong天碟 / YouTube
Pop 80s,songlists/pop-80s.json,POP80-358,願我能,k7WeqgyVv9Q,245682,2026-05-26,removed-under-500k,80年代流行曲,BeyondVEVO / YouTube
Pop 80s,songlists/pop-80s.json,POP80-359,卖身契,lMpV8_nTRjk,245676,2026-05-26,removed-under-500k,80年代流行曲,Potassium Jeffrey / YouTube
Pop 80s,songlists/pop-80s.json,POP80-360,忘了他,0Ol3h4a2J-c,242210,2026-05-26,removed-under-500k,80年代流行曲,滾石唱片 ROCK RECORDS / YouTube
Pop 80s,songlists/pop-80s.json,POP80-361,半個吻,wHgmPJsYF24,239349,2026-05-26,removed-under-500k,80年代流行曲,Timeless Music / YouTube
Pop 80s,songlists/pop-80s.json,POP80-362,束縛,7woHNnmeKy8,238367,2026-05-26,removed-under-500k,80年代流行曲,滾石唱片 ROCK RECORDS / YouTube
Pop 80s,songlists/pop-80s.json,POP80-363,激情,JFfD9Am5YUs,238332,2026-05-26,removed-under-500k,80年代流行曲,SandyLamVEVO / YouTube
Pop 80s,songlists/pop-80s.json,POP80-364,陌路人,-9tj1v9SOiE,231421,2026-05-26,removed-under-500k,80年代流行曲,Ken W / YouTube
Pop 80s,songlists/pop-80s.json,POP80-365,我要走天涯,2PUyzCMMorE,230725,2026-05-26,removed-under-500k,80年代流行曲,沿途有你 2 / YouTube
Pop 80s,songlists/pop-80s.json,POP80-366,夢到內河,MCxeySUIYFU,230708,2026-05-26,removed-under-500k,80年代流行曲,LeslieCheungVEVO / YouTube
Pop 80s,songlists/pop-80s.json,POP80-367,重逢,f_aMwpeNWoE,230119,2026-05-26,removed-under-500k,80年代流行曲,Timeless Music Hong Kong天碟 / YouTube
Pop 80s,songlists/pop-80s.json,POP80-368,人間天堂,tfS8xYIsHEI,224977,2026-05-26,removed-under-500k,80年代流行曲,universalmusichk / YouTube
Pop 80s,songlists/pop-80s.json,POP80-369,唇印,uOcTzyWFaCw,224452,2026-05-26,removed-under-500k,80年代流行曲,ucla5277 / YouTube
Pop 80s,songlists/pop-80s.json,POP80-370,默讀傷悲,agdeN7HM9oA,224098,2026-05-26,removed-under-500k,80年代流行曲,Timeless Music / YouTube
Pop 80s,songlists/pop-80s.json,POP80-371,徐小凤,tQJu_-pP4bE,223353,2026-05-26,removed-under-500k,80年代流行曲,樂曲人生 / YouTube
Pop 80s,songlists/pop-80s.json,POP80-372,講不出的告別,-uL0EJkWWZQ,219694,2026-05-26,removed-under-500k,80年代流行曲,AlanTamVEVO / YouTube
Pop 80s,songlists/pop-80s.json,POP80-373,孤星淚,IBnxA-FZArw,219351,2026-05-26,removed-under-500k,80年代流行曲,Miss / YouTube
Pop 80s,songlists/pop-80s.json,POP80-374,夜風中,m3NXYOdI6FQ,217302,2026-05-26,removed-under-500k,80年代流行曲,PaulaTsuiVEVO / YouTube
Pop 80s,songlists/pop-80s.json,POP80-375,限時專送,2hvsOR7wgUA,216803,2026-05-26,removed-under-500k,80年代流行曲,Charlie Shih / YouTube
Pop 80s,songlists/pop-80s.json,POP80-376,斗升,2b7ZaNf1Ewk,216071,2026-05-26,removed-under-500k,80年代流行曲,陳家樂 / YouTube
Pop 80s,songlists/pop-80s.json,POP80-377,海阔天空,YMvJr-ThHPE,215016,2026-05-26,removed-under-500k,80年代流行曲,Bonbon / YouTube
Pop 80s,songlists/pop-80s.json,POP80-378,关正杰,qt_VNWt6Xms,214463,2026-05-26,removed-under-500k,80年代流行曲,一丘 / YouTube
Pop 80s,songlists/pop-80s.json,POP80-379,難道真的我能忘記妳,HCKyP_nzkxc,212687,2026-05-26,removed-under-500k,80年代流行曲,chava680215 / YouTube
Pop 80s,songlists/pop-80s.json,POP80-380,陪着我走,7rv1O_oFM8U,210515,2026-05-26,removed-under-500k,80年代流行曲,Lowell Lo 盧冠廷 / YouTube
Pop 80s,songlists/pop-80s.json,POP80-381,愛你愛的不尋常,g_g8Cs_rxnI,207103,2026-05-26,removed-under-500k,80年代流行曲,滾石唱片 ROCK RECORDS / YouTube
Pop 80s,songlists/pop-80s.json,POP80-382,世事何曾是絕對,uXnctRwurws,203320,2026-05-26,removed-under-500k,80年代流行曲,LowellLoVEVO / YouTube
Pop 80s,songlists/pop-80s.json,POP80-383,一個人飛,wbeeHcRVq0U,201180,2026-05-26,removed-under-500k,80年代流行曲,HackenLeeVEVO / YouTube
Pop 80s,songlists/pop-80s.json,POP80-384,不再問究竟,8Um0Nqk1-G4,200284,2026-05-26,removed-under-500k,80年代流行曲,Timeless Music Hong Kong天碟 / YouTube
Pop 80s,songlists/pop-80s.json,POP80-385,邁步向前,gHec7YIp3uI,197573,2026-05-26,removed-under-500k,80年代流行曲,Timeless Music Hong Kong天碟 / YouTube
Pop 80s,songlists/pop-80s.json,POP80-386,韋綺珊,d-VtERKApys,196040,2026-05-26,removed-under-500k,80年代流行曲,timoyueo / YouTube
Pop 80s,songlists/pop-80s.json,POP80-387,淩晨舊戲,tXgxApoeT7w,191005,2026-05-26,removed-under-500k,80年代流行曲,Kate James / YouTube
Pop 80s,songlists/pop-80s.json,POP80-388,原谅我今天,cRPmRnqNFf4,189985,2026-05-26,removed-under-500k,80年代流行曲,GM Lyric / YouTube
Pop 80s,songlists/pop-80s.json,POP80-389,柔情淚,uD4cdy2ZfPY,312207,2026-06-02,removed-under-500k,80年代流行曲,SamHuiVEVO / YouTube
Pop 80s,songlists/pop-80s.json,POP80-390,吳倩蓮,fLl4Ugskg7I,187053,2026-05-26,removed-under-500k,80年代流行曲,忘了!忘不了 / YouTube
Pop 80s,songlists/pop-80s.json,POP80-391,回頭已是百年身,an9u509Ryeg,186662,2026-05-26,removed-under-500k,80年代流行曲,華星唱片 Capital Artists Official Channel / YouTube
Pop 80s,songlists/pop-80s.json,POP80-392,親愛的你,ssmytmy7DMk,180953,2026-05-26,removed-under-500k,80年代流行曲,Timeless Music Hong Kong天碟 / YouTube
Pop 80s,songlists/pop-80s.json,POP80-393,你是我的女人,ZJY2G_aMdi4,177409,2026-05-26,removed-under-500k,80年代流行曲,Andy Lau Supporter / YouTube
Pop 80s,songlists/pop-80s.json,POP80-394,我是情癡,NtT7y0b1MV0,177108,2026-05-26,removed-under-500k,80年代流行曲,Pure Asian Pop / YouTube
Pop 80s,songlists/pop-80s.json,POP80-395,你今天快樂嗎,O_4KANb4gNk,176928,2026-05-26,removed-under-500k,80年代流行曲,universalmusichk / YouTube
Pop 80s,songlists/pop-80s.json,POP80-396,紅棉,HmrLsrAUWYQ,174552,2026-05-26,removed-under-500k,80年代流行曲,沿途有你 2 / YouTube
Pop 80s,songlists/pop-80s.json,POP80-397,貪貪貪,8gZBHyQPvgU,169817,2026-05-26,removed-under-500k,80年代流行曲,Kate James / YouTube
Pop 80s,songlists/pop-80s.json,POP80-398,夢想號黃包車,jb_UZgxypHA,162933,2026-05-26,removed-under-500k,80年代流行曲,沿途有你 2 / YouTube
Pop 80s,songlists/pop-80s.json,POP80-399,我寂寞,kOYihpAMwd8,162141,2026-05-26,removed-under-500k,80年代流行曲,PriscillaChanVEVO / YouTube
Pop 80s,songlists/pop-80s.json,POP80-400,為什麼,2TvMmzkk6Ls,161308,2026-05-26,removed-under-500k,80年代流行曲,universalmusichk / YouTube
Pop 80s,songlists/pop-80s.json,POP80-401,我們都是這樣失戀的,6_cExKa7tfc,160784,2026-05-26,removed-under-500k,80年代流行曲,GrasshopperVEVO / YouTube
Pop 80s,songlists/pop-80s.json,POP80-402,獨醉街頭,cUmqBE9B6dg,159689,2026-05-26,removed-under-500k,80年代流行曲,AlanTamVEVO / YouTube
Pop 80s,songlists/pop-80s.json,POP80-403,打不死,2TQojjvfMic,159267,2026-05-26,removed-under-500k,80年代流行曲,滾石唱片 ROCK RECORDS / YouTube
Pop 80s,songlists/pop-80s.json,POP80-404,爸爸的話,ZnzL4BskWZE,155420,2026-05-26,removed-under-500k,80年代流行曲,guligoentertainment / YouTube
Pop 80s,songlists/pop-80s.json,POP80-405,心恋,rwOxg7SRsks,154211,2026-05-26,removed-under-500k,80年代流行曲,SMG音乐频道 / YouTube
Pop 80s,songlists/pop-80s.json,POP80-406,夢醒時分,nku5zFMZAdU,50554273,2026-05-26,kept,80年代流行曲,滾石唱片 ROCK RECORDS / YouTube
Pop 80s,songlists/pop-80s.json,POP80-407,鬼迷心竅,wF0kCGbuVT4,46526076,2026-05-26,kept,80年代流行曲,滾石唱片 ROCK RECORDS / YouTube
Pop 80s,songlists/pop-80s.json,POP80-408,山丘,rVEMTxg_LrU,40478668,2026-05-26,kept,80年代流行曲,相信音樂BinMusic / YouTube
Pop 80s,songlists/pop-80s.json,POP80-409,飄洋過海來看你,hNQohQBFnwI,29666247,2026-05-26,kept,80年代流行曲,滾石唱片 ROCK RECORDS / YouTube
Pop 80s,songlists/pop-80s.json,POP80-410,橄欖樹,LZb8fJZFhlo,25801248,2026-05-26,kept,80年代流行曲,滾石唱片 ROCK RECORDS / YouTube
Pop 80s,songlists/pop-80s.json,POP80-411,多年以後,At3SKCsdBFQ,24265040,2026-05-26,kept,80年代流行曲,Music13ilove • 宇宙和諧  世界一家  • / YouTube
Pop 80s,songlists/pop-80s.json,POP80-412,滾滾紅塵,qVm3GdOd2P8,21568850,2026-05-26,kept,80年代流行曲,陳淑樺 Sarah Chen / YouTube
Pop 80s,songlists/pop-80s.json,POP80-413,凡人歌,mfQel3jxK-g,21462145,2026-05-26,kept,80年代流行曲,滾石唱片 ROCK RECORDS / YouTube
Pop 80s,songlists/pop-80s.json,POP80-414,哭砂,p4YkHQrPt2I,20625490,2026-05-26,kept,80年代流行曲,Timeless Music / YouTube
Pop 80s,songlists/pop-80s.json,POP80-415,我終於失去了妳,67p_MAZUnvE,19139454,2026-05-26,kept,80年代流行曲,滾石唱片 ROCK RECORDS / YouTube
Pop 80s,songlists/pop-80s.json,POP80-416,戀曲1990,GeNIpOsmEwA,18209490,2026-05-26,kept,80年代流行曲,滾石唱片 ROCK RECORDS / YouTube
Pop 80s,songlists/pop-80s.json,POP80-417,給自己的歌,WMVtriQkPxg,14826788,2026-05-26,kept,80年代流行曲,滾石唱片 ROCK RECORDS / YouTube
Pop 80s,songlists/pop-80s.json,POP80-418,追夢人,dZqUFh96_JQ,14653740,2026-05-26,kept,80年代流行曲,as abba / YouTube
Pop 80s,songlists/pop-80s.json,POP80-419,明天你是否依然爱我,hLhqIVtoV5c,14446335,2026-05-26,kept,80年代流行曲,白咖啡音樂 / YouTube
Pop 80s,songlists/pop-80s.json,POP80-420,無人熟識,ASVTqnN_Nu8,13556962,2026-05-26,kept,80年代流行曲,張清芳 Stella / YouTube
Pop 80s,songlists/pop-80s.json,POP80-421,牽手,wJNHRweW5WE,13426119,2026-05-26,kept,80年代流行曲,Timeless Music / YouTube
Pop 80s,songlists/pop-80s.json,POP80-422,给所有知道我名字的人,RyEuElp6D9M,10487753,2026-05-26,kept,80年代流行曲,江西广播电视台今视频 China Jiangxi Radio Network / YouTube
Pop 80s,songlists/pop-80s.json,POP80-423,跟往事乾杯,5maUPQEjvCQ,10222258,2026-05-26,kept,80年代流行曲,K.L. Phuah / YouTube
Pop 80s,songlists/pop-80s.json,POP80-424,最後一夜,YwA0Tsgo_js,9922856,2026-05-26,kept,80年代流行曲,Timeless Music / YouTube
Pop 80s,songlists/pop-80s.json,POP80-425,懸崖,0ZpSE70K1zc,8877778,2026-05-26,kept,80年代流行曲,heixia97 / YouTube
Pop 80s,songlists/pop-80s.json,POP80-426,笑紅塵,rx5Yx9OFiHE,8022618,2026-05-26,kept,80年代流行曲,滾石唱片 ROCK RECORDS / YouTube
Pop 80s,songlists/pop-80s.json,POP80-427,勇敢一點,bfPCrzao5bU,7380483,2026-05-26,kept,80年代流行曲,滾石唱片 ROCK RECORDS / YouTube
Pop 80s,songlists/pop-80s.json,POP80-428,不让我的眼泪陪我过夜,JZBiMtcxumY,7303416,2026-05-26,kept,80年代流行曲,GM Lyric / YouTube
Pop 80s,songlists/pop-80s.json,POP80-429,時間有淚,_7GjLNtbOlk,6950610,2026-05-26,kept,80年代流行曲,UNIVERSAL MUSIC TAIWAN 環球音樂 / YouTube
Pop 80s,songlists/pop-80s.json,POP80-430,我只在乎你,LE6vRCpcbb8,6386063,2026-05-26,kept,80年代流行曲,Eva Yang / YouTube
Pop 80s,songlists/pop-80s.json,POP80-431,微風細雨,QFqpwOaMKKc,5433658,2026-05-26,kept,80年代流行曲,Music13ilove • 宇宙和諧  世界一家  • / YouTube
Pop 80s,songlists/pop-80s.json,POP80-432,花雨夜,yeefEPRKFwA,4726430,2026-05-26,kept,80年代流行曲,張清芳 Stella / YouTube
Pop 80s,songlists/pop-80s.json,POP80-433,大約在冬季,ZYkxIi8H13w,4595351,2026-05-26,kept,80年代流行曲,齊秦經典 Classic Chyi Chin / YouTube
Pop 80s,songlists/pop-80s.json,POP80-434,流水年華,0B7EH-cYnfo,4577476,2026-05-26,kept,80年代流行曲,cometlau / YouTube
Pop 80s,songlists/pop-80s.json,POP80-435,簾後,Yx--odgxwmE,4442509,2026-05-26,kept,80年代流行曲,張清芳 Stella / YouTube
Pop 80s,songlists/pop-80s.json,POP80-436,愛的代價,sre44fHAujc,4226408,2026-05-26,kept,80年代流行曲,滾石唱片 ROCK RECORDS / YouTube
Pop 80s,songlists/pop-80s.json,POP80-437,最近比較煩,5lectiCCUqc,4004393,2026-05-26,kept,80年代流行曲,滾石唱片 ROCK RECORDS / YouTube
Pop 80s,songlists/pop-80s.json,POP80-438,心肝寶貝,U_eBzpkZb3E,3708575,2026-05-26,kept,80年代流行曲,TheWeiweiChen / YouTube
Pop 80s,songlists/pop-80s.json,POP80-439,你的樣子,YAZSNlgnm7Y,3613621,2026-05-26,kept,80年代流行曲,滾石唱片 ROCK RECORDS / YouTube
Pop 80s,songlists/pop-80s.json,POP80-440,大雨,wgNRXndLex8,3502632,2026-05-26,kept,80年代流行曲,滾石唱片 ROCK RECORDS / YouTube
Pop 80s,songlists/pop-80s.json,POP80-441,鹿港小鎮,Xgjny7YFMD4,3340177,2026-05-26,kept,80年代流行曲,滾石唱片 ROCK RECORDS / YouTube
Pop 80s,songlists/pop-80s.json,POP80-442,夢不到你,al5SPa-3G0M,3181359,2026-05-26,kept,80年代流行曲,Timeless Music / YouTube
Pop 80s,songlists/pop-80s.json,POP80-443,明明白白我的心,kxu1Oqc3m-8,3037995,2026-05-26,kept,80年代流行曲,滾石唱片 ROCK RECORDS / YouTube
Pop 80s,songlists/pop-80s.json,POP80-444,英勇勳章,3bNPSnIXBJI,2692765,2026-05-26,kept,80年代流行曲,Masaki Channel / YouTube
Pop 80s,songlists/pop-80s.json,POP80-445,愛得太多,mAMCeAR4CYg,2666941,2026-05-26,kept,80年代流行曲,中天電視 / YouTube
Pop 80s,songlists/pop-80s.json,POP80-446,夢田,ioTWIlehYXc,2523936,2026-05-26,kept,80年代流行曲,滾石唱片 ROCK RECORDS / YouTube
Pop 80s,songlists/pop-80s.json,POP80-447,爱要怎么说出口,PQhgAhRbekM,2157810,2026-05-26,kept,80年代流行曲,GM Lyric / YouTube
Pop 80s,songlists/pop-80s.json,POP80-448,感謝妳,-ckIQsDDRfk,2151023,2026-05-26,kept,80年代流行曲,Astro Shaw / YouTube
Pop 80s,songlists/pop-80s.json,POP80-449,小虎队,NbSf07Zr3ow,2137705,2026-05-26,kept,80年代流行曲,GM Lyric / YouTube
Pop 80s,songlists/pop-80s.json,POP80-450,跟著感覺走,v6mL0au2T1Q,2135537,2026-05-26,kept,80年代流行曲,Timeless Music / YouTube
Pop 80s,songlists/pop-80s.json,POP80-451,我是真的愛你,170-YV4EP6k,2032260,2026-05-26,kept,80年代流行曲,滾石唱片 ROCK RECORDS / YouTube
Pop 80s,songlists/pop-80s.json,POP80-452,奇異恩典,eIItJrTpYv0,1889734,2026-05-26,kept,80年代流行曲,滾石唱片 ROCK RECORDS / YouTube
Pop 80s,songlists/pop-80s.json,POP80-453,梅花三弄,E14jcso7u1Y,1825955,2026-05-26,kept,80年代流行曲,Anna Shaw / YouTube
Pop 80s,songlists/pop-80s.json,POP80-454,四季謠,dIJ7JmTBl5o,1809043,2026-05-26,kept,80年代流行曲,hk choo / YouTube
Pop 80s,songlists/pop-80s.json,POP80-455,浮生千山路,eVNaFoHq95A,1787456,2026-05-26,kept,80年代流行曲,滾石唱片 ROCK RECORDS / YouTube
Pop 80s,songlists/pop-80s.json,POP80-456,努力活著,gSpaoNrlReA,1759838,2026-05-26,kept,80年代流行曲,滾石唱片 ROCK RECORDS / YouTube
Pop 80s,songlists/pop-80s.json,POP80-457,出嫁,y2hz93m0xN0,1701937,2026-05-26,kept,80年代流行曲,張清芳 Stella / YouTube
Pop 80s,songlists/pop-80s.json,POP80-458,想要跟你飛,jna53qxXRw4,1678088,2026-05-26,kept,80年代流行曲,Timeless Music / YouTube
Pop 80s,songlists/pop-80s.json,POP80-459,純情青春夢,o_-O_ss6f5o,1673711,2026-05-26,kept,80年代流行曲,滾石唱片 ROCK RECORDS / YouTube
Pop 80s,songlists/pop-80s.json,POP80-460,戀曲1980,kf1-jV4p9XA,1645370,2026-05-26,kept,80年代流行曲,shichwan / YouTube
Pop 80s,songlists/pop-80s.json,POP80-461,大雨的夜裡,CJo4C1tRU80,1577366,2026-05-26,kept,80年代流行曲,張清芳 Stella / YouTube
Pop 80s,songlists/pop-80s.json,POP80-462,秋水長天,rq1MhhLJKAU,1486009,2026-05-26,kept,80年代流行曲,林玉璽(牧童) / YouTube
Pop 80s,songlists/pop-80s.json,POP80-463,甜蜜蜜,5eF8oOWtsk4,1115155,2026-05-26,kept,80年代流行曲,TeresaTengVEVO / YouTube
Pop 80s,songlists/pop-80s.json,POP80-464,深邃與甜蜜,FQanFJ2ddKc,1100022,2026-05-26,kept,80年代流行曲,豐華唱片ForwardMusic / YouTube
Pop 80s,songlists/pop-80s.json,POP80-465,相思河畔,cCNvs4PXfWE,1081495,2026-05-26,kept,80年代流行曲,Timeless Music / YouTube
Pop 80s,songlists/pop-80s.json,POP80-466,野百合也有春天,GSoLwHTXRmM,1062156,2026-05-26,kept,80年代流行曲,滾石唱片 ROCK RECORDS / YouTube
Pop 80s,songlists/pop-80s.json,POP80-467,燃燒一瞬間,uMlj4vA8tOw,1061869,2026-05-26,kept,80年代流行曲,張清芳 Stella / YouTube
Pop 80s,songlists/pop-80s.json,POP80-468,鬼丈夫,tnkVAdM4rRA,1007379,2026-05-26,kept,80年代流行曲,tomoyo262 / YouTube
Pop 80s,songlists/pop-80s.json,POP80-469,雪在燒,_yhFEBZgf7U,973722,2026-05-26,kept,80年代流行曲,Timeless Music / YouTube
Pop 80s,songlists/pop-80s.json,POP80-470,留不住的故事,AV-85NTYCuw,971263,2026-05-26,kept,80年代流行曲,Timeless Music / YouTube
Pop 80s,songlists/pop-80s.json,POP80-471,夜夜夜夜,KA6yIAE9No4,906323,2026-05-26,kept,80年代流行曲,齊秦經典 Classic Chyi Chin / YouTube
Pop 80s,songlists/pop-80s.json,POP80-472,殘酷的溫柔,l1WjLI4eL_U,871164,2026-05-26,kept,80年代流行曲,滾石唱片 ROCK RECORDS / YouTube
Pop 80s,songlists/pop-80s.json,POP80-473,再見十九歲,QY4-Gfesmsw,859002,2026-05-26,kept,80年代流行曲,忘了!忘不了 / YouTube
Pop 80s,songlists/pop-80s.json,POP80-474,寂寞難耐,M3k9PhyNEto,849418,2026-05-26,kept,80年代流行曲,滾石唱片 ROCK RECORDS / YouTube
Pop 80s,songlists/pop-80s.json,POP80-475,陪你到天亮,JGwvbGiIl5Y,760481,2026-05-26,kept,80年代流行曲,UNIVERSAL MUSIC TAIWAN 環球音樂 / YouTube
Pop 80s,songlists/pop-80s.json,POP80-476,鑼聲若響,d2sbF5wY9y0,751117,2026-05-26,kept,80年代流行曲,hk choo / YouTube
Pop 80s,songlists/pop-80s.json,POP80-477,偶然,Bk9AC1Tvq9s,731947,2026-05-26,kept,80年代流行曲,張清芳 Stella / YouTube
Pop 80s,songlists/pop-80s.json,POP80-478,痴心的我,Q9_g3QBkZg4,721582,2026-05-26,kept,80年代流行曲,華星唱片 Capital Artists Official Channel / YouTube
Pop 80s,songlists/pop-80s.json,POP80-479,跟我說愛我,saDQSfWh1Xw,720832,2026-05-26,kept,80年代流行曲,Timeless Music / YouTube
Pop 80s,songlists/pop-80s.json,POP80-480,月夜愁,WJ9knixKXU8,712192,2026-05-26,kept,80年代流行曲,陳淑樺 Sarah Chen / YouTube
Pop 80s,songlists/pop-80s.json,POP80-481,飞车,t6OnA2VSLgg,667893,2026-05-26,kept,80年代流行曲,Vanessa Coleman / YouTube
Pop 80s,songlists/pop-80s.json,POP80-482,阮若打開心內門窗,kDJenh6ulcs,665692,2026-05-26,kept,80年代流行曲,hk choo / YouTube
Pop 80s,songlists/pop-80s.json,POP80-483,成全,-H-1qpow-Ec,659130,2026-05-26,kept,80年代流行曲,滾石唱片 ROCK RECORDS / YouTube
Pop 80s,songlists/pop-80s.json,POP80-484,月滿西樓,pPF6Kl2rCQA,650224,2026-05-26,kept,80年代流行曲,Timeless Music / YouTube
Pop 80s,songlists/pop-80s.json,POP80-485,奉獻,gEm1D0psy20,629389,2026-05-26,kept,80年代流行曲,Timeless Music / YouTube
Pop 80s,songlists/pop-80s.json,POP80-486,守著陽光守著你,6gxiMmgAJMQ,610659,2026-05-26,kept,80年代流行曲,滾石唱片 ROCK RECORDS / YouTube
Pop 80s,songlists/pop-80s.json,POP80-487,忘不了,NMkR9bt8unk,598841,2026-05-26,kept,80年代流行曲,UNIVERSAL MUSIC TAIWAN 環球音樂 / YouTube
Pop 80s,songlists/pop-80s.json,POP80-488,來自心海的消息,4y1QWOSafD4,597101,2026-05-26,kept,80年代流行曲,Timeless Music / YouTube
Pop 80s,songlists/pop-80s.json,POP80-489,告別的年代,hmnH33QR-hY,585830,2026-05-26,kept,80年代流行曲,滾石唱片 ROCK RECORDS / YouTube
Pop 80s,songlists/pop-80s.json,POP80-490,放我的真心在你的手心,0rRMKrPZg70,557646,2026-05-26,kept,80年代流行曲,Timeless Music / YouTube
Pop 80s,songlists/pop-80s.json,POP80-491,我家在那裡,f0WsYbRQ5yI,538733,2026-05-26,kept,80年代流行曲,hk choo / YouTube
Pop 80s,songlists/pop-80s.json,POP80-492,生生世世,yChhK47MNBs,517700,2026-05-26,kept,80年代流行曲,陳淑樺 Sarah Chen / YouTube
Pop 80s,songlists/pop-80s.json,POP80-493,愛要怎麼說出口,o1aUObog-Ro,494721,2026-05-26,removed-under-500k,80年代流行曲,Ger Ro / YouTube
Pop 80s,songlists/pop-80s.json,POP80-494,吴奇隆,_FyC_FDo5go,490136,2026-05-26,removed-under-500k,80年代流行曲,GM Lyric / YouTube
Pop 80s,songlists/pop-80s.json,POP80-495,別來無恙,7wck6MoBLV8,484206,2026-05-26,removed-under-500k,80年代流行曲,張清芳 Stella / YouTube
Pop 80s,songlists/pop-80s.json,POP80-496,愛要讓他知道,C8v_3B0EuMc,480609,2026-05-26,removed-under-500k,80年代流行曲,hk choo / YouTube
Pop 80s,songlists/pop-80s.json,POP80-497,後悔,11WMmkUKPP0,479081,2026-05-26,removed-under-500k,80年代流行曲,滾石唱片 ROCK RECORDS / YouTube
Pop 80s,songlists/pop-80s.json,POP80-498,記得我們有約,TiHW4Wap84I,478480,2026-05-26,removed-under-500k,80年代流行曲,Timeless Music / YouTube
Pop 80s,songlists/pop-80s.json,POP80-499,希望,UWP0rgs-P3I,473294,2026-05-26,removed-under-500k,80年代流行曲,滾石唱片 ROCK RECORDS / YouTube
Pop 80s,songlists/pop-80s.json,POP80-500,無言的表示,V2dz6U1pGHw,445533,2026-05-26,removed-under-500k,80年代流行曲,陳淑樺 Sarah Chen / YouTube
Pop 80s,songlists/pop-80s.json,POP80-501,我的心好乱,6isd5Ox6bag,443329,2026-05-26,removed-under-500k,80年代流行曲,minor Ng / YouTube
Pop 80s,songlists/pop-80s.json,POP80-502,看不見的地方,HepoCMGXBeI,434812,2026-05-26,removed-under-500k,80年代流行曲,旋風音樂 趙傳 / YouTube
Pop 80s,songlists/pop-80s.json,POP80-503,來自他,V9_kdUzTaVs,427461,2026-05-26,removed-under-500k,80年代流行曲,滾石唱片 ROCK RECORDS / YouTube
Pop 80s,songlists/pop-80s.json,POP80-504,呼喚,9G8qpW40Hug,386582,2026-05-26,removed-under-500k,80年代流行曲,阿爾發音樂 / YouTube
Pop 80s,songlists/pop-80s.json,POP80-505,可惜了,9FZA1FpZvtg,340596,2026-05-26,removed-under-500k,80年代流行曲,華研國際 / YouTube
Pop 80s,songlists/pop-80s.json,POP80-506,晚風,MElHodzcNl4,326002,2026-05-26,removed-under-500k,80年代流行曲,Timeless Music / YouTube
Pop 80s,songlists/pop-80s.json,POP80-507,一輩子失去了妳,jL-jkQWK3hQ,314032,2026-05-26,removed-under-500k,80年代流行曲,滾石唱片 ROCK RECORDS / YouTube
Pop 80s,songlists/pop-80s.json,POP80-508,純粹,FMyvDwpcjdU,308233,2026-05-26,removed-under-500k,80年代流行曲,張清芳 Stella / YouTube
Pop 80s,songlists/pop-80s.json,POP80-509,无情的雨无情的你,6ZSoGZullnA,305212,2026-05-26,removed-under-500k,80年代流行曲,GM Lyric / YouTube
Pop 80s,songlists/pop-80s.json,POP80-510,痛快的歌,qewKs8QFJNE,303042,2026-05-26,removed-under-500k,80年代流行曲,Timeless Music / YouTube
Pop 80s,songlists/pop-80s.json,POP80-511,我很丑可是我很温柔,G02sO-0bg8M,292892,2026-05-26,removed-under-500k,80年代流行曲,GM Lyric / YouTube
Pop 80s,songlists/pop-80s.json,POP80-512,冬雨,Kxs1o3w5cF0,288390,2026-05-26,removed-under-500k,80年代流行曲,齊秦經典 Classic Chyi Chin / YouTube
Pop 80s,songlists/pop-80s.json,POP80-513,同桌的你,5Y9dFbQkyLU,283358,2026-05-26,removed-under-500k,80年代流行曲,静听音乐 / YouTube
Pop 80s,songlists/pop-80s.json,POP80-514,夜霧下的姑娘,dK-89r9q7Dk,270614,2026-05-26,removed-under-500k,80年代流行曲,TeresaTengVEVO / YouTube
Pop 80s,songlists/pop-80s.json,POP80-515,愛情有什麼道理,6ArP9IGKcUw,262570,2026-05-26,removed-under-500k,80年代流行曲,滾石唱片 ROCK RECORDS / YouTube
Pop 80s,songlists/pop-80s.json,POP80-516,再見,AiBHNOXbntI,254974,2026-05-26,removed-under-500k,80年代流行曲,GrasshopperVEVO / YouTube
Pop 80s,songlists/pop-80s.json,POP80-517,玩偶,aob_JjfzUtE,251338,2026-05-26,removed-under-500k,80年代流行曲,ERA Entertainment 年代娛樂 / YouTube
Pop 80s,songlists/pop-80s.json,POP80-518,西風的話,2BysWUaqXIo,249369,2026-05-26,removed-under-500k,80年代流行曲,滾石唱片 ROCK RECORDS / YouTube
Pop 80s,songlists/pop-80s.json,POP80-519,鎖上記憶,RmQ4tbPlL1Y,245261,2026-05-26,removed-under-500k,80年代流行曲,滾石唱片 ROCK RECORDS / YouTube
Pop 80s,songlists/pop-80s.json,POP80-520,九月的高跟鞋,sJtK3Wy_aX4,244916,2026-05-26,removed-under-500k,80年代流行曲,滾石唱片 ROCK RECORDS / YouTube
Pop 80s,songlists/pop-80s.json,POP80-521,失樂園,w_0vY_zdaoQ,243100,2026-05-26,removed-under-500k,80年代流行曲,RX50cent / YouTube
Pop 80s,songlists/pop-80s.json,POP80-522,慾水,lnJ0m5pYLbI,239342,2026-05-26,removed-under-500k,80年代流行曲,滾石唱片 ROCK RECORDS / YouTube
Pop 80s,songlists/pop-80s.json,POP80-523,寧願相信,QFjA8ATcFbw,233188,2026-05-26,removed-under-500k,80年代流行曲,黃鶯鶯 Tracy Huang / YouTube
Pop 80s,songlists/pop-80s.json,POP80-524,大熱,NzESSKQKob0,230534,2026-05-26,removed-under-500k,80年代流行曲,LeslieCheungVEVO / YouTube
Pop 80s,songlists/pop-80s.json,POP80-525,其实你不懂我的心,_N3wXEnhRzo,224372,2026-05-26,removed-under-500k,80年代流行曲,GM Lyric / YouTube
Pop 80s,songlists/pop-80s.json,POP80-526,一場遊戲一場夢,U8kWaPkJRsI,221858,2026-05-26,removed-under-500k,80年代流行曲,Timeless Music / YouTube
Pop 80s,songlists/pop-80s.json,POP80-527,花言巧語,0WYVQv7go9s,221527,2026-05-26,removed-under-500k,80年代流行曲,黃鶯鶯 Tracy Huang / YouTube
Pop 80s,songlists/pop-80s.json,POP80-528,我絕不放手,gbX2KAZmmqw,221019,2026-05-26,removed-under-500k,80年代流行曲,齊秦經典 Classic Chyi Chin / YouTube
Pop 80s,songlists/pop-80s.json,POP80-529,愛來時,d_J0AdSq1Y8,212449,2026-05-26,removed-under-500k,80年代流行曲,陳淑樺 Sarah Chen / YouTube
Pop 80s,songlists/pop-80s.json,POP80-530,多年以后,fr0EW29_V3g,206176,2026-05-26,removed-under-500k,80年代流行曲,meilanchenh / YouTube
Pop 80s,songlists/pop-80s.json,POP80-531,一次幸福的機會,DhEiIdol5QU,190917,2026-05-26,removed-under-500k,80年代流行曲,Caridee Chen / YouTube
Pop 80s,songlists/pop-80s.json,POP80-532,寂寞的恋人啊,bRGF85K8zSk,184851,2026-05-26,removed-under-500k,80年代流行曲,hui dong / YouTube
Pop 80s,songlists/pop-80s.json,POP80-533,賣肉粽,4EvKKxlM1jE,175472,2026-05-26,removed-under-500k,80年代流行曲,TeresaTengVEVO / YouTube
Pop 80s,songlists/pop-80s.json,POP80-534,愛火,FEj0h67A8q0,173824,2026-05-26,removed-under-500k,80年代流行曲,華星唱片 Capital Artists Official Channel / YouTube
Pop 80s,songlists/pop-80s.json,POP80-535,片片楓葉片片情,bK8lQDqetGM,166969,2026-05-26,removed-under-500k,80年代流行曲,hk choo / YouTube
Pop 80s,songlists/pop-80s.json,POP80-536,我和我自己的影子,ZVTkyoybikE,166651,2026-05-26,removed-under-500k,80年代流行曲,Timeless Music / YouTube
Pop 80s,songlists/pop-80s.json,POP80-537,飛車,uzXumuqrptk,155568,2026-05-26,removed-under-500k,80年代流行曲,Lo Ta-yu - Topic / YouTube
Pop 80s,songlists/pop-80s.json,POP80-538,歡顏,G5Ee7EhR35w,146598,2026-05-26,removed-under-500k,80年代流行曲,滾石愛情故事 In Love / YouTube
Pop 80s,songlists/pop-80s.json,POP80-539,袖手旁觀,oTRAa_U6bLY,143364,2026-05-26,removed-under-500k,80年代流行曲,齊秦經典 Classic Chyi Chin / YouTube
Pop 80s,songlists/pop-80s.json,POP80-540,永遠是你,ZM8AczGGPm8,141477,2026-05-26,removed-under-500k,80年代流行曲,Jonison Anggatra / YouTube
Pop 80s,songlists/pop-80s.json,POP80-541,牽情,8qsJe3dkank,137530,2026-05-26,removed-under-500k,80年代流行曲,豐華唱片ForwardMusic / YouTube
Pop 80s,songlists/pop-80s.json,POP80-542,左右手,DFO6Yu2gSj0,134451,2026-05-26,removed-under-500k,80年代流行曲,LeslieCheungVEVO / YouTube
Pop 80s,songlists/pop-80s.json,POP80-543,對話練習,vYTswkvKvwY,134181,2026-05-26,removed-under-500k,80年代流行曲,豐華唱片ForwardMusic / YouTube
Pop 80s,songlists/pop-80s.json,POP80-544,要是有緣,mBMX-JG69IU,133560,2026-05-26,removed-under-500k,80年代流行曲,universalmusichk / YouTube
Pop 80s,songlists/pop-80s.json,POP80-545,疾風,UvicZBjeAe8,132477,2026-05-26,removed-under-500k,80年代流行曲,Timeless Music Hong Kong天碟 / YouTube
Pop 80s,songlists/pop-80s.json,POP80-546,几许风雨,Q8sy1X6Vpa0,131500,2026-05-26,removed-under-500k,80年代流行曲,乐界无疆 / YouTube
Pop 80s,songlists/pop-80s.json,POP80-547,閃閃星辰,-B_KNRn-3m4,131428,2026-05-26,removed-under-500k,80年代流行曲,universalmusichk / YouTube
Pop 80s,songlists/pop-80s.json,POP80-548,永远是你,ftE53Z-oPdc,131281,2026-05-26,removed-under-500k,80年代流行曲,vyka gia / YouTube
Pop 80s,songlists/pop-80s.json,POP80-549,舊情復熾,6qbK3SYrurs,129592,2026-05-26,removed-under-500k,80年代流行曲,滾石唱片 ROCK RECORDS / YouTube
Pop 80s,songlists/pop-80s.json,POP80-550,懷舊區,NQx6OzsXK-k,128524,2026-05-26,removed-under-500k,80年代流行曲,lulu200902 / YouTube
Pop 80s,songlists/pop-80s.json,POP80-551,遲早是一對,ptbBmKT-PBs,126007,2026-05-26,removed-under-500k,80年代流行曲,沿途有你 2 / YouTube
Pop 80s,songlists/pop-80s.json,POP80-552,翩翩飛起,EzGVOLUINHU,124011,2026-05-26,removed-under-500k,80年代流行曲,Timeless Music / YouTube
Pop 80s,songlists/pop-80s.json,POP80-553,古董級,QBinPYhG_Yo,123571,2026-05-26,removed-under-500k,80年代流行曲,Ozsharpener / YouTube
Pop 80s,songlists/pop-80s.json,POP80-554,娘心,-60O4FZHSYI,123346,2026-05-26,removed-under-500k,80年代流行曲,TeresaTengVEVO / YouTube
Pop 80s,songlists/pop-80s.json,POP80-555,全新的自己,Swaq17L8eFo,121705,2026-05-26,removed-under-500k,80年代流行曲,Timeless Music / YouTube
Pop 80s,songlists/pop-80s.json,POP80-556,城市足印,e9N4JFR7F5Y,121278,2026-05-26,removed-under-500k,80年代流行曲,沿途有你 2 / YouTube
Pop 80s,songlists/pop-80s.json,POP80-557,隨緣,D8TZTfkpIUM,118013,2026-05-26,removed-under-500k,80年代流行曲,沿途有你 2 / YouTube
Pop 80s,songlists/pop-80s.json,POP80-558,幸福的代言,tSXOOwlIAeY,117912,2026-05-26,removed-under-500k,80年代流行曲,豐華唱片ForwardMusic / YouTube
Pop 80s,songlists/pop-80s.json,POP80-559,心動的感覺,zQ3sgR77RCc,113622,2026-05-26,removed-under-500k,80年代流行曲,滾石唱片 ROCK RECORDS / YouTube
Pop 80s,songlists/pop-80s.json,POP80-560,追憶,ICpGndyEo0c,112237,2026-05-26,removed-under-500k,80年代流行曲,megavox / YouTube
Pop 80s,songlists/pop-80s.json,POP80-561,港都夜雨,xzDQiD1gdYQ,108305,2026-05-26,removed-under-500k,80年代流行曲,齊秦經典 Classic Chyi Chin / YouTube
Pop 80s,songlists/pop-80s.json,POP80-562,大話西遊,6WQa6fCQGkM,107551,2026-05-26,removed-under-500k,80年代流行曲,nil130 / YouTube
Pop 80s,songlists/pop-80s.json,POP80-563,叫你一声,nqtCCynk3Ks,106063,2026-05-26,removed-under-500k,80年代流行曲,GM Lyric / YouTube
Pop 80s,songlists/pop-80s.json,POP80-564,河堤上的傻瓜,7icANcCws-A,1065757,2026-05-26,kept,80年代流行曲,新格唱片 RockRecords / YouTube
Pop 80s,songlists/pop-80s.json,POP80-565,謝謝你曾經愛我,lCRKkVzOHtg,587076,2026-05-26,kept,80年代流行曲,滾石唱片 ROCK RECORDS / YouTube
Pop 80s,songlists/pop-80s.json,POP80-566,盼望的緣份,pBzXsmrYEkA,434561,2026-05-26,removed-under-500k,80年代流行曲,Timeless Music Hong Kong天碟 / YouTube
Pop 80s,songlists/pop-80s.json,POP80-567,你怎麼說,MOMWwOwjZ2M,6122479,2026-05-26,kept,80年代流行曲,TTV 台視官方頻道 TTV Official Channel / YouTube
Pop 80s,songlists/pop-80s.json,POP80-568,對不起,l6FcPEjKGEg,5763957,2026-05-26,kept,80年代流行曲,GrasshopperVEVO / YouTube
Pop 80s,songlists/pop-80s.json,POP80-569,原來,BKJqniDLTb8,4445640,2026-05-26,kept,80年代流行曲,Matzka / YouTube
Pop 80s,songlists/pop-80s.json,POP80-570,思慕的人,PB4jWsd8WsY,3946591,2026-05-26,kept,80年代流行曲,Timeless Music / YouTube
Pop 80s,songlists/pop-80s.json,POP80-571,悲歡歲月,jEjx1yRzg9I,3756611,2026-05-26,kept,80年代流行曲,Music13ilove • 宇宙和諧  世界一家  • / YouTube
Pop 80s,songlists/pop-80s.json,POP80-572,只有分離,MpacDmgv1Yo,3630827,2026-05-26,kept,80年代流行曲,shichwan / YouTube
Pop 80s,songlists/pop-80s.json,POP80-573,一樣的月光,ufAtOoMazjw,3300069,2026-05-26,kept,80年代流行曲,shichwan / YouTube
Pop 80s,songlists/pop-80s.json,POP80-574,送別,76XjSH1KpBM,3026578,2026-05-26,kept,80年代流行曲,滾石唱片 ROCK RECORDS / YouTube
Pop 80s,songlists/pop-80s.json,POP80-575,不讓我的眼淚陪我過夜,7sgToX7PN10,2930976,2026-05-26,kept,80年代流行曲,齊秦經典 Classic Chyi Chin / YouTube
Pop 80s,songlists/pop-80s.json,POP80-576,惦記這一些,bvRDWKyaZo0,2670004,2026-05-26,kept,80年代流行曲,Timeless Music / YouTube
Pop 80s,songlists/pop-80s.json,POP80-577,你的眼神,F_ram9i7uxA,2663411,2026-05-26,kept,80年代流行曲,Timeless Music / YouTube
Pop 80s,songlists/pop-80s.json,POP80-578,情關,To2Mcur-WzU,2551113,2026-05-26,kept,80年代流行曲,陳淑樺 Sarah Chen / YouTube
Pop 80s,songlists/pop-80s.json,POP80-579,夢駝鈴,AjitR7RZEQU,36300735,2026-05-26,kept,80年代流行曲,王志平 / YouTube
Pop 80s,songlists/pop-80s.json,POP80-580,驛動的心,t2B_SPk77M0,27714677,2026-05-26,kept,80年代流行曲,Music13ilove • 宇宙和諧  世界一家  • / YouTube
Pop 80s,songlists/pop-80s.json,POP80-581,掌聲響起,q29VsOdF-p0,20046409,2026-05-26,kept,80年代流行曲,richard1298 / YouTube
Pop 80s,songlists/pop-80s.json,POP80-582,一剪梅,VKq2flvS7dw,9828273,2026-05-26,kept,80年代流行曲,金曲年代GOLDEN ERA / YouTube
Pop 80s,songlists/pop-80s.json,POP80-583,其實你不懂我的心,Wr9SYsEYRao,7925576,2026-05-26,kept,80年代流行曲,Music13ilove • 宇宙和諧  世界一家  • / YouTube
Pop 80s,songlists/pop-80s.json,POP80-584,台北的天空,ZAlSw_dVq1Q,7030385,2026-05-26,kept,80年代流行曲,滾石唱片 ROCK RECORDS / YouTube
Pop 80s,songlists/pop-80s.json,POP80-585,恰似你的溫柔,c3lZJo5gsF8,5679591,2026-05-26,kept,80年代流行曲,shichwan / YouTube
Pop 80s,songlists/pop-80s.json,POP80-586,光陰的故事,kwX-nw1bhcU,5371877,2026-05-26,kept,80年代流行曲,滾石唱片 ROCK RECORDS / YouTube
Pop 80s,songlists/pop-80s.json,POP80-587,三百六十五里路,LDgO0TG30lQ,4712647,2026-05-26,kept,80年代流行曲,追雲 / YouTube
Pop 80s,songlists/pop-80s.json,POP80-588,冬天里的一把火,RMenNGcc7WY,4549109,2026-05-26,kept,80年代流行曲,湖南国际频道 Hunan TV International  Official Channel / YouTube
Pop 80s,songlists/pop-80s.json,POP80-589,外面的世界,l_ARPAl2fwQ,4522499,2026-05-26,kept,80年代流行曲,shichwan / YouTube
Pop 80s,songlists/pop-80s.json,POP80-590,晚安曲,vFxjK0WTdTQ,3923500,2026-05-26,kept,80年代流行曲,呂福軒 / YouTube
Pop 80s,songlists/pop-80s.json,POP80-591,阿美阿美,NoY2m1iSTsw,3822111,2026-05-26,kept,80年代流行曲,滾石唱片 ROCK RECORDS / YouTube
Pop 80s,songlists/pop-80s.json,POP80-592,激情過後,279rEQ5RCqE,3212377,2026-05-26,kept,80年代流行曲,shichwan / YouTube
Pop 80s,songlists/pop-80s.json,POP80-593,酒干倘賣無,jGY0lAWCMCY,3175168,2026-05-26,kept,80年代流行曲,burabiairi / YouTube
Pop 80s,songlists/pop-80s.json,POP80-594,龍的傳人,xwhdafQDIOg,3066606,2026-05-26,kept,80年代流行曲,holylife / YouTube
Pop 80s,songlists/pop-80s.json,POP80-595,桂花巷,CDOKJlZ6XUM,3049028,2026-05-26,kept,80年代流行曲,歲月的歌 / YouTube
Pop 80s,songlists/pop-80s.json,POP80-596,我很醜可是我很溫柔,EdsWaWQhZ08,2750172,2026-05-26,kept,80年代流行曲,滾石唱片 ROCK RECORDS / YouTube
Pop 80s,songlists/pop-80s.json,POP80-597,被遺忘的時光,Y0T4QLmZ82A,2720741,2026-05-26,kept,80年代流行曲,AC / YouTube
Pop 80s,songlists/pop-80s.json,POP80-598,我終於失去了你,VeczygVUHUI,2685605,2026-05-26,kept,80年代流行曲,Li Zong-Sheng - Topic / YouTube
Pop 80s,songlists/pop-80s.json,POP80-599,聰明糊塗心,2U5XTaNVQ70,1614727,2026-05-26,kept,80年代流行曲,滾石唱片 ROCK RECORDS / YouTube
Pop 80s,songlists/pop-80s.json,POP80-600,千年等一回,mPNTfZh9Atc,1246759,2026-05-26,kept,80年代流行曲,nhachoahot / YouTube
Pop 80s,songlists/pop-80s.json,POP80-601,走在陽光裡,M9ezi2gHguU,1103076,2026-05-26,kept,80年代流行曲,himaybe / YouTube
Pop 80s,songlists/pop-80s.json,POP80-602,天天天藍,j5Dt5MhlPsM,505594,2026-05-26,kept,80年代流行曲,滾石唱片 ROCK RECORDS / YouTube
Pop 80s,songlists/pop-80s.json,POP80-603,千里之外,ocDo3ySyHSI,46437586,2026-06-02,kept,80年代流行曲,周杰倫 Jay Chou / YouTube
Pop 80s,songlists/pop-80s.json,POP80-604,傷痕,qCXTF6pQQR0,18203505,2026-06-02,kept,80年代流行曲,滾石唱片 ROCK RECORDS / YouTube
Pop 80s,songlists/pop-80s.json,POP80-605,飘洋过海来看你,cbT84M9GQ8A,13875885,2026-06-02,kept,80年代流行曲,mrttt3628 / YouTube
Pop 80s,songlists/pop-80s.json,POP80-606,向前走,gD14iiXq7Xw,12269426,2026-06-02,kept,80年代流行曲,滾石唱片 ROCK RECORDS / YouTube
Pop 80s,songlists/pop-80s.json,POP80-607,北風,CQ5DGI41pIM,11512753,2026-06-02,kept,80年代流行曲,Music13ilove • 宇宙和諧  世界一家  • / YouTube
Pop 80s,songlists/pop-80s.json,POP80-608,不浪漫罪名,1WLFhjQ0cDc,11383858,2026-06-02,kept,80年代流行曲,英皇娛樂 eeg music / YouTube
Pop 80s,songlists/pop-80s.json,POP80-609,風雨同路,v8U_OzYGPjc,10065585,2026-06-02,kept,80年代流行曲,rodney2marsh / YouTube
Pop 80s,songlists/pop-80s.json,POP80-610,英雄淚,5Ua9sOEH5qs,9823480,2026-06-02,kept,80年代流行曲,Timeless Music / YouTube
Pop 80s,songlists/pop-80s.json,POP80-611,為你我受冷風吹,ZD57Fv_V74s,8656068,2026-06-02,kept,80年代流行曲,滾石唱片 ROCK RECORDS / YouTube
Pop 80s,songlists/pop-80s.json,POP80-612,鬼迷心窍,Q8_qzRJji_c,5844074,2026-06-02,kept,80年代流行曲,腾讯视频 - Get the WeTV APP / YouTube
Pop 80s,songlists/pop-80s.json,POP80-613,天下有情人,IKB_fJmW_SE,5834059,2026-06-02,kept,80年代流行曲,滾石唱片 ROCK RECORDS / YouTube
Pop 80s,songlists/pop-80s.json,POP80-614,春夏秋冬,iU1mnIMlcZk,5306616,2026-06-02,kept,80年代流行曲,universalmusichk / YouTube
Pop 80s,songlists/pop-80s.json,POP80-615,林慧萍,H5rsi-DpnIU,5171335,2026-06-02,kept,80年代流行曲,shichwan / YouTube
Pop 80s,songlists/pop-80s.json,POP80-616,詞曲,zafycD5jiN8,5147402,2026-06-02,kept,80年代流行曲,NTU Chorus 台大合唱團 / YouTube
Pop 80s,songlists/pop-80s.json,POP80-617,練習,Tad3kweJmC4,4825617,2026-06-02,kept,80年代流行曲,Miss / YouTube
Pop 80s,songlists/pop-80s.json,POP80-618,每天爱你多一些,sMvRPYOkHZI,4171401,2026-06-02,kept,80年代流行曲,GM Lyric / YouTube
Pop 80s,songlists/pop-80s.json,POP80-619,你說的,mLSU3PvBccc,4050708,2026-06-02,kept,80年代流行曲,UNIVERSAL MUSIC TAIWAN 環球音樂 / YouTube
Pop 80s,songlists/pop-80s.json,POP80-620,拜訪春天,Onl3wGsYQYE,4044954,2026-06-02,kept,80年代流行曲,滾石唱片 ROCK RECORDS / YouTube
Pop 80s,songlists/pop-80s.json,POP80-621,夢難留,krChdgGQ3J8,3576262,2026-06-02,kept,80年代流行曲,richard1298 / YouTube
Pop 80s,songlists/pop-80s.json,POP80-622,酒干淌賣無,z2nf5UpVaj8,3574951,2026-06-02,kept,80年代流行曲,Steven Lo / YouTube
Pop 80s,songlists/pop-80s.json,POP80-623,作品,2of0594t64A,3573288,2026-06-02,kept,80年代流行曲,Alicia Larin / YouTube
Pop 80s,songlists/pop-80s.json,POP80-624,你怎麽說,z-_nyBXHfYs,3553407,2026-06-02,kept,80年代流行曲,音樂無疆界 Music Without Boundaries / YouTube
Pop 80s,songlists/pop-80s.json,POP80-625,笑红尘,BxleQcPFAro,3490761,2026-06-02,kept,80年代流行曲,小宝音悦丨Bao's Music Joy / YouTube
Pop 80s,songlists/pop-80s.json,POP80-626,赵传,fwa8hmvFzM8,3448316,2026-06-02,kept,80年代流行曲,GM Lyric / YouTube
Pop 80s,songlists/pop-80s.json,POP80-627,瀟灑的走,qu0r6JxtBoM,3251128,2026-06-02,kept,80年代流行曲,charmer0966 / YouTube
Pop 80s,songlists/pop-80s.json,POP80-628,遙不可及,d3MfUozeXiI,2861406,2026-06-02,kept,80年代流行曲,HubertWu / YouTube
Pop 80s,songlists/pop-80s.json,POP80-629,葉倩文,X0YGXcqV_6U,2853351,2026-06-02,kept,80年代流行曲,aukwanho / YouTube
Pop 80s,songlists/pop-80s.json,POP80-630,緩慢,Oxb40lBURW0,2650737,2026-06-02,kept,80年代流行曲,滾石唱片 ROCK RECORDS / YouTube
Pop 80s,songlists/pop-80s.json,POP80-631,跟往事干杯,KI-lLH74-K4,2643882,2026-06-02,kept,80年代流行曲,江西广播电视台今视频 China Jiangxi Radio Network / YouTube
Pop 80s,songlists/pop-80s.json,POP80-632,我真的受傷了,1bDAC3gmO4A,2626358,2026-06-02,kept,80年代流行曲,JackyCheungVEVO / YouTube
Pop 80s,songlists/pop-80s.json,POP80-633,因為單身的緣故＿,eRqJRlqXyj4,2586700,2026-06-02,kept,80年代流行曲,Linus Pu / YouTube
Pop 80s,songlists/pop-80s.json,POP80-634,舊歡如夢,wY1twS80d2M,2543387,2026-06-02,kept,80年代流行曲,HackenLeeVEVO / YouTube
Pop 80s,songlists/pop-80s.json,POP80-635,讓一切隨風,I761A-jbDHU,2528169,2026-06-02,kept,80年代流行曲,Jason Law / YouTube
Pop 80s,songlists/pop-80s.json,POP80-636,松林的低語,Qvi844tQH3s,2505000,2026-06-02,kept,80年代流行曲,richard1298 / YouTube
Pop 80s,songlists/pop-80s.json,POP80-637,如果有一天,WQqXjcd4ajU,2424044,2026-06-02,kept,80年代流行曲,meme275 / YouTube
Pop 80s,songlists/pop-80s.json,POP80-638,搭錯車,XJfFYbZn_P8,2366960,2026-06-02,kept,80年代流行曲,Anthony Yeung / YouTube
Pop 80s,songlists/pop-80s.json,POP80-639,我是一片雲,k50Mwe_81vM,2366076,2026-06-02,kept,80年代流行曲,shichwan / YouTube
Pop 80s,songlists/pop-80s.json,POP80-640,回家,Bw7Fi7KSpBs,2333253,2026-06-02,kept,80年代流行曲,Timeless Music / YouTube
Pop 80s,songlists/pop-80s.json,POP80-641,古月照今塵,UhK5uertut8,2328747,2026-06-02,kept,80年代流行曲,Yi-Lun Sun / YouTube
Pop 80s,songlists/pop-80s.json,POP80-642,遙望,PNNoSo3QIV4,2301717,2026-06-02,kept,80年代流行曲,Timeless Music Hong Kong天碟 / YouTube
Pop 80s,songlists/pop-80s.json,POP80-643,把悲傷留給自己,a5FCQwLPwlY,2252115,2026-06-02,kept,80年代流行曲,歲月如歌 / YouTube
Pop 80s,songlists/pop-80s.json,POP80-644,楓葉情,2K0CSLW0w9s,2250387,2026-06-02,kept,80年代流行曲,hk choo / YouTube
Pop 80s,songlists/pop-80s.json,POP80-645,情憑誰來定錯對,nd7StU7kMZc,2237457,2026-06-02,kept,80年代流行曲,AlanTamVEVO / YouTube
Pop 80s,songlists/pop-80s.json,POP80-646,你走你的路,GvacNWcEXBo,2227134,2026-06-02,kept,80年代流行曲,滾石唱片 ROCK RECORDS / YouTube
Pop 80s,songlists/pop-80s.json,POP80-647,一簾幽夢,Q-xlDjK06Kc,2224398,2026-06-02,kept,80年代流行曲,Timeless Music / YouTube
Pop 80s,songlists/pop-80s.json,POP80-648,刘明湘,Rrkb3XhAsL8,2197089,2026-06-02,kept,80年代流行曲,Alpha MV / YouTube
Pop 80s,songlists/pop-80s.json,POP80-649,碧海情天,KDGtsNZ_fWA,2088985,2026-06-02,kept,80年代流行曲,滾石唱片 ROCK RECORDS / YouTube
Pop 80s,songlists/pop-80s.json,POP80-650,不必勉強,jwnumdJAMck,1976438,2026-06-02,kept,80年代流行曲,Ni Yu / YouTube
Pop 80s,songlists/pop-80s.json,POP80-651,文章,aP0UX-YJzV0,1940989,2026-06-02,kept,80年代流行曲,段永慶 / YouTube
Pop 80s,songlists/pop-80s.json,POP80-652,談情說愛,zXHpWQUAa1g,1900686,2026-06-02,kept,80年代流行曲,Timeless Music Hong Kong天碟 / YouTube
Pop 80s,songlists/pop-80s.json,POP80-653,我明白,_7jlkK6AxSE,1862706,2026-06-02,kept,80年代流行曲,滾石唱片 ROCK RECORDS / YouTube
Pop 80s,songlists/pop-80s.json,POP80-654,劉明湘,wo-ufsIPZEI,1841304,2026-06-02,kept,80年代流行曲,Soul Live Box 台灣原創現場 / YouTube
Pop 80s,songlists/pop-80s.json,POP80-655,念舊,V9-Wy1rDUYw,1817278,2026-06-02,kept,80年代流行曲,Nightmare / YouTube
Pop 80s,songlists/pop-80s.json,POP80-656,船歌,bbKMyxNgijY,1792441,2026-06-02,kept,80年代流行曲,歲月如歌 / YouTube
Pop 80s,songlists/pop-80s.json,POP80-657,中华情,GNEVfwPPwa0,1786454,2026-06-02,kept,80年代流行曲,dosdesk / YouTube
Pop 80s,songlists/pop-80s.json,POP80-658,日出時讓街燈安睡,z4f5FBSBybU,1744135,2026-06-02,kept,80年代流行曲,JackyCheungVEVO / YouTube
Pop 80s,songlists/pop-80s.json,POP80-659,草原之夜,ALedpV13seE,1655604,2026-06-02,kept,80年代流行曲,Timeless Music / YouTube
Pop 80s,songlists/pop-80s.json,POP80-660,另一種鄉愁,e3CHsXx-dKw,1615711,2026-06-02,kept,80年代流行曲,hk choo / YouTube
Pop 80s,songlists/pop-80s.json,POP80-661,幾度夕陽紅,VxgQM7ZXxtc,1568650,2026-06-02,kept,80年代流行曲,滾石唱片 ROCK RECORDS / YouTube
Pop 80s,songlists/pop-80s.json,POP80-662,刘文正,QdCzgMq7WBA,1564459,2026-06-02,kept,80年代流行曲,junctionv / YouTube
Pop 80s,songlists/pop-80s.json,POP80-663,月圓花好,7EIH0TMiAsE,1448634,2026-06-02,kept,80年代流行曲,Timeless Music / YouTube
Pop 80s,songlists/pop-80s.json,POP80-664,昨夜小樓又東風,ryBQjN8wR00,1432845,2026-06-02,kept,80年代流行曲,YuChingFeiVEVO / YouTube
Pop 80s,songlists/pop-80s.json,POP80-665,是否,Z7GmECol79Q,1412091,2026-06-02,kept,80年代流行曲,shichwan / YouTube
Pop 80s,songlists/pop-80s.json,POP80-666,在水中,p7imv0sKCjA,1351861,2026-06-02,kept,80年代流行曲,吳青峰 Wu Qing Feng / YouTube
Pop 80s,songlists/pop-80s.json,POP80-667,夢一生,9LB6NoX6vwg,1327938,2026-06-02,kept,80年代流行曲,Timeless Music / YouTube
Pop 80s,songlists/pop-80s.json,POP80-668,漫漫前路,sHw6UUgoxNQ,1313585,2026-06-02,kept,80年代流行曲,jasmine tan / YouTube
Pop 80s,songlists/pop-80s.json,POP80-669,別讓明天的太陽離開我,2vIC5GEmt34,1269323,2026-06-02,kept,80年代流行曲,Timeless Music / YouTube
Pop 80s,songlists/pop-80s.json,POP80-670,再回首,4mtxW6UEVxk,1254166,2026-06-02,kept,80年代流行曲,歲月如歌 / YouTube
Pop 80s,songlists/pop-80s.json,POP80-671,愛與奉獻,hfDfx1d3-gc,1242593,2026-06-02,kept,80年代流行曲,歲月的歌 / YouTube
Pop 80s,songlists/pop-80s.json,POP80-672,楓葉飄飄,PqjLcDAhNcg,1222736,2026-06-02,kept,80年代流行曲,Henry Chen / YouTube
Pop 80s,songlists/pop-80s.json,POP80-673,哈利路亞,l_RfbHXaOj8,1215294,2026-06-02,kept,80年代流行曲,台灣索尼音樂 Sony Music Taiwan / YouTube
Pop 80s,songlists/pop-80s.json,POP80-674,拥有的回忆,YXa-TX6kQLU,1214821,2026-06-02,kept,80年代流行曲,春风来 / YouTube
Pop 80s,songlists/pop-80s.json,POP80-675,秋意上心頭,-i-pCQZNBbk,1209435,2026-06-02,kept,80年代流行曲,shichwan / YouTube
Pop 80s,songlists/pop-80s.json,POP80-676,只想一生跟你走,xvHjpfiUP28,1204292,2026-06-02,kept,80年代流行曲,GM Lyric / YouTube
Pop 80s,songlists/pop-80s.json,POP80-677,似是故人來,qagYwsguedg,1193727,2026-06-02,kept,80年代流行曲,沿途有你 2 / YouTube
Pop 80s,songlists/pop-80s.json,POP80-678,笑擁江山夢,oNlsaX7Kfas,1092687,2026-06-02,kept,80年代流行曲,Michelle Chou / YouTube
Pop 80s,songlists/pop-80s.json,POP80-679,ni wa wa 泥,hBysFrqqrmI,1081622,2026-06-02,kept,80年代流行曲,weiblichds Wulina / YouTube
Pop 80s,songlists/pop-80s.json,POP80-680,最後的溫柔,LlG_Ol3dWow,1066689,2026-06-02,kept,80年代流行曲,滾石唱片 ROCK RECORDS / YouTube
Pop 80s,songlists/pop-80s.json,POP80-681,等你等到我心痛,ObO1sLij8BM,1044715,2026-06-02,kept,80年代流行曲,GM Lyric / YouTube
Pop 80s,songlists/pop-80s.json,POP80-682,一生守候,pQ-JP3pSOwc,1036914,2026-06-02,kept,80年代流行曲,滾石唱片 ROCK RECORDS / YouTube
Pop 80s,songlists/pop-80s.json,POP80-683,葬心,9WEVbVtWdvQ,1026690,2026-06-02,kept,80年代流行曲,黃鶯鶯 Tracy Huang / YouTube
Pop 80s,songlists/pop-80s.json,POP80-684,我是一隻小小鳥,9eN9I6E-8xI,1026057,2026-06-02,kept,80年代流行曲,相信音樂BinMusic / YouTube
Pop 80s,songlists/pop-80s.json,POP80-685,火車,P2vtoQ7jPys,1021466,2026-06-02,kept,80年代流行曲,滾石唱片 ROCK RECORDS / YouTube
Pop 80s,songlists/pop-80s.json,POP80-686,像我這樣的人,r3pjpJxrw0M,1011294,2026-06-02,kept,80年代流行曲,WelHsu / YouTube
Pop 80s,songlists/pop-80s.json,POP80-687,當真就好,ukWVYdUwygU,1004281,2026-06-02,kept,80年代流行曲,陳淑樺 Sarah Chen / YouTube
Pop 80s,songlists/pop-80s.json,POP80-688,祈禱,zkLh7Si7vBg,993180,2026-06-02,kept,80年代流行曲,universalmusichk / YouTube
Pop 80s,songlists/pop-80s.json,POP80-689,雪山盟,olJhsJi2NtU,988719,2026-06-02,kept,80年代流行曲,Timeless Music / YouTube
Pop 80s,songlists/pop-80s.json,POP80-690,酒干倘卖无,R2Z0Tg_f8v8,984837,2026-06-02,kept,80年代流行曲,Fong Fong / YouTube
Pop 80s,songlists/pop-80s.json,POP80-691,在水一方,3KmBJ_gvtvA,978046,2026-06-02,kept,80年代流行曲,Timeless Music / YouTube
Pop 80s,songlists/pop-80s.json,POP80-692,高胜美,wWCBdJ-JgAU,970133,2026-06-02,kept,80年代流行曲,eicohuang / YouTube
Pop 80s,songlists/pop-80s.json,POP80-693,喝彩,LzGhq2vRSYs,966066,2026-06-02,kept,80年代流行曲,hk choo / YouTube
Pop 80s,songlists/pop-80s.json,POP80-694,无广告,u4cKUnvEPWY,955423,2026-06-02,kept,80年代流行曲,violette 123 / YouTube
Pop 80s,songlists/pop-80s.json,POP80-695,花若離枝,OBR67NyFUBM,952021,2026-06-02,kept,80年代流行曲,shichwan / YouTube
Pop 80s,songlists/pop-80s.json,POP80-696,非凡,MIQqlx8wY1g,948771,2026-06-02,kept,80年代流行曲,Focus Music Official / YouTube
Pop 80s,songlists/pop-80s.json,POP80-697,忘了我是誰,QKbLZ1Wy6cw,946321,2026-06-02,kept,80年代流行曲,新格唱片 RockRecords / YouTube
Pop 80s,songlists/pop-80s.json,POP80-698,抉擇,Yg76VjN4xbA,912724,2026-06-02,kept,80年代流行曲,Timeless Music / YouTube
Pop 80s,songlists/pop-80s.json,POP80-699,醉紅塵,2cmstt1wPk4,901972,2026-06-02,kept,80年代流行曲,shiraruhi / YouTube
Pop 80s,songlists/pop-80s.json,POP80-700,美麗的預謀,6i0Uo_LOGWw,894357,2026-06-02,kept,80年代流行曲,滾石唱片 ROCK RECORDS / YouTube
Pop 80s,songlists/pop-80s.json,POP80-701,酒矸倘賣無,we1Y9VgeAXM,886791,2026-06-02,kept,80年代流行曲,TSSO台灣獨奏家交響樂團 / YouTube
Pop 80s,songlists/pop-80s.json,POP80-702,回心轉意,qIzw3HrkSKo,852184,2026-06-02,kept,80年代流行曲,黃鶯鶯 Tracy Huang / YouTube
Pop 80s,songlists/pop-80s.json,POP80-703,何必旁人來說媒,vGl9akqCGso,844371,2026-06-02,kept,80年代流行曲,Timeless Music / YouTube
Pop 80s,songlists/pop-80s.json,POP80-704,尖沙咀,u_do5tNUF5w,843662,2026-06-02,kept,80年代流行曲,lifeisgood181 / YouTube
Pop 80s,songlists/pop-80s.json,POP80-705,答案,OUnh7ZxcLHc,809907,2026-06-02,kept,80年代流行曲,滾石唱片 ROCK RECORDS / YouTube
Pop 80s,songlists/pop-80s.json,POP80-706,情意結,75maXf7tWxo,807459,2026-06-02,kept,80年代流行曲,PriscillaChanVEVO / YouTube
Pop 80s,songlists/pop-80s.json,POP80-707,晴天,42MrygWRkQM,806260,2026-06-02,kept,80年代流行曲,jazznutt / YouTube
Pop 80s,songlists/pop-80s.json,POP80-708,你如何還能這樣溫柔,G2CfYCMIOyc,799282,2026-06-02,kept,80年代流行曲,滾石唱片 ROCK RECORDS / YouTube
Pop 80s,songlists/pop-80s.json,POP80-709,萬年孤寂,aWaswRN9h6c,776736,2026-06-02,kept,80年代流行曲,universalmusichk / YouTube
Pop 80s,songlists/pop-80s.json,POP80-710,名不虛傳,O8Cjha00pbE,769192,2026-06-02,kept,80年代流行曲,旋風音樂 趙傳 / YouTube
Pop 80s,songlists/pop-80s.json,POP80-711,祝你幸福,AIcWy2GMhtA,753870,2026-06-02,kept,80年代流行曲,可登唱片/可登有聲 Coden Records / YouTube
Pop 80s,songlists/pop-80s.json,POP80-712,鞠婧祎,ysGCZHrMYOU,749172,2026-06-02,kept,80年代流行曲,Levi Lim / YouTube
Pop 80s,songlists/pop-80s.json,POP80-713,心碎了無痕,VGZ-dzy96K0,748287,2026-06-02,kept,80年代流行曲,JackyCheungVEVO / YouTube
Pop 80s,songlists/pop-80s.json,POP80-714,無朋友,qnWkiJjMmg4,744595,2026-06-02,kept,80年代流行曲,universalmusichk / YouTube
Pop 80s,songlists/pop-80s.json,POP80-715,天上人間,W-yJp9oKx2Y,732506,2026-06-02,kept,80年代流行曲,Timeless Music / YouTube
Pop 80s,songlists/pop-80s.json,POP80-716,親愛的小孩,Jq5MzlkXXfE,731438,2026-06-02,kept,80年代流行曲,Timeless Music / YouTube
Pop 80s,songlists/pop-80s.json,POP80-717,可否衝破,gxAtr7HqGIE,712448,2026-06-02,kept,80年代流行曲,Timeless Music Hong Kong天碟 / YouTube
Pop 80s,songlists/pop-80s.json,POP80-718,我是不是你最疼愛的人,JXJjLDm-iVY,703118,2026-06-02,kept,80年代流行曲,滾石唱片 ROCK RECORDS / YouTube
Pop 80s,songlists/pop-80s.json,POP80-719,何日君再来,7guSDkKIpX0,700906,2026-06-02,kept,80年代流行曲,lifeisgood181 / YouTube
Pop 80s,songlists/pop-80s.json,POP80-720,冬恋,5e-jtBXlhsU,695661,2026-06-02,kept,80年代流行曲,MUSIC WORLD / YouTube
Pop 80s,songlists/pop-80s.json,POP80-721,舉棋不定,uzChsrNhoAA,680127,2026-06-02,kept,80年代流行曲,張清芳 Stella / YouTube
Pop 80s,songlists/pop-80s.json,POP80-722,感情到老,O_GIXQKwFmc,670499,2026-06-02,kept,80年代流行曲,dannymtv / YouTube
Pop 80s,songlists/pop-80s.json,POP80-723,鳳凰于飛,3CRTlOfzg3s,656241,2026-06-02,kept,80年代流行曲,Timeless Music / YouTube
Pop 80s,songlists/pop-80s.json,POP80-724,在空中,jeLFwDD6WV8,654457,2026-06-02,kept,80年代流行曲,吳青峰 Wu Qing Feng / YouTube
Pop 80s,songlists/pop-80s.json,POP80-725,無情的雨無情的你,Cw6ttb6edm0,651953,2026-06-02,kept,80年代流行曲,齊秦經典 Classic Chyi Chin / YouTube
Pop 80s,songlists/pop-80s.json,POP80-726,新少林寺,b0kfoyt8XPg,651179,2026-06-02,kept,80年代流行曲,微笑回甘雲水僧 / YouTube
Pop 80s,songlists/pop-80s.json,POP80-727,梦驼铃,mjmiuGEqf0c,643416,2026-06-02,kept,80年代流行曲,aichoon ong / YouTube
Pop 80s,songlists/pop-80s.json,POP80-728,忘了你忘了我,qMC4NAbFpyw,642332,2026-06-02,kept,80年代流行曲,Timeless Music / YouTube
Pop 80s,songlists/pop-80s.json,POP80-729,忘夫崖,oTp0na_pb7Y,640488,2026-06-02,kept,80年代流行曲,as abba / YouTube
Pop 80s,songlists/pop-80s.json,POP80-730,情字這條路,f10_2zSpaYY,637005,2026-06-02,kept,80年代流行曲,滾石唱片 ROCK RECORDS / YouTube
Pop 80s,songlists/pop-80s.json,POP80-731,愛情宣言,6a1WFYbiZ6U,627751,2026-06-02,kept,80年代流行曲,滾石唱片 ROCK RECORDS / YouTube
Pop 80s,songlists/pop-80s.json,POP80-732,哪個不多情,Szddn_1cWGo,624221,2026-06-02,kept,80年代流行曲,Timeless Music / YouTube
Pop 80s,songlists/pop-80s.json,POP80-733,那個傻瓜愛過你,41QgAZr2dZY,618104,2026-06-02,kept,80年代流行曲,滾石唱片 ROCK RECORDS / YouTube
Pop 80s,songlists/pop-80s.json,POP80-734,巧合,faYb7l9HxR8,614821,2026-06-02,kept,80年代流行曲,charmer0966 / YouTube
Pop 80s,songlists/pop-80s.json,POP80-735,讓愛自由,pEAbNRDjtdE,612208,2026-06-02,kept,80年代流行曲,Timeless Music / YouTube
Pop 80s,songlists/pop-80s.json,POP80-736,夜空,qFhITKcIgy8,596109,2026-06-02,kept,80年代流行曲,hk choo / YouTube
Pop 80s,songlists/pop-80s.json,POP80-737,你的淺笑,xPCLjJyQ0y8,593964,2026-06-02,kept,80年代流行曲,Timeless Music Hong Kong天碟 / YouTube
Pop 80s,songlists/pop-80s.json,POP80-738,追風的女兒,9kywtGhKy7M,590768,2026-06-02,kept,80年代流行曲,嵐帝雷帝 / YouTube
Pop 80s,songlists/pop-80s.json,POP80-739,其實我真的很在乎,KZA788TScsg,585459,2026-06-02,kept,80年代流行曲,Timeless Music / YouTube
Pop 80s,songlists/pop-80s.json,POP80-740,為何他會離開你,zqc7LBFNr-k,580310,2026-06-02,kept,80年代流行曲,Timeless Music Hong Kong天碟 / YouTube
Pop 80s,songlists/pop-80s.json,POP80-741,午夜的街頭,eT6TUAlDt4o,578803,2026-06-02,kept,80年代流行曲,hk choo / YouTube
Pop 80s,songlists/pop-80s.json,POP80-742,好好愛我,VHIuFo9_uBk,575429,2026-06-02,kept,80年代流行曲,hk choo / YouTube
Pop 80s,songlists/pop-80s.json,POP80-743,秋去秋來,qkvUHxogwk4,570974,2026-06-02,kept,80年代流行曲,Timeless Music Hong Kong天碟 / YouTube
Pop 80s,songlists/pop-80s.json,POP80-744,心痛的感覺,IMHz79pVL5I,570124,2026-06-02,kept,80年代流行曲,honbear south / YouTube
Pop 80s,songlists/pop-80s.json,POP80-745,懷念經典歌曲,5kz-aSBlDHQ,558389,2026-06-02,kept,80年代流行曲,Henry Chen / YouTube
Pop 80s,songlists/pop-80s.json,POP80-746,多少次,qPfFEzFIe2s,550423,2026-06-02,kept,80年代流行曲,Timeless Music / YouTube
Pop 80s,songlists/pop-80s.json,POP80-747,給親愛的親愛,xc_R85Rkyxw,550118,2026-06-02,kept,80年代流行曲,Priscilla Chan 陳慧嫻 / YouTube
Pop 80s,songlists/pop-80s.json,POP80-748,殷正洋,3b2dadcuNgM,523451,2026-06-02,kept,80年代流行曲,Depuislejour86 / YouTube
Pop 80s,songlists/pop-80s.json,POP80-749,想不盡的你,ynhSwg0dXMg,521571,2026-06-02,kept,80年代流行曲,滾石唱片 ROCK RECORDS / YouTube
Pop 80s,songlists/pop-80s.json,POP80-750,心內事無人知,pwBBExZlbNc,507904,2026-06-02,kept,80年代流行曲,hk choo / YouTube
Pop 80s,songlists/pop-80s.json,POP80-751,油麻菜籽,7GCzSHc43nE,507275,2026-06-02,kept,80年代流行曲,滾石唱片 ROCK RECORDS / YouTube
Pop 80s,songlists/pop-80s.json,POP80-752,有多少爱可以重来,pnkTTppcnQs,506774,2026-06-02,kept,80年代流行曲,Lyrics Music Chinese / YouTube
Pop 80s,songlists/pop-80s.json,POP80-753,加州陽光,fbRd8bczEq0,504627,2026-06-02,kept,80年代流行曲,張清芳 Stella / YouTube
Pop 80s,songlists/pop-80s.json,POP80-754,無淚的遺憾,9oq8bgM9mvc,489632,2026-06-02,removed-under-500k,80年代流行曲,BeyondVEVO / YouTube
Pop 80s,songlists/pop-80s.json,POP80-755,倩影,LutY3yDoHnM,488371,2026-06-02,removed-under-500k,80年代流行曲,Hui Ping Lin - Topic / YouTube
Pop 80s,songlists/pop-80s.json,POP80-756,漁火閃閃,2w3Hz7RcaYQ,484620,2026-06-02,removed-under-500k,80年代流行曲,MsCamping / YouTube
Pop 80s,songlists/pop-80s.json,POP80-757,讀你,CAtivvxfA_8,482728,2026-06-02,removed-under-500k,80年代流行曲,Timeless Music / YouTube
Pop 80s,songlists/pop-80s.json,POP80-758,只愿一生爱一人,d0zrCUyABjM,476192,2026-06-02,removed-under-500k,80年代流行曲,GM Lyric / YouTube
Pop 80s,songlists/pop-80s.json,POP80-759,飛鳥與魚,JQNM9KTMXoE,471274,2026-06-02,removed-under-500k,80年代流行曲,滾石唱片 ROCK RECORDS / YouTube
Pop 80s,songlists/pop-80s.json,POP80-760,黑澀會美眉,5o0oL4sQPeA,470307,2026-06-02,removed-under-500k,80年代流行曲,福茂唱片 / YouTube
Pop 80s,songlists/pop-80s.json,POP80-761,第34集,nF7m5Pkq9LY,467289,2026-06-02,removed-under-500k,80年代流行曲,fewerx / YouTube
Pop 80s,songlists/pop-80s.json,POP80-762,心情,jjvqc5Z6sCI,464093,2026-06-02,removed-under-500k,80年代流行曲,滾石唱片 ROCK RECORDS / YouTube
Pop 80s,songlists/pop-80s.json,POP80-763,如風往事,P21F4MOlcPw,458466,2026-06-02,removed-under-500k,80年代流行曲,滾石唱片 ROCK RECORDS / YouTube
Pop 80s,songlists/pop-80s.json,POP80-764,翡翠劇場,o_uCIWh7MVU,457886,2026-06-02,removed-under-500k,80年代流行曲,忘了!忘不了 / YouTube
Pop 80s,songlists/pop-80s.json,POP80-765,思念是一種病,gLOlxy0nHqY,455021,2026-06-02,removed-under-500k,80年代流行曲,滾石唱片 ROCK RECORDS / YouTube
Pop 80s,songlists/pop-80s.json,POP80-766,空凳,gmUc89xGxS4,449806,2026-06-02,removed-under-500k,80年代流行曲,yobeilyable / YouTube
Pop 80s,songlists/pop-80s.json,POP80-767,那一夜我喝了酒,3DOvhoKZu4I,448065,2026-06-02,removed-under-500k,80年代流行曲,滾石唱片 ROCK RECORDS / YouTube
Pop 80s,songlists/pop-80s.json,POP80-768,我得到什么,GuURGOr2trA,439253,2026-06-02,removed-under-500k,80年代流行曲,psyduck215 / YouTube
Pop 80s,songlists/pop-80s.json,POP80-769,和自己賽跑的人,F3W1jEKHJYA,431113,2026-06-02,removed-under-500k,80年代流行曲,滾石唱片 ROCK RECORDS / YouTube
Pop 80s,songlists/pop-80s.json,POP80-770,愛不釋手,ttFcm7-IBLQ,426204,2026-06-02,removed-under-500k,80年代流行曲,HackenLeeVEVO / YouTube
Pop 80s,songlists/pop-80s.json,POP80-771,台北紅玫瑰,LIum1Z06E34,425403,2026-06-02,removed-under-500k,80年代流行曲,滾石唱片 ROCK RECORDS / YouTube
Pop 80s,songlists/pop-80s.json,POP80-772,把自己敲醒,Nehu_GkBics,424547,2026-06-02,removed-under-500k,80年代流行曲,豐華唱片ForwardMusic / YouTube
Pop 80s,songlists/pop-80s.json,POP80-773,愛人同志,5ZWOKKgsx-4,424425,2026-06-02,removed-under-500k,80年代流行曲,滾石唱片 ROCK RECORDS / YouTube
Pop 80s,songlists/pop-80s.json,POP80-774,王夢麟,WztSBN1f95A,422033,2026-06-02,removed-under-500k,80年代流行曲,shichwan / YouTube
Pop 80s,songlists/pop-80s.json,POP80-775,為愛落淚,ew0hHiMcQy8,415842,2026-06-02,removed-under-500k,80年代流行曲,張清芳 Stella / YouTube
Pop 80s,songlists/pop-80s.json,POP80-776,愛到分離仍是愛,SbVuPCf0fhM,411857,2026-06-02,removed-under-500k,80年代流行曲,Timeless Music Hong Kong天碟 / YouTube
Pop 80s,songlists/pop-80s.json,POP80-777,追风的女儿,kdrADQwM7XI,410371,2026-06-02,removed-under-500k,80年代流行曲,as abba / YouTube
Pop 80s,songlists/pop-80s.json,POP80-778,紅塵,Ci8VRc7okGA,404494,2026-06-02,removed-under-500k,80年代流行曲,Timeless Music Hong Kong天碟 / YouTube
Pop 80s,songlists/pop-80s.json,POP80-779,一生不可自決,MZZ45jr40Ek,398969,2026-06-02,removed-under-500k,80年代流行曲,Timeless Music Hong Kong天碟 / YouTube
Pop 80s,songlists/pop-80s.json,POP80-780,曾經滄海,U4lmizcawt4,380956,2026-06-02,removed-under-500k,80年代流行曲,滾石唱片 ROCK RECORDS / YouTube
Pop 80s,songlists/pop-80s.json,POP80-781,雙雁影,I2KnrM1eZ18,379985,2026-06-02,removed-under-500k,80年代流行曲,hk choo / YouTube
Pop 80s,songlists/pop-80s.json,POP80-782,没有人可以像你,I-HH-d6Guik,375778,2026-06-02,removed-under-500k,80年代流行曲,Miss / YouTube
Pop 80s,songlists/pop-80s.json,POP80-783,少女心事,31lROLQYnho,374406,2026-06-02,removed-under-500k,80年代流行曲,華星唱片 Capital Artists Official Channel / YouTube
Pop 80s,songlists/pop-80s.json,POP80-784,下雨天,Zoq9asgwmSY,367720,2026-06-02,removed-under-500k,80年代流行曲,沿途有你 2 / YouTube
Pop 80s,songlists/pop-80s.json,POP80-785,立體聲,fDF3tnN9RFA,367547,2026-06-02,removed-under-500k,80年代流行曲,100SEKS / YouTube
Pop 80s,songlists/pop-80s.json,POP80-786,数字人生,DnfTQ643apo,366009,2026-06-02,removed-under-500k,80年代流行曲,Music Wonderland / YouTube
Pop 80s,songlists/pop-80s.json,POP80-787,紅蜻蜓,HuIw10vPDqY,352614,2026-06-02,removed-under-500k,80年代流行曲,鬼豔878&中華台灣聯邦(中聯) / YouTube
Pop 80s,songlists/pop-80s.json,POP80-788,因為寂寞,Lq91XeSJ3vg,349743,2026-06-02,removed-under-500k,80年代流行曲,滾石唱片 ROCK RECORDS / YouTube
Pop 80s,songlists/pop-80s.json,POP80-789,橘子紅了,YqsRYoTpy9I,347284,2026-06-02,removed-under-500k,80年代流行曲,Stella Chang / YouTube
Pop 80s,songlists/pop-80s.json,POP80-790,曠野寄情,5dyLmc6bA90,344548,2026-06-02,removed-under-500k,80年代流行曲,ozones / YouTube
Pop 80s,songlists/pop-80s.json,POP80-791,請將手放開,PQVSAPxl23s,339990,2026-06-02,removed-under-500k,80年代流行曲,滾石唱片 ROCK RECORDS / YouTube
Pop 80s,songlists/pop-80s.json,POP80-792,中華民國頌,pdrnYZ--Eyg,339910,2026-06-02,removed-under-500k,80年代流行曲,阿聖音樂 / YouTube
Pop 80s,songlists/pop-80s.json,POP80-793,舊情綿綿,RkfYKRQFg_E,337911,2026-06-02,removed-under-500k,80年代流行曲,沿途有你 2 / YouTube
Pop 80s,songlists/pop-80s.json,POP80-794,蝴蝶飛呀,0OX_qd73LGw,337218,2026-06-02,removed-under-500k,80年代流行曲,empireearth1993 / YouTube
Pop 80s,songlists/pop-80s.json,POP80-795,戀戀風塵,3uMdGUHHkN0,334674,2026-06-02,removed-under-500k,80年代流行曲,PriscillaChanVEVO / YouTube
Pop 80s,songlists/pop-80s.json,POP80-796,無言的歌,b0SV7SbSXPg,329902,2026-06-02,removed-under-500k,80年代流行曲,滾石唱片 ROCK RECORDS / YouTube
Pop 80s,songlists/pop-80s.json,POP80-797,天才白痴钱钱钱 许冠杰,k-e9EnC2n8w,328105,2026-06-02,removed-under-500k,80年代流行曲,GM Lyric / YouTube
Pop 80s,songlists/pop-80s.json,POP80-798,黑暗的英雄,bGEcodeMhN8,323980,2026-06-02,removed-under-500k,80年代流行曲,柚子胡椒 / YouTube
Pop 80s,songlists/pop-80s.json,POP80-799,生命中的精靈,jCPwfsRGLqk,321516,2026-06-02,removed-under-500k,80年代流行曲,滾石唱片 ROCK RECORDS / YouTube
Pop 80s,songlists/pop-80s.json,POP80-800,雁行千里,XrGumNwIJpA,319332,2026-06-02,removed-under-500k,80年代流行曲,Specialie4u / YouTube
Pop 80s,songlists/pop-80s.json,POP80-801,如泣如訴,EF9hZze3cIk,319050,2026-06-02,removed-under-500k,80年代流行曲,A Hors / YouTube
Pop 80s,songlists/pop-80s.json,POP80-802,等愛的女人,_uJkLSH3Et4,316213,2026-06-02,removed-under-500k,80年代流行曲,Timeless Music Hong Kong天碟 / YouTube
Pop 80s,songlists/pop-80s.json,POP80-803,情非首爾,n3c-GH1C3fA,315936,2026-06-02,removed-under-500k,80年代流行曲,HackenLeeVEVO / YouTube
Pop 80s,songlists/pop-80s.json,POP80-804,你是我永遠的鄉愁,ttBJAaSRr9M,312872,2026-06-02,removed-under-500k,80年代流行曲,Timeless Music / YouTube
Pop 80s,songlists/pop-80s.json,POP80-805,寫佇雲頂的名,NWnZDLGA1WE,306748,2026-06-02,removed-under-500k,80年代流行曲,winminfei / YouTube
Pop 80s,songlists/pop-80s.json,POP80-806,問你在哪里,HuxMkbO-aVI,303386,2026-06-02,removed-under-500k,80年代流行曲,hk choo / YouTube
Pop 80s,songlists/pop-80s.json,POP80-807,寂寞流星群,6T0pq5mPTxA,302967,2026-06-02,removed-under-500k,80年代流行曲,Timeless Music / YouTube
Pop 80s,songlists/pop-80s.json,POP80-808,春宵吟,RdHPdPP1_W8,302143,2026-06-02,removed-under-500k,80年代流行曲,hk choo / YouTube
Pop 80s,songlists/pop-80s.json,POP80-809,不想你也難,4HiRBoWkPkU,301109,2026-06-02,removed-under-500k,80年代流行曲,張清芳 Stella / YouTube
Pop 80s,songlists/pop-80s.json,POP80-810,太极,8LZ6fphetc8,299227,2026-06-02,removed-under-500k,80年代流行曲,cody56011 / YouTube
Pop 80s,songlists/pop-80s.json,POP80-811,一起看月亮,VPpDJh70EQ8,298140,2026-06-02,removed-under-500k,80年代流行曲,滾石唱片 ROCK RECORDS / YouTube
Pop 80s,songlists/pop-80s.json,POP80-812,歌劇魅影,8DSnLg5KJ0g,295950,2026-06-02,removed-under-500k,80年代流行曲,豐華唱片ForwardMusic / YouTube
Pop 80s,songlists/pop-80s.json,POP80-813,舊愛新歡,dKWpyoIR1Uc,293269,2026-06-02,removed-under-500k,80年代流行曲,滾石唱片 ROCK RECORDS / YouTube
Pop 80s,songlists/pop-80s.json,POP80-814,在鹿港小鎮唱鹿港小鎮,ugSDuwGHGyA,290522,2026-06-02,removed-under-500k,80年代流行曲,Fct Lin / YouTube
Pop 80s,songlists/pop-80s.json,POP80-815,獅城舊事,-CBbz4wjVWE,290101,2026-06-02,removed-under-500k,80年代流行曲,Singapore 新加坡  Thomas Giam 嚴平凡 / YouTube
Pop 80s,songlists/pop-80s.json,POP80-816,如今才是唯一,j7zDmQM6LVU,283577,2026-06-02,removed-under-500k,80年代流行曲,滾石唱片 ROCK RECORDS / YouTube
Pop 80s,songlists/pop-80s.json,POP80-817,恨不相逢未嫁時,JlEgf2xsq7E,275297,2026-06-02,removed-under-500k,80年代流行曲,Timeless Music / YouTube
Pop 80s,songlists/pop-80s.json,POP80-818,你的寶貝,w5Qqh9UEBcI,271982,2026-06-02,removed-under-500k,80年代流行曲,Timeless Music / YouTube
Pop 80s,songlists/pop-80s.json,POP80-819,姜育恒,o_F6UtZ-kmY,270083,2026-06-02,removed-under-500k,80年代流行曲,tytnsm / YouTube
Pop 80s,songlists/pop-80s.json,POP80-820,溜冰滾族,rUB80pJGdCs,266244,2026-06-02,removed-under-500k,80年代流行曲,AnthonyWong archive / YouTube
Pop 80s,songlists/pop-80s.json,POP80-821,流淚的背影,m2AGFBUPSxQ,263787,2026-06-02,removed-under-500k,80年代流行曲,aunt1 / YouTube
Pop 80s,songlists/pop-80s.json,POP80-822,夢裡都是你,f1dDgnkt4G4,263438,2026-06-02,removed-under-500k,80年代流行曲,豐華唱片ForwardMusic / YouTube
Pop 80s,songlists/pop-80s.json,POP80-823,棚內,3v2E6r7g2eo,259740,2026-06-02,removed-under-500k,80年代流行曲,burabiairi / YouTube
Pop 80s,songlists/pop-80s.json,POP80-824,你是我一輩子的愛,rF3Yqw1TUyI,253358,2026-06-02,removed-under-500k,80年代流行曲,滾石唱片 ROCK RECORDS / YouTube
Pop 80s,songlists/pop-80s.json,POP80-825,总有一天等到你,e5CnGL4GQno,252536,2026-06-02,removed-under-500k,80年代流行曲,GM Lyric / YouTube
Pop 80s,songlists/pop-80s.json,POP80-826,再會吧心上人,7ry1VnCSGrQ,248748,2026-06-02,removed-under-500k,80年代流行曲,ivy lam / YouTube
Pop 80s,songlists/pop-80s.json,POP80-827,芳華盛宴,c3mX0Pujjl0,244544,2026-06-02,removed-under-500k,80年代流行曲,Stella Chang / YouTube
Pop 80s,songlists/pop-80s.json,POP80-828,亲爱的小孩,B1hRSmRZNhk,244102,2026-06-02,removed-under-500k,80年代流行曲,Pandarin / YouTube
Pop 80s,songlists/pop-80s.json,POP80-829,自己的心情自己感受,rVK0pJW8BMM,243450,2026-06-02,removed-under-500k,80年代流行曲,威峰 / YouTube
Pop 80s,songlists/pop-80s.json,POP80-830,花祭,tKACg0mrg1c,240343,2026-06-02,removed-under-500k,80年代流行曲,齊秦經典 Classic Chyi Chin / YouTube
Pop 80s,songlists/pop-80s.json,POP80-831,結他低泣時,ez938A-MRZc,238933,2026-06-02,removed-under-500k,80年代流行曲,Danny Summer - Topic / YouTube
Pop 80s,songlists/pop-80s.json,POP80-832,春天裡,bbwPA5YzvKs,238758,2026-06-02,removed-under-500k,80年代流行曲,Timeless Music / YouTube
Pop 80s,songlists/pop-80s.json,POP80-833,不想,mn1eOON6mg8,235151,2026-06-02,removed-under-500k,80年代流行曲,陳淑樺 Sarah Chen / YouTube
Pop 80s,songlists/pop-80s.json,POP80-834,最後一封信,4IeaKvgTlPk,233274,2026-06-02,removed-under-500k,80年代流行曲,Timeless Music / YouTube
Pop 80s,songlists/pop-80s.json,POP80-835,開場白,OV-eHugI7fw,231488,2026-06-02,removed-under-500k,80年代流行曲,滾石唱片 ROCK RECORDS / YouTube
Pop 80s,songlists/pop-80s.json,POP80-836,因為所以,E3LjGbt4EDY,230241,2026-06-02,removed-under-500k,80年代流行曲,利菁官方音樂頻道 Regine's Music Official Channel / YouTube
Pop 80s,songlists/pop-80s.json,POP80-837,夏的季節,7OYba-M-C_o,228911,2026-06-02,removed-under-500k,80年代流行曲,hk choo / YouTube
Pop 80s,songlists/pop-80s.json,POP80-838,黃沙萬里,ngc2wVVCPjY,226400,2026-06-02,removed-under-500k,80年代流行曲,Paula Tsui - Topic / YouTube
Pop 80s,songlists/pop-80s.json,POP80-839,出塞曲,j4W10Qu6d1M,225487,2026-06-02,removed-under-500k,80年代流行曲,張清芳 Stella / YouTube
Pop 80s,songlists/pop-80s.json,POP80-840,煙雨斜陽,_gCUaOQrQv0,225082,2026-06-02,removed-under-500k,80年代流行曲,Timeless Music / YouTube
Pop 80s,songlists/pop-80s.json,POP80-841,你像個孩子,cqgliiy3X4E,224061,2026-06-02,removed-under-500k,80年代流行曲,滾石唱片 ROCK RECORDS / YouTube
Pop 80s,songlists/pop-80s.json,POP80-842,大作,bVg1cSvW5wo,223251,2026-06-02,removed-under-500k,80年代流行曲,寰亞音樂 Media Asia Music Official Channel / YouTube
Pop 80s,songlists/pop-80s.json,POP80-843,嘆息,3k5rtFFpRug,221906,2026-06-02,removed-under-500k,80年代流行曲,滾石唱片 ROCK RECORDS / YouTube
Pop 80s,songlists/pop-80s.json,POP80-844,小親親,FoBBwp65KMg,221893,2026-06-02,removed-under-500k,80年代流行曲,Timeless Music / YouTube
Pop 80s,songlists/pop-80s.json,POP80-845,因為愛,37RLGjICZJc,220653,2026-06-02,removed-under-500k,80年代流行曲,旋風音樂 趙傳 / YouTube
Pop 80s,songlists/pop-80s.json,POP80-846,我是一只小小鸟,aPSzUdRRDjg,4382882,2026-06-02,kept,80年代流行曲,江西广播电视台今视频 China Jiangxi Radio Network / YouTube
Pop 80s,songlists/pop-80s.json,POP80-847,世界會變得很美,9wbLbT5zmCc,214513,2026-06-02,removed-under-500k,80年代流行曲,GrasshopperVEVO / YouTube
Pop 80s,songlists/pop-80s.json,POP80-848,日落日出,BBAPhHUb6C0,214037,2026-06-02,removed-under-500k,80年代流行曲,henrylwk / YouTube
Pop 80s,songlists/pop-80s.json,POP80-849,馬桶,RnxjCcTZ_I8,213472,2026-06-02,removed-under-500k,80年代流行曲,cherryc35 / YouTube
Pop 80s,songlists/pop-80s.json,POP80-850,絕不後悔,2AH6j2FImO8,213423,2026-06-02,removed-under-500k,80年代流行曲,滾石唱片 ROCK RECORDS / YouTube
Pop 80s,songlists/pop-80s.json,POP80-851,喜气洋洋,b-41Q7xEyCw,213343,2026-06-02,removed-under-500k,80年代流行曲,hk choo / YouTube
Pop 80s,songlists/pop-80s.json,POP80-852,人生就是戲,fs6SDj8aiTE,204124,2026-06-02,removed-under-500k,80年代流行曲,Timeless Music / YouTube
Pop 80s,songlists/pop-80s.json,POP80-853,摘星的晚上 1982 4,nPSV89kI_2E,203909,2026-06-02,removed-under-500k,80年代流行曲,anthony yang / YouTube
Pop 80s,songlists/pop-80s.json,POP80-854,我們的家,K08cJbGHf5A,201283,2026-06-02,removed-under-500k,80年代流行曲,通視 / YouTube
Pop 80s,songlists/pop-80s.json,POP80-855,塵緣,UVy1G1b20is,200747,2026-06-02,removed-under-500k,80年代流行曲,Roman Tam / YouTube
Pop 80s,songlists/pop-80s.json,POP80-856,海誓山盟,-xPkK2MATc0,200550,2026-06-02,removed-under-500k,80年代流行曲,Timeless Music Hong Kong天碟 / YouTube
Pop 80s,songlists/pop-80s.json,POP80-857,雙星情歌,HleJGTtpoA8,200179,2026-06-02,removed-under-500k,80年代流行曲,Timeless Music Hong Kong天碟 / YouTube
Pop 80s,songlists/pop-80s.json,POP80-858,惜別歌,Or8RGoUGLms,196918,2026-06-02,removed-under-500k,80年代流行曲,shiraruhi / YouTube
Pop 80s,songlists/pop-80s.json,POP80-859,相思已是不曾閒,ho3vNTcnpyg,196340,2026-06-02,removed-under-500k,80年代流行曲,滾石唱片 ROCK RECORDS / YouTube
Pop 80s,songlists/pop-80s.json,POP80-860,天籟...星河傳說,TLQY3w5zTCU,195965,2026-06-02,removed-under-500k,80年代流行曲,沿途有你 2 / YouTube
Pop 80s,songlists/pop-80s.json,POP80-861,說不出的未來2014,CA2RBiqUi1Y,193829,2026-06-02,removed-under-500k,80年代流行曲,universalmusichk / YouTube
Pop 80s,songlists/pop-80s.json,POP80-862,二等良民,va3n13uVynw,193307,2026-06-02,removed-under-500k,80年代流行曲,greenleaves363 / YouTube
Pop 80s,songlists/pop-80s.json,POP80-863,再見悲哀,52JEso5Zpgo,193136,2026-06-02,removed-under-500k,80年代流行曲,Timeless Music Hong Kong天碟 / YouTube
Pop 80s,songlists/pop-80s.json,POP80-864,都市戀歌,IFjAXe997h0,190084,2026-06-02,removed-under-500k,80年代流行曲,637 TWS / YouTube
Pop 80s,songlists/pop-80s.json,POP80-865,為難,Xfa10mUMM5E,189586,2026-06-02,removed-under-500k,80年代流行曲,Timeless Music / YouTube
Pop 80s,songlists/pop-80s.json,POP80-866,金星秀 160210,YYeH3_8g7eQ,187272,2026-06-02,removed-under-500k,80年代流行曲,又见柳叶青 / YouTube
Pop 80s,songlists/pop-80s.json,POP80-867,你我的約定,n62peMDtNWI,186797,2026-06-02,removed-under-500k,80年代流行曲,姜永年 / YouTube
Pop 80s,songlists/pop-80s.json,POP80-868,願死也為情,KAjV5tyqLzU,185310,2026-06-02,removed-under-500k,80年代流行曲,Timeless Music Hong Kong天碟 / YouTube
Pop 80s,songlists/pop-80s.json,POP80-869,暗戀的代價,z2j4awLP6IM,183016,2026-06-02,removed-under-500k,80年代流行曲,士華師兄 / YouTube
Pop 80s,songlists/pop-80s.json,POP80-870,喜氣洋洋,4V7LXprxh7c,182296,2026-06-02,removed-under-500k,80年代流行曲,PaulaTsuiVEVO / YouTube
Pop 80s,songlists/pop-80s.json,POP80-871,時間帶不走空間,DHtDhX6K7QY,181752,2026-06-02,removed-under-500k,80年代流行曲,Timeless Music / YouTube
Pop 80s,songlists/pop-80s.json,POP80-872,華語流行歌曲,qxGgc6bW1wE,180527,2026-06-02,removed-under-500k,80年代流行曲,ying ying / YouTube
Pop 80s,songlists/pop-80s.json,POP80-873,红日,saYRzBQcgYw,179510,2026-06-02,removed-under-500k,80年代流行曲,Diêgo Lopes / YouTube
Pop 80s,songlists/pop-80s.json,POP80-874,往昔,o1g1ZMYs_7c,178166,2026-06-02,removed-under-500k,80年代流行曲,Hui Ping Lin - Topic / YouTube
Pop 80s,songlists/pop-80s.json,POP80-875,月光爱人,3s80mKu2O6I,176792,2026-06-02,removed-under-500k,80年代流行曲,腾讯音乐发行 / YouTube
Pop 80s,songlists/pop-80s.json,POP80-876,容顏,GTuSNWJLZWg,170377,2026-06-02,removed-under-500k,80年代流行曲,豐華唱片ForwardMusic / YouTube
Pop 80s,songlists/pop-80s.json,POP80-877,每日懷念你,RRFngP1uHSg,169236,2026-06-02,removed-under-500k,80年代流行曲,沿途有你 2 / YouTube
Pop 80s,songlists/pop-80s.json,POP80-878,藍戰士,lsZ3FcHuFzM,168495,2026-06-02,removed-under-500k,80年代流行曲,BlueJeansHKVEVO / YouTube
Pop 80s,songlists/pop-80s.json,POP80-879,歸宿,8m-veLwlH1A,167656,2026-06-02,removed-under-500k,80年代流行曲,Miss / YouTube
Pop 80s,songlists/pop-80s.json,POP80-880,也算是缘份,ACfjO-DQuDM,167520,2026-06-02,removed-under-500k,80年代流行曲,powermao / YouTube
Pop 80s,songlists/pop-80s.json,POP80-881,江上月影,hTCGlZtdWrw,166855,2026-06-02,removed-under-500k,80年代流行曲,hk choo / YouTube
Pop 80s,songlists/pop-80s.json,POP80-882,故乡的云,Wzk7__f_a-Y,165226,2026-06-02,removed-under-500k,80年代流行曲,your moon / YouTube
Pop 80s,songlists/pop-80s.json,POP80-883,首都,6xPDj8C_4Ps,164829,2026-06-02,removed-under-500k,80年代流行曲,Lo Ta-yu - Topic / YouTube
Pop 80s,songlists/pop-80s.json,POP80-884,往事隨風,lAVu2zwnOUs,162340,2026-06-02,removed-under-500k,80年代流行曲,齊秦經典 Classic Chyi Chin / YouTube
Pop 80s,songlists/pop-80s.json,POP80-885,誰可改變,WY8Kn2FY11s,159467,2026-06-02,removed-under-500k,80年代流行曲,AlanTamVEVO / YouTube
Pop 80s,songlists/pop-80s.json,POP80-886,酸辣汤,Jtq8vBIoTXQ,157788,2026-06-02,removed-under-500k,80年代流行曲,JX / YouTube
Pop 80s,songlists/pop-80s.json,POP80-887,我心不死,faVwTnECULo,156804,2026-06-02,removed-under-500k,80年代流行曲,沿途有你 2 / YouTube
Pop 80s,songlists/pop-80s.json,POP80-888,鋼鐵的心,-9dnBHJx5TQ,155312,2026-06-02,removed-under-500k,80年代流行曲,Timeless Music / YouTube
Pop 80s,songlists/pop-80s.json,POP80-889,一生愛,huY-2g0mKpA,154816,2026-06-02,removed-under-500k,80年代流行曲,東亞唱片 East Asia Music Official Channel / YouTube
Pop 80s,songlists/pop-80s.json,POP80-890,春寒,Q64uYlZumME,152683,2026-06-02,removed-under-500k,80年代流行曲,hk choo / YouTube
Pop 80s,songlists/pop-80s.json,POP80-891,錯不在你,T-jmn_ks3Rg,149451,2026-06-02,removed-under-500k,80年代流行曲,張清芳 Stella / YouTube
Pop 80s,songlists/pop-80s.json,POP80-892,人生如夢,BMcIQTHkwio,149116,2026-06-02,removed-under-500k,80年代流行曲,Timeless Music / YouTube
Pop 80s,songlists/pop-80s.json,POP80-893,絲路,zzv0BMVh-U8,148963,2026-06-02,removed-under-500k,80年代流行曲,齊秦經典 Classic Chyi Chin / YouTube
Pop 80s,songlists/pop-80s.json,POP80-894,十個救火的少年,ALMEyL94738,148700,2026-06-02,removed-under-500k,80年代流行曲,AnthonyWong archive / YouTube
Pop 80s,songlists/pop-80s.json,POP80-895,我會掛念你,NMgLFxppBGE,147117,2026-06-02,removed-under-500k,80年代流行曲,dnns ha / YouTube
Pop 80s,songlists/pop-80s.json,POP80-896,你是我心中雲一朵,TLCKr4qEmnU,145444,2026-06-02,removed-under-500k,80年代流行曲,Timeless Music / YouTube
Pop 80s,songlists/pop-80s.json,POP80-897,舊愛難了,0cMNNzpHFlo,144889,2026-06-02,removed-under-500k,80年代流行曲,Stella Chang / YouTube
Pop 80s,songlists/pop-80s.json,POP80-898,最後的一班渡輪,ka62s_BMQZI,144756,2026-06-02,removed-under-500k,80年代流行曲,一杯涼水 / YouTube
Pop 80s,songlists/pop-80s.json,POP80-899,天問,VNa-5OEzTug,143251,2026-06-02,removed-under-500k,80年代流行曲,寰亞音樂 Media Asia Music Official Channel / YouTube
Pop 80s,songlists/pop-80s.json,POP80-900,早期,yxzCUaz81-0,143159,2026-06-02,removed-under-500k,80年代流行曲,Michael Chan / YouTube
Pop 80s,songlists/pop-80s.json,POP80-901,花瓣雨,07TG-cttD60,142534,2026-06-02,removed-under-500k,80年代流行曲,UNIVERSAL MUSIC TAIWAN 環球音樂 / YouTube
Pop 80s,songlists/pop-80s.json,POP80-902,紅塵有你,g9TfZPh48H8,142044,2026-06-02,removed-under-500k,80年代流行曲,Timeless Music / YouTube
Pop 80s,songlists/pop-80s.json,POP80-903,愛沒有不對,PNI7smUds7M,141803,2026-06-02,removed-under-500k,80年代流行曲,Tony chow / YouTube
Pop 80s,songlists/pop-80s.json,POP80-904,預備,QF1UEaVOglk,139523,2026-06-02,removed-under-500k,80年代流行曲,滾石唱片 ROCK RECORDS / YouTube
Pop 80s,songlists/pop-80s.json,POP80-905,頂天立地,9aUY28R--CE,138037,2026-06-02,removed-under-500k,80年代流行曲,AW / YouTube
Pop 80s,songlists/pop-80s.json,POP80-906,借根煙,Q7ETE0icww8,137941,2026-06-02,removed-under-500k,80年代流行曲,Chyi Chin齊秦 / YouTube
Pop 80s,songlists/pop-80s.json,POP80-907,九拍,tZO2acl2MV4,137881,2026-06-02,removed-under-500k,80年代流行曲,滾石唱片 ROCK RECORDS / YouTube
Pop 80s,songlists/pop-80s.json,POP80-908,麻雀耍樂,Y8wuU8j6mqo,137197,2026-06-02,removed-under-500k,80年代流行曲,SamHuiVEVO / YouTube
Pop 80s,songlists/pop-80s.json,POP80-909,完全是你,6wLlicdwx-E,135059,2026-06-02,removed-under-500k,80年代流行曲,Timeless Music Hong Kong天碟 / YouTube
Pop 80s,songlists/pop-80s.json,POP80-910,流連,d-MCKh8SKS0,134350,2026-06-02,removed-under-500k,80年代流行曲,Wenyeh. Wang / YouTube
Pop 80s,songlists/pop-80s.json,POP80-911,教壞細路,D-DFOCZ87tE,133470,2026-06-02,removed-under-500k,80年代流行曲,滾石唱片 ROCK RECORDS / YouTube
Pop 80s,songlists/pop-80s.json,POP80-912,相逢何必曾相识,NH0x4vccH24,131611,2026-06-02,removed-under-500k,80年代流行曲,小萌主猪猪 / YouTube
Pop 80s,songlists/pop-80s.json,POP80-913,是誰沉醉,WtD4eg_l5VQ,131286,2026-06-02,removed-under-500k,80年代流行曲,Florence T / YouTube
Pop 80s,songlists/pop-80s.json,POP80-914,危險遊戲,Umr0jKf1xSs,129427,2026-06-02,removed-under-500k,80年代流行曲,juraradio / YouTube
Pop 80s,songlists/pop-80s.json,POP80-915,如夜,ALCxMK15Kfc,128559,2026-06-02,removed-under-500k,80年代流行曲,華星唱片 Capital Artists Official Channel / YouTube
Pop 80s,songlists/pop-80s.json,POP80-916,給所有單身女子,rOalC9KjMJA,128274,2026-06-02,removed-under-500k,80年代流行曲,滾石唱片 ROCK RECORDS / YouTube
Pop 80s,songlists/pop-80s.json,POP80-917,友誼太陽,HcymJuCNLKU,127140,2026-06-02,removed-under-500k,80年代流行曲,無敵是甄妮! / YouTube
Pop 80s,songlists/pop-80s.json,POP80-918,繫我心弦,D0_wWoKIxG0,126537,2026-06-02,removed-under-500k,80年代流行曲,Timeless Music Hong Kong天碟 / YouTube
Pop 80s,songlists/pop-80s.json,POP80-919,一樣的月光2008,tu9BdB-zYlo,126075,2026-06-02,removed-under-500k,80年代流行曲,huang dennis / YouTube
Pop 80s,songlists/pop-80s.json,POP80-920,我要跳舞,I-74QFk6nEk,126068,2026-06-02,removed-under-500k,80年代流行曲,寰亞音樂 Media Asia Music Official Channel / YouTube
Pop 80s,songlists/pop-80s.json,POP80-921,去吧,m98H9PrIHz8,125307,2026-06-02,removed-under-500k,80年代流行曲,Kate James / YouTube
Pop 80s,songlists/pop-80s.json,POP80-922,吕方,xQPp7Q8TmRw,125110,2026-06-02,removed-under-500k,80年代流行曲,樂曲人生 / YouTube
Pop 80s,songlists/pop-80s.json,POP80-923,钟镇涛,7nKBJ8ReJk8,124932,2026-06-02,removed-under-500k,80年代流行曲,Videoweyy / YouTube
Pop 80s,songlists/pop-80s.json,POP80-924,時日無多,GbcX9LTJn4A,123240,2026-06-02,removed-under-500k,80年代流行曲,滾石唱片 ROCK RECORDS / YouTube
Pop 80s,songlists/pop-80s.json,POP80-925,今天我非常寂寞,v7_Ym-nvIkE,121960,2026-06-02,removed-under-500k,80年代流行曲,kikoushou40 / YouTube
Pop 80s,songlists/pop-80s.json,POP80-926,春夢留痕,3Z83t8eTRwI,121570,2026-06-02,removed-under-500k,80年代流行曲,忘了!忘不了 / YouTube
Pop 80s,songlists/pop-80s.json,POP80-927,現在以後,NPqb2zp6F4I,120797,2026-06-02,removed-under-500k,80年代流行曲,UNIVERSAL MUSIC TAIWAN 環球音樂 / YouTube
Pop 80s,songlists/pop-80s.json,POP80-928,明日有明天,3gREdk8OZh8,118641,2026-06-02,removed-under-500k,80年代流行曲,PriscillaChanVEVO / YouTube
Pop 80s,songlists/pop-80s.json,POP80-929,煙花非花,tB-Rs8L_vmY,117754,2026-06-02,removed-under-500k,80年代流行曲,寰亞音樂 Media Asia Music Official Channel / YouTube
Pop 80s,songlists/pop-80s.json,POP80-930,情變,EYWbVnGfOh0,117547,2026-06-02,removed-under-500k,80年代流行曲,universalmusichk / YouTube
Pop 80s,songlists/pop-80s.json,POP80-931,祝福你,dgZwwMzBzHA,117507,2026-06-02,removed-under-500k,80年代流行曲,沿途有你 2 / YouTube
Pop 80s,songlists/pop-80s.json,POP80-932,我和你,AIs71sd81_s,117176,2026-06-02,removed-under-500k,80年代流行曲,Alice Siu / YouTube
Pop 80s,songlists/pop-80s.json,POP80-933,噢！莎莉,kMm0-6nvHis,116831,2026-06-02,removed-under-500k,80年代流行曲,滾石唱片 ROCK RECORDS / YouTube
Pop 80s,songlists/pop-80s.json,POP80-934,秋涼,hVwsmu4bzro,115715,2026-06-02,removed-under-500k,80年代流行曲,滾石唱片 ROCK RECORDS / YouTube
Pop 80s,songlists/pop-80s.json,POP80-935,不捨得你,GMFTJNHMtfw,115609,2026-06-02,removed-under-500k,80年代流行曲,Timeless Music Hong Kong天碟 / YouTube
Pop 80s,songlists/pop-80s.json,POP80-936,梨渦淺笑,_i4NkoEsuU8,115400,2026-06-02,removed-under-500k,80年代流行曲,Ken Cheung / YouTube
Pop 80s,songlists/pop-80s.json,POP80-937,乾一杯,MChnhOl6v6c,114330,2026-06-02,removed-under-500k,80年代流行曲,Timeless Music Hong Kong天碟 / YouTube
Pop 80s,songlists/pop-80s.json,POP80-938,所以,gP2L0UnQbq0,113413,2026-06-02,removed-under-500k,80年代流行曲,葉璦菱 - Topic / YouTube
Pop 80s,songlists/pop-80s.json,POP80-939,天鳥,QPJm2A0tZrc,113355,2026-06-02,removed-under-500k,80年代流行曲,xinzhao / YouTube
Pop 80s,songlists/pop-80s.json,POP80-940,放心去飛,h-FS1EbuYFk,112007,2026-06-02,removed-under-500k,80年代流行曲,hanhao chang / YouTube
Pop 80s,songlists/pop-80s.json,POP80-941,愛斷情傷,xr6ora7WZf0,108155,2026-06-02,removed-under-500k,80年代流行曲,Timeless Music / YouTube
Pop 80s,songlists/pop-80s.json,POP80-942,哎烏婆,csWTsFYPZCo,107433,2026-06-02,removed-under-500k,80年代流行曲,Timeless Music Hong Kong天碟 / YouTube
Pop 80s,songlists/pop-80s.json,POP80-943,一世情緣,oUEuz6AT3qU,106791,2026-06-02,removed-under-500k,80年代流行曲,UNIVERSAL MUSIC TAIWAN 環球音樂 / YouTube
Pop 80s,songlists/pop-80s.json,POP80-944,你手中的清水燒,DO29estI4tc,106787,2026-06-02,removed-under-500k,80年代流行曲,豐華唱片ForwardMusic / YouTube
Pop 80s,songlists/pop-80s.json,POP80-945,關心永遠在,Z5NGq-3cxEI,106424,2026-06-02,removed-under-500k,80年代流行曲,滾石唱片 ROCK RECORDS / YouTube
Pop 80s,songlists/pop-80s.json,POP80-946,夢飛行,D_iRBkbMca4,105929,2026-06-02,removed-under-500k,80年代流行曲,Pepsi Tang / YouTube
Pop 80s,songlists/pop-80s.json,POP80-947,愛與哀愁,PfubeY9X04Q,105006,2026-06-02,removed-under-500k,80年代流行曲,UNIVERSAL MUSIC TAIWAN 環球音樂 / YouTube
Pop 80s,songlists/pop-80s.json,POP80-948,情难枕,xubn8XFXc5g,104429,2026-06-02,removed-under-500k,80年代流行曲,小宝音悦丨Bao's Music Joy / YouTube
Pop 80s,songlists/pop-80s.json,POP80-949,大地的孩子,wCU0QH7W5ZY,102298,2026-06-02,removed-under-500k,80年代流行曲,滾石唱片 ROCK RECORDS / YouTube
Pop 80s,songlists/pop-80s.json,POP80-950,逝去的心,7x76qj_x1iI,101492,2026-06-02,removed-under-500k,80年代流行曲,universalmusichk / YouTube
Pop 80s,songlists/pop-80s.json,POP80-951,雪中蓮,ukhdlQ7lXwQ,101185,2026-06-02,removed-under-500k,80年代流行曲,TeresaTengVEVO / YouTube
Pop 80s,songlists/pop-80s.json,POP80-952,每夜唱不停,9_NZNZZAoi0,101059,2026-06-02,removed-under-500k,80年代流行曲,Timeless Music Hong Kong天碟 / YouTube
Pop 80s,songlists/pop-80s.json,POP80-953,獨領風騷,vh_5qoarxzA,100268,2026-06-02,removed-under-500k,80年代流行曲,滾石唱片 ROCK RECORDS / YouTube
Pop 80s,songlists/pop-80s.json,POP80-954,明天會更好,s6T4DXRKYHM,32699123,2026-06-02,kept,80年代流行曲,滾石唱片 ROCK RECORDS / YouTube
Pop 80s,songlists/pop-80s.json,POP80-955,城里的月光,88GAq2AWBdg,14068598,2026-06-02,kept,80年代流行曲,min xiao / YouTube
Pop 80s,songlists/pop-80s.json,POP80-956,紫釵記,tTnGkJEl0_Y,3683179,2026-06-02,kept,80年代流行曲,shiraruhi / YouTube
Pop 80s,songlists/pop-80s.json,POP80-957,就在今夜,NUPOUgQxHHU,3369051,2026-06-02,kept,80年代流行曲,新格唱片 RockRecords / YouTube
Pop 80s,songlists/pop-80s.json,POP80-958,飄浪之女,YgJ8ZKdQg4o,2736486,2026-06-02,kept,80年代流行曲,Timeless Music / YouTube
Pop 80s,songlists/pop-80s.json,POP80-959,再見亦是淚,Z-QeY1gCb3Q,2719827,2026-06-02,kept,80年代流行曲,AlanTamVEVO / YouTube
Pop 80s,songlists/pop-80s.json,POP80-960,我的未來不是夢,lTxZmhAoSGU,2440419,2026-06-02,kept,80年代流行曲,滾石唱片 ROCK RECORDS / YouTube
Pop 80s,songlists/pop-80s.json,POP80-961,绿岛小夜曲,bQnQ27GfZ1w,2373472,2026-06-02,kept,80年代流行曲,齊豫Chyi Yu Unofficial Music Channel / YouTube
Pop 80s,songlists/pop-80s.json,POP80-962,故事的角色,wARk0o2zIyI,2345968,2026-06-02,kept,80年代流行曲,Timeless Music / YouTube
Pop 80s,songlists/pop-80s.json,POP80-963,心仍是冷,wGpMs2jvRn0,891830,2026-06-02,kept,80年代流行曲,華星唱片 Capital Artists Official Channel / YouTube
Pop 80s,songlists/pop-80s.json,POP80-964,男人哭吧不是罪,oHq6kKbtHeY,882599,2026-06-02,kept,80年代流行曲,GM Lyric / YouTube
Pop 80s,songlists/pop-80s.json,POP80-965,我還是永遠的愛著你,IFfcjRHVl1g,753949,2026-06-02,kept,80年代流行曲,Timeless Music / YouTube
Pop 80s,songlists/pop-80s.json,POP80-966,月琴,eOT5Y72U1pM,681544,2026-06-02,kept,80年代流行曲,張清芳 Stella / YouTube
Pop 80s,songlists/pop-80s.json,POP80-967,真的好想你,bnjF7kIIoE4,648825,2026-06-02,kept,80年代流行曲,ns pong / YouTube
Pop 80s,songlists/pop-80s.json,POP80-968,冰雨,13D42JBLWEI,596168,2026-06-02,kept,80年代流行曲,Music-Tube / YouTube
Pop 80s,songlists/pop-80s.json,POP80-969,恨不鍾情在當年,6oxsusT9-aA,595374,2026-06-02,kept,80年代流行曲,Timeless Music / YouTube
Pop 80s,songlists/pop-80s.json,POP80-970,無情弦,Jvmx88jKqXo,580196,2026-06-02,kept,80年代流行曲,himaybe / YouTube
Pop 80s,songlists/pop-80s.json,POP80-971,情深往事,zEqYUYQUghc,542013,2026-06-02,kept,80年代流行曲,Timeless Music / YouTube
Pop 80s,songlists/pop-80s.json,POP80-972,零時十分,2oH-nfOrPu8,503235,2026-06-02,kept,80年代流行曲,Timeless Music Hong Kong天碟 / YouTube
Pop 80s,songlists/pop-80s.json,POP80-973,亞細亞的孤兒,2fqhfVBjeso,500844,2026-06-02,kept,80年代流行曲,Twango Lee / YouTube
Pop 80s,songlists/pop-80s.json,POP80-974,往日的戀情,agBBIFlhCpw,486848,2026-06-02,removed-under-500k,80年代流行曲,hk choo / YouTube
Pop 80s,songlists/pop-80s.json,POP80-975,詞不達意,dqSNKh-t10U,484239,2026-06-02,removed-under-500k,80年代流行曲,Timeless Music / YouTube
Pop 80s,songlists/pop-80s.json,POP80-976,赤子,dUICtV5pIYQ,480659,2026-06-02,removed-under-500k,80年代流行曲,沿途有你 2 / YouTube
Pop 80s,songlists/pop-80s.json,POP80-977,還是你懂得愛我,b4XlEiZPH1U,447769,2026-06-02,removed-under-500k,80年代流行曲,AlanTamVEVO / YouTube
Pop 80s,songlists/pop-80s.json,POP80-978,忘情號,JyYjJUPnIxE,388832,2026-06-02,removed-under-500k,80年代流行曲,OldSchoolLad / YouTube
Pop 80s,songlists/pop-80s.json,POP80-979,花落誰家,pxp94Q7GeUM,367446,2026-06-02,removed-under-500k,80年代流行曲,cheras123 / YouTube
Pop 80s,songlists/pop-80s.json,POP80-980,再見楊柳,WvlvKFYloGw,354936,2026-06-02,removed-under-500k,80年代流行曲,Timeless Music Hong Kong天碟 / YouTube
Pop 80s,songlists/pop-80s.json,POP80-981,愛情少尉,eKLgHeKwm70,354127,2026-06-02,removed-under-500k,80年代流行曲,滾石唱片 ROCK RECORDS / YouTube
Pop 80s,songlists/pop-80s.json,POP80-982,微涼,Wsn47DKeV6k,339185,2026-06-02,removed-under-500k,80年代流行曲,Timeless Music Hong Kong天碟 / YouTube
Pop 80s,songlists/pop-80s.json,POP80-983,真的愛妳,66USpPn59G0,8528711,2026-06-02,kept,80年代流行曲,Beyond - Topic / YouTube
Pop 80s,songlists/pop-80s.json,POP80-984,當年情,cYo047rraQw,5030247,2026-06-02,kept,80年代流行曲,華星唱片 Capital Artists Official Channel / YouTube
Pop 80s,songlists/pop-80s.json,POP80-985,夜太黑,WnyPg2fQqpE,4793601,2026-06-02,kept,80年代流行曲,滾石唱片 ROCK RECORDS / YouTube
Pop 80s,songlists/pop-80s.json,POP80-986,梁祝 • 恨綿綿,6eUs3zwF5Q4,2850708,2026-06-02,kept,80年代流行曲,Music13ilove • 宇宙和諧  世界一家  • / YouTube
Pop 80s,songlists/pop-80s.json,POP80-987,明天仍要繼續,XHht-tlUD7k,2790805,2026-06-02,kept,80年代流行曲,TVB Music Group / YouTube
Pop 80s,songlists/pop-80s.json,POP80-988,榕樹下,S_cqRr4H1Mw,2599810,2026-06-02,kept,80年代流行曲,AlexWong 2020 / YouTube
Pop 80s,songlists/pop-80s.json,POP80-989,漫步人生路,Qhy8SCHl6gU,2593230,2026-06-02,kept,80年代流行曲,轉角遇到愛2333 / YouTube
Pop 80s,songlists/pop-80s.json,POP80-990,春雨彎刀,ZMUs0vu4tnE,1919781,2026-06-02,kept,80年代流行曲,沿途有你 2 / YouTube
Pop 80s,songlists/pop-80s.json,POP80-991,漂洋过海来看你,SIzosK9Esm4,1844763,2026-06-02,kept,80年代流行曲,苏大俠 / YouTube
Pop 80s,songlists/pop-80s.json,POP80-992,光阴的故事,hrtZUUPiEMM,1786679,2026-06-02,kept,80年代流行曲,junctionv / YouTube
Pop 80s,songlists/pop-80s.json,POP80-993,殘缺的溫柔,qDR9Q5ffRrU,1724807,2026-06-02,kept,80年代流行曲,追雲 / YouTube
Pop 80s,songlists/pop-80s.json,POP80-994,逆風飛行,GcNN0O29Pks,1614626,2026-06-02,kept,80年代流行曲,旋風音樂 趙傳 / YouTube
Pop 80s,songlists/pop-80s.json,POP80-995,飛機師的風衣,nW8HC4LwPh4,1420614,2026-06-02,kept,80年代流行曲,東亞唱片 East Asia Music Official Channel / YouTube
Pop 80s,songlists/pop-80s.json,POP80-996,東方之珠,6puIEIT93zI,1395449,2026-06-02,kept,80年代流行曲,沿途有你 2 / YouTube
Pop 80s,songlists/pop-80s.json,POP80-997,將冰山劈開,CIkFISPTOEE,1282321,2026-06-02,kept,80年代流行曲,anit les / YouTube
Pop 80s,songlists/pop-80s.json,POP80-998,唱一遍一遍,XJRugZnGHDQ,1151723,2026-06-02,kept,80年代流行曲,YuChingFeiVEVO / YouTube
Pop 80s,songlists/pop-80s.json,POP80-999,掌声响起,BfuCNpLf0Cs,1026198,2026-06-02,kept,80年代流行曲,artstageasia / YouTube
Pop 80s,songlists/pop-80s.json,POP80-1000,星星的約會,A_34o46B4RI,954013,2026-06-02,kept,80年代流行曲,oldpan1 / YouTube
Pop 80s,songlists/pop-80s.json,POP80-1001,月下待杜鵑不來,JmcAQ83JbUQ,823404,2026-06-02,kept,80年代流行曲,YuChingFeiVEVO / YouTube
Pop 80s,songlists/pop-80s.json,POP80-1002,台北孤兒,Ik4ixPWCrrA,806029,2026-06-02,kept,80年代流行曲,滾石唱片 ROCK RECORDS / YouTube
Pop 80s,songlists/pop-80s.json,POP80-1003,鄉愁四韻,4zBon_tBuOg,715536,2026-06-02,kept,80年代流行曲,shichwan / YouTube
Pop 80s,songlists/pop-80s.json,POP80-1004,甜言蜜語,WjfFgfayyq8,546867,2026-06-02,kept,80年代流行曲,Timeless Music Hong Kong天碟 / YouTube
Pop 80s,songlists/pop-80s.json,POP80-1005,愛我你怕了嗎,NVzriyjizok,546856,2026-06-02,kept,80年代流行曲,JMEagle102 / YouTube
Pop 80s,songlists/pop-80s.json,POP80-1006,緣盡,sHv4pw2RPEk,540977,2026-06-02,kept,80年代流行曲,Miss / YouTube
Pop 80s,songlists/pop-80s.json,POP80-1007,我怎能離開你,-aDGVYX7KRw,509598,2026-06-02,kept,80年代流行曲,Timeless Music / YouTube
Pop 80s,songlists/pop-80s.json,POP80-1008,生命过客,enKyDKL1iiA,500876,2026-06-02,kept,80年代流行曲,tytnsm / YouTube
Pop 80s,songlists/pop-80s.json,POP80-1009,流浪者的獨白,Sj0r0cSvDqM,492900,2026-06-02,removed-under-500k,80年代流行曲,Music13ilove • 宇宙和諧  世界一家  • / YouTube
Pop 80s,songlists/pop-80s.json,POP80-1010,那天再重聚,kQvIZibA7DU,488846,2026-06-02,removed-under-500k,80年代流行曲,沿途有你 2 / YouTube
Pop 80s,songlists/pop-80s.json,POP80-1011,七重門,DPEoLbZjh0c,487978,2026-06-02,removed-under-500k,80年代流行曲,t38le / YouTube
Pop 80s,songlists/pop-80s.json,POP80-1012,我只要一個真實的明天,XQqbeiYindk,484548,2026-06-02,removed-under-500k,80年代流行曲,Timeless Music / YouTube
Pop 80s,songlists/pop-80s.json,POP80-1013,新鴛鴦蝴蝶夢,_9F7jws0fPs,475818,2026-06-02,removed-under-500k,80年代流行曲,Timeless Music / YouTube
Pop 80s,songlists/pop-80s.json,POP80-1014,想哭就哭,ZOua6NUjVj4,461744,2026-06-02,removed-under-500k,80年代流行曲,yee / YouTube
Pop 80s,songlists/pop-80s.json,POP80-1015,高妹,5YNfNC6zSKQ,461514,2026-06-02,removed-under-500k,80年代流行曲,HackenLeeVEVO / YouTube
Pop 80s,songlists/pop-80s.json,POP80-1016,再度孤獨,Qhx7piGCfcA,455181,2026-06-02,removed-under-500k,80年代流行曲,JennyTsengVEVO / YouTube
Pop 80s,songlists/pop-80s.json,POP80-1017,可能,_laR7b788MA,425986,2026-06-02,removed-under-500k,80年代流行曲,Vera Wang / YouTube
Pop 80s,songlists/pop-80s.json,POP80-1018,堆积感情,v7UyZ_UCuIo,420326,2026-06-02,removed-under-500k,80年代流行曲,环球视听1980 / YouTube
Pop 80s,songlists/pop-80s.json,POP80-1019,我心深處,CKz2KEsFTIU,417438,2026-06-02,removed-under-500k,80年代流行曲,Timeless Music / YouTube
Pop 90s,songlists/pop-90s.json,POP90-001,光輝歲月,PrGsAMbgUh4,7409731,2026-05-26,kept,90年代流行曲,Beyond / YouTube / 流行曲題庫
Pop 90s,songlists/pop-90s.json,POP90-002,海闊天空,V4GUy2EHMMs,981950,2026-05-26,kept,90年代流行曲,Timeless Music Hong Kong天碟 / YouTube / 流行曲題庫
Pop 90s,songlists/pop-90s.json,POP90-003,Amani,JhgRVEzNJ1s,1339997,2026-05-26,kept,90年代流行曲,Beyond / YouTube / 流行曲題庫
Pop 90s,songlists/pop-90s.json,POP90-004,情人,mgJNiPRsXNo,3451789,2026-05-26,kept,90年代流行曲,Timeless Music Hong Kong天碟 / YouTube / 流行曲題庫
Pop 90s,songlists/pop-90s.json,POP90-005,長城,IOXoAvF6r_A,7721909,2026-05-26,kept,90年代流行曲,Timeless Music Hong Kong天碟 / YouTube / 流行曲題庫
Pop 90s,songlists/pop-90s.json,POP90-006,灰色軌跡,-PkuSuJOlfE,3631798,2026-05-26,kept,90年代流行曲,Beyond / YouTube / 流行曲題庫
Pop 90s,songlists/pop-90s.json,POP90-007,誰伴我闖蕩,piAdQLO_9nU,1583516,2026-05-26,kept,90年代流行曲,Beyond / YouTube / 流行曲題庫
Pop 90s,songlists/pop-90s.json,POP90-008,早班火車,PE9IUuRrTFU,3246776,2026-05-26,kept,90年代流行曲,Timeless Music Hong Kong天碟 / YouTube / 流行曲題庫
Pop 90s,songlists/pop-90s.json,POP90-009,李香蘭,N_cwacSuSao,9522988,2026-05-26,kept,90年代流行曲,Kaiping82 / YouTube / 流行曲題庫
Pop 90s,songlists/pop-90s.json,POP90-010,每天愛你多一些,JVlIioAQKoE,59805,2026-05-26,removed-under-500k,90年代流行曲,637 TWS / YouTube / 流行曲題庫
Pop 90s,songlists/pop-90s.json,POP90-011,分手總要在雨天,dp6mIoUJlmw,40361,2026-05-26,removed-under-500k,90年代流行曲,Traditional Han (Unik) / YouTube / 流行曲題庫
Pop 90s,songlists/pop-90s.json,POP90-012,吻別,mIF-nn_y2_8,1903296,2026-05-26,kept,90年代流行曲,音樂無疆界 Music Without Boundaries / YouTube / 流行曲題庫
Pop 90s,songlists/pop-90s.json,POP90-013,只想一生跟你走,LpxHlo_Oe0o,22497391,2026-05-26,kept,90年代流行曲,Amoryme 阿摩與我 / YouTube / 流行曲題庫
Pop 90s,songlists/pop-90s.json,POP90-014,等你等到我心痛,LYvKEp8sv6Y,2202961,2026-05-26,kept,90年代流行曲,張學友 Jacky Cheung / YouTube / 流行曲題庫
Pop 90s,songlists/pop-90s.json,POP90-015,一千個傷心的理由,Yl9sIjmaZP8,5152493,2026-05-26,kept,90年代流行曲,張學友 Jacky Cheung / YouTube / 流行曲題庫
Pop 90s,songlists/pop-90s.json,POP90-016,祝福,R4qQpZ2PQ1c,1386920,2026-05-26,kept,90年代流行曲,Case Person 2 / YouTube / 流行曲題庫
Pop 90s,songlists/pop-90s.json,POP90-017,還是覺得你最好,nKZZoZ1Ln58,566608,2026-05-26,kept,90年代流行曲,張學友 Jacky Cheung / YouTube / 流行曲題庫
Pop 90s,songlists/pop-90s.json,POP90-018,夕陽醉了,3oSJBR6ENLM,418761,2026-05-26,removed-under-500k,90年代流行曲,張學友 Jacky Cheung / YouTube / 流行曲題庫
Pop 90s,songlists/pop-90s.json,POP90-019,一起走過的日子,SJyYH8AeAhE,768986,2026-05-26,kept,90年代流行曲,macoto20jyyyun / YouTube / 流行曲題庫
Pop 90s,songlists/pop-90s.json,POP90-020,暗裡著迷,UxoGJ5urVdI,566384,2026-05-26,kept,90年代流行曲,Qun Li Zhang / YouTube / 流行曲題庫
Pop 90s,songlists/pop-90s.json,POP90-021,忘情水,pKoeIPTlTDI,716785,2026-05-26,kept,90年代流行曲,Miss / YouTube / 流行曲題庫
Pop 90s,songlists/pop-90s.json,POP90-022,真我的風采,TqJAN-xAmZA,6575,2026-05-26,removed-under-500k,90年代流行曲,637 TWS / YouTube / 流行曲題庫
Pop 90s,songlists/pop-90s.json,POP90-023,中國人,A3b40ZOxQRE,450532,2026-05-26,removed-under-500k,90年代流行曲,Miss / YouTube / 流行曲題庫
Pop 90s,songlists/pop-90s.json,POP90-024,冰雨,90zAJ4tFSy8,4980174,2026-05-26,kept,90年代流行曲,Miss / YouTube / 流行曲題庫
Pop 90s,songlists/pop-90s.json,POP90-025,今夜你會不會來,eUL6rkTAPhY,494854,2026-05-26,removed-under-500k,90年代流行曲,My Music My Life / YouTube / 流行曲題庫
Pop 90s,songlists/pop-90s.json,POP90-026,對不起我愛你,_NJR7WJsyXo,341763,2026-05-26,removed-under-500k,90年代流行曲,葦婷 / YouTube / 流行曲題庫
Pop 90s,songlists/pop-90s.json,POP90-027,夏日傾情,5mRCIb5Oq3Q,1862426,2026-05-26,kept,90年代流行曲,LeonLaiVEVO / YouTube / 流行曲題庫
Pop 90s,songlists/pop-90s.json,POP90-028,那有一天不想你,9-GBO3ovtIQ,95295,2026-05-26,removed-under-500k,90年代流行曲,LeonLaiVEVO / YouTube / 流行曲題庫
Pop 90s,songlists/pop-90s.json,POP90-029,情深說話未曾講,rdLUjXHRbdQ,1257272,2026-05-26,kept,90年代流行曲,LeonLaiVEVO / YouTube / 流行曲題庫
Pop 90s,songlists/pop-90s.json,POP90-030,我的親愛,WEfh8dns2A0,1349933,2026-05-26,kept,90年代流行曲,Lyrics Pro / YouTube / 流行曲題庫
Pop 90s,songlists/pop-90s.json,POP90-031,对你爱不完,gcvWz1VLScE,1001440,2026-05-26,kept,90年代流行曲,环球视听1980 / YouTube
Pop 90s,songlists/pop-90s.json,POP90-032,我是不是該安靜的走開,8Gh-GYKpvnY,75090,2026-05-26,removed-under-500k,90年代流行曲,637 TWS / YouTube / 流行曲題庫
Pop 90s,songlists/pop-90s.json,POP90-033,狂野之城,hcq-EqL4gWM,1783636,2026-05-26,kept,90年代流行曲,Timeless Music Hong Kong天碟 / YouTube / 流行曲題庫
Pop 90s,songlists/pop-90s.json,POP90-034,鐵幕誘惑,SddT2SfKYzk,620066,2026-05-26,kept,90年代流行曲,Timeless Music Hong Kong天碟 / YouTube / 流行曲題庫
Pop 90s,songlists/pop-90s.json,POP90-035,唱這歌,pTj52-2AtnE,2136458,2026-05-26,kept,90年代流行曲,Timeless Music Hong Kong天碟 / YouTube / 流行曲題庫
Pop 90s,songlists/pop-90s.json,POP90-036,容易受傷的女人,XL8WOe3J05w,376475,2026-05-26,removed-under-500k,90年代流行曲,FayeWongVEVO / YouTube / 流行曲題庫
Pop 90s,songlists/pop-90s.json,POP90-037,執迷不悔,zQiacbUDL2E,211476,2026-05-26,removed-under-500k,90年代流行曲,FayeWongVEVO / YouTube / 流行曲題庫
Pop 90s,songlists/pop-90s.json,POP90-038,我願意,4Ah5gsjXVgo,1841686,2026-05-26,kept,90年代流行曲,Faye Wong Official Channel / YouTube / 流行曲題庫
Pop 90s,songlists/pop-90s.json,POP90-039,天空,yPN9H450OHs,48723,2026-05-26,removed-under-500k,90年代流行曲,FayeWongVEVO / YouTube / 流行曲題庫
Pop 90s,songlists/pop-90s.json,POP90-040,棋子,aMVnE0WAcuQ,3455932,2026-05-26,kept,90年代流行曲,Faye Wong Official Channel / YouTube / 流行曲題庫
Pop 90s,songlists/pop-90s.json,POP90-041,約定,ygf2uiEUg64,5730432,2026-05-26,kept,90年代流行曲,Faye Wong Official Channel / YouTube / 流行曲題庫
Pop 90s,songlists/pop-90s.json,POP90-042,紅豆,5wmfXve11rM,50057450,2026-05-26,kept,90年代流行曲,Faye Wong Official Channel / YouTube / 流行曲題庫
Pop 90s,songlists/pop-90s.json,POP90-043,暗湧,gqF8zy07I2o,20116,2026-05-26,removed-under-500k,90年代流行曲,沿途有你 2 / YouTube / 流行曲題庫
Pop 90s,songlists/pop-90s.json,POP90-044,最愛,gSapYefBgbM,3190914,2026-05-26,kept,90年代流行曲,周慧敏 Vivian Chow / YouTube / 流行曲題庫
Pop 90s,songlists/pop-90s.json,POP90-045,自作多情,MmNzHUfB5MY,1986357,2026-05-26,kept,90年代流行曲,周慧敏 Vivian Chow / YouTube / 流行曲題庫
Pop 90s,songlists/pop-90s.json,POP90-046,痴心換情深,vj3GObiEsvw,1744512,2026-05-26,kept,90年代流行曲,周慧敏 Vivian Chow / YouTube / 流行曲題庫
Pop 90s,songlists/pop-90s.json,POP90-047,流言,7nuiNcs840Q,2022097,2026-05-26,kept,90年代流行曲,福茂唱片 / YouTube / 流行曲題庫
Pop 90s,songlists/pop-90s.json,POP90-048,歸來吧,LcZZ4zlC6Pc,2020655,2026-05-26,kept,90年代流行曲,Priscilla Chan 陳慧嫻 / YouTube / 流行曲題庫
Pop 90s,songlists/pop-90s.json,POP90-049,挪威的森林,gPpZJlE0Ca8,99711997,2026-05-26,kept,90年代流行曲,滾石唱片 ROCK RECORDS / YouTube
Pop 90s,songlists/pop-90s.json,POP90-050,心太軟,ZSWeurc1yMw,77485189,2026-05-26,kept,90年代流行曲,滾石唱片 ROCK RECORDS / YouTube
Pop 90s,songlists/pop-90s.json,POP90-051,傷心太平洋,b1SRjGmgA54,53724856,2026-05-26,kept,90年代流行曲,滾石唱片 ROCK RECORDS / YouTube
Pop 90s,songlists/pop-90s.json,POP90-052,花心,IZ8-K3YPVN0,52155600,2026-05-26,kept,90年代流行曲,滾石唱片 ROCK RECORDS / YouTube
Pop 90s,songlists/pop-90s.json,POP90-053,朋友,6lbPgfKK7m4,48556768,2026-05-26,kept,90年代流行曲,滾石唱片 ROCK RECORDS / YouTube
Pop 90s,songlists/pop-90s.json,POP90-054,我們,dhjomo8W6Lc,38071710,2026-05-26,kept,90年代流行曲,Eason Chan / YouTube
Pop 90s,songlists/pop-90s.json,POP90-055,忘了你忘了我,y5bUCGzw6tY,34912382,2026-05-26,kept,90年代流行曲,Timeless Music / YouTube
Pop 90s,songlists/pop-90s.json,POP90-056,讓我歡喜讓我憂,vqTXMw9zdto,34221017,2026-05-26,kept,90年代流行曲,滾石唱片 ROCK RECORDS / YouTube
Pop 90s,songlists/pop-90s.json,POP90-057,天涯,FDeRzYjRGvY,33633754,2026-05-26,kept,90年代流行曲,滾石唱片 ROCK RECORDS / YouTube
Pop 90s,songlists/pop-90s.json,POP90-058,匆匆那年,04cHqPMD4So,32337823,2026-05-26,kept,90年代流行曲,Faye Wong Official Channel 王菲 官方頻道 / YouTube
Pop 90s,songlists/pop-90s.json,POP90-059,這世界那麼多人,xLscpRjb8DI,27567002,2026-05-26,kept,90年代流行曲,莫文蔚 Karen Mok / YouTube
Pop 90s,songlists/pop-90s.json,POP90-060,記事本,aAgywnuL7UQ,27013493,2026-05-26,kept,90年代流行曲,KellyChenVEVO / YouTube
Pop 90s,songlists/pop-90s.json,POP90-061,她的背影,wcb21ldLdNg,26738279,2026-05-26,kept,90年代流行曲,Timeless Music / YouTube
Pop 90s,songlists/pop-90s.json,POP90-062,愛你一萬年,CgAJAmP14kQ,25942602,2026-05-26,kept,90年代流行曲,滾石唱片 ROCK RECORDS / YouTube
Pop 90s,songlists/pop-90s.json,POP90-063,廣島之戀,iuz6QvKxGPw,25928030,2026-05-26,kept,90年代流行曲,滾石唱片 ROCK RECORDS / YouTube
Pop 90s,songlists/pop-90s.json,POP90-064,心愛的再會啦,kEXCoQNY6Mc,24346693,2026-05-26,kept,90年代流行曲,滾石唱片 ROCK RECORDS / YouTube
Pop 90s,songlists/pop-90s.json,POP90-065,一場遊戲一場夢,B2S1EngkjQk,23740077,2026-05-26,kept,90年代流行曲,Timeless Music / YouTube
Pop 90s,songlists/pop-90s.json,POP90-066,如愿,6fV2dRqJHvw,23707412,2026-05-26,kept,90年代流行曲,Faye Wong - Topic / YouTube
Pop 90s,songlists/pop-90s.json,POP90-067,愛情限時批,JJhlRIN90YY,23603869,2026-05-26,kept,90年代流行曲,滾石唱片 ROCK RECORDS / YouTube
Pop 90s,songlists/pop-90s.json,POP90-068,風雨無阻,HUvDaKBcA44,22870255,2026-05-26,kept,90年代流行曲,滾石唱片 ROCK RECORDS / YouTube
Pop 90s,songlists/pop-90s.json,POP90-069,再出發,iRuWMQZB7wA,21934036,2026-05-26,kept,90年代流行曲,滾石唱片 ROCK RECORDS / YouTube
Pop 90s,songlists/pop-90s.json,POP90-070,你給我聽好,T9V45IhnMRU,21837022,2026-05-26,kept,90年代流行曲,universalmusichk / YouTube
Pop 90s,songlists/pop-90s.json,POP90-071,囚鳥,pSqIJFr11xk,20821437,2026-05-26,kept,90年代流行曲,Timeless Music / YouTube
Pop 90s,songlists/pop-90s.json,POP90-072,愛相隨,ymDTR22Zerw,20809333,2026-05-26,kept,90年代流行曲,滾石唱片 ROCK RECORDS / YouTube
Pop 90s,songlists/pop-90s.json,POP90-073,與妳到永久,ZjCPy66w0Ng,20124828,2026-05-26,kept,90年代流行曲,滾石唱片 ROCK RECORDS / YouTube
Pop 90s,songlists/pop-90s.json,POP90-074,對摺,VZik4B5LhrM,19907949,2026-05-26,kept,90年代流行曲,相信音樂BinMusic / YouTube
Pop 90s,songlists/pop-90s.json,POP90-075,難得有情人,lhB9uMNveXI,19669157,2026-05-26,kept,90年代流行曲,Shirley Kwan Fans Channel / YouTube
Pop 90s,songlists/pop-90s.json,POP90-076,好久不見,UsFQ9kbpQhw,18594038,2026-05-26,kept,90年代流行曲,Reverie Oscar / YouTube
Pop 90s,songlists/pop-90s.json,POP90-077,他不愛我,nuWIJIn7wkw,18249231,2026-05-26,kept,90年代流行曲,滾石唱片 ROCK RECORDS / YouTube
Pop 90s,songlists/pop-90s.json,POP90-078,我是真的愛上你,gGLp7ht_2bk,18176686,2026-05-26,kept,90年代流行曲,英皇娛樂 eeg music / YouTube
Pop 90s,songlists/pop-90s.json,POP90-079,對面的女孩看過來,6aosRlnxg9I,18040011,2026-05-26,kept,90年代流行曲,滾石唱片 ROCK RECORDS / YouTube
Pop 90s,songlists/pop-90s.json,POP90-080,苦瓜,UdWlBBqiC7I,17795473,2026-05-26,kept,90年代流行曲,universalmusichk / YouTube
Pop 90s,songlists/pop-90s.json,POP90-081,刀劍如夢,Ij0-jMzeZ2U,17312815,2026-05-26,kept,90年代流行曲,滾石唱片 ROCK RECORDS / YouTube
Pop 90s,songlists/pop-90s.json,POP90-082,牽掛,WsAwDBG6Kk8,16196460,2026-05-26,kept,90年代流行曲,滾石唱片 ROCK RECORDS / YouTube
Pop 90s,songlists/pop-90s.json,POP90-083,陰天,tYWufUugeUc,16155245,2026-05-26,kept,90年代流行曲,滾石唱片 ROCK RECORDS / YouTube
Pop 90s,songlists/pop-90s.json,POP90-084,眉飛色舞,bG46ysbbVTs,15562360,2026-05-26,kept,90年代流行曲,滾石唱片 ROCK RECORDS / YouTube
Pop 90s,songlists/pop-90s.json,POP90-085,飄流教室,B1dDPfs6cXo,14895146,2026-05-26,kept,90年代流行曲,古巨基 Leo Ku / YouTube
Pop 90s,songlists/pop-90s.json,POP90-086,如願,MgAGV6sITnU,14376261,2026-05-26,kept,90年代流行曲,Music13ilove • 宇宙和諧  世界一家  • / YouTube
Pop 90s,songlists/pop-90s.json,POP90-087,痛哭的人,P8fqHvr82-o,13415706,2026-05-26,kept,90年代流行曲,滾石唱片 ROCK RECORDS / YouTube
Pop 90s,songlists/pop-90s.json,POP90-088,心的距離,g-E0ojfjYu0,13205012,2026-05-26,kept,90年代流行曲,universalmusichk / YouTube
Pop 90s,songlists/pop-90s.json,POP90-089,被動,yGoHsTV6QrE,13135059,2026-05-26,kept,90年代流行曲,滾石唱片 ROCK RECORDS / YouTube
Pop 90s,songlists/pop-90s.json,POP90-090,味道,9BByAxgUCJw,12735809,2026-05-26,kept,90年代流行曲,滾石唱片 ROCK RECORDS / YouTube
Pop 90s,songlists/pop-90s.json,POP90-091,是否我真的一無所有,bDgWkgQ1oXA,11910650,2026-05-26,kept,90年代流行曲,Timeless Music / YouTube
Pop 90s,songlists/pop-90s.json,POP90-092,白鴿,lNuXbIfwXP4,11837845,2026-05-26,kept,90年代流行曲,滾石唱片 ROCK RECORDS / YouTube
Pop 90s,songlists/pop-90s.json,POP90-093,一絲不掛,t0EG6pSwcBk,11593860,2026-05-26,kept,90年代流行曲,universalmusichk / YouTube
Pop 90s,songlists/pop-90s.json,POP90-094,四季,GSG7ziTzqOU,10723953,2026-05-26,kept,90年代流行曲,universalmusichk / YouTube
Pop 90s,songlists/pop-90s.json,POP90-095,極速,YpY9WUQyMuM,9733872,2026-05-26,kept,90年代流行曲,happyfriday007 / YouTube
Pop 90s,songlists/pop-90s.json,POP90-096,明年今日,YX64gETkKrU,9398912,2026-05-26,kept,90年代流行曲,小牛說書 / YouTube
Pop 90s,songlists/pop-90s.json,POP90-097,飛在風中的小雨,YRMg3smsZTo,8806594,2026-05-26,kept,90年代流行曲,滾石唱片 ROCK RECORDS / YouTube
Pop 90s,songlists/pop-90s.json,POP90-098,謝謝你的愛1999,Wmb8twEjlgg,8594993,2026-05-26,kept,90年代流行曲,英皇娛樂 eeg music / YouTube
Pop 90s,songlists/pop-90s.json,POP90-099,不要驚動愛情,-3ovjhj8ZOE,8425589,2026-05-26,kept,90年代流行曲,HKPsalms / YouTube
Pop 90s,songlists/pop-90s.json,POP90-100,至少還有你,kXLN0bPfq6o,8349036,2026-05-26,kept,90年代流行曲,找自己 / YouTube
Pop 90s,songlists/pop-90s.json,POP90-101,人來人往,gAotCGoKhD0,8288592,2026-05-26,kept,90年代流行曲,英皇娛樂 eeg music / YouTube
Pop 90s,songlists/pop-90s.json,POP90-102,死不了,wAbiWdBs8LM,8274614,2026-05-26,kept,90年代流行曲,滾石唱片 ROCK RECORDS / YouTube
Pop 90s,songlists/pop-90s.json,POP90-103,我是一隻魚,hQMRGsteyRc,8263465,2026-05-26,kept,90年代流行曲,滾石唱片 ROCK RECORDS / YouTube
Pop 90s,songlists/pop-90s.json,POP90-104,但願人長久,wCREDfUEd3Y,7914889,2026-05-26,kept,90年代流行曲,福茂唱片 / YouTube
Pop 90s,songlists/pop-90s.json,POP90-105,心痛,7tYy2NE_c3s,7613775,2026-05-26,kept,90年代流行曲,Timeless Music / YouTube
Pop 90s,songlists/pop-90s.json,POP90-106,浪花一朵朵,beWjTKhY_l8,7537366,2026-05-26,kept,90年代流行曲,滾石唱片 ROCK RECORDS / YouTube
Pop 90s,songlists/pop-90s.json,POP90-107,愛情的盡頭,zzlC6ma-SYQ,7517820,2026-05-26,kept,90年代流行曲,滾石唱片 ROCK RECORDS / YouTube
Pop 90s,songlists/pop-90s.json,POP90-108,慢慢喜歡你,kqqraGvoqVs,7201382,2026-05-26,kept,90年代流行曲,莫文蔚 Karen Mok / YouTube
Pop 90s,songlists/pop-90s.json,POP90-109,樹枝孤鳥,ObSPLQ-1fJI,7156895,2026-05-26,kept,90年代流行曲,滾石唱片 ROCK RECORDS / YouTube
Pop 90s,songlists/pop-90s.json,POP90-110,是但求其愛,bJHCgo85irM,6924388,2026-05-26,kept,90年代流行曲,Eason Chan / YouTube
Pop 90s,songlists/pop-90s.json,POP90-111,超平凡人的,5WXWMdVVTT8,6704588,2026-05-26,kept,90年代流行曲,AMusic Official Channel / YouTube
Pop 90s,songlists/pop-90s.json,POP90-112,素蘭小姐要出嫁,FAI7PgIQMo8,6272277,2026-05-26,kept,90年代流行曲,滾石唱片 ROCK RECORDS / YouTube
Pop 90s,songlists/pop-90s.json,POP90-113,愛最大,Cx2S3MsdQ-o,6116173,2026-05-26,kept,90年代流行曲,英皇娛樂 eeg music / YouTube
Pop 90s,songlists/pop-90s.json,POP90-114,自我安慰,wHIgVyfzAt0,5895819,2026-05-26,kept,90年代流行曲,古巨基 Leo Ku / YouTube
Pop 90s,songlists/pop-90s.json,POP90-115,愛的輓歌,V_QR3a5MOuU,5783144,2026-05-26,kept,90年代流行曲,Timeless Music Hong Kong天碟 / YouTube
Pop 90s,songlists/pop-90s.json,POP90-116,從不喜歡孤單一個,qBRgVJq39ig,5750300,2026-05-26,kept,90年代流行曲,AngelaPangVEVO / YouTube
Pop 90s,songlists/pop-90s.json,POP90-117,寂寞的戀人啊,Z_AKZR9hWeo,5731007,2026-05-26,kept,90年代流行曲,滾石唱片 ROCK RECORDS / YouTube
Pop 90s,songlists/pop-90s.json,POP90-118,K歌之王 AIR,9elvYViwP4g,5708192,2026-05-26,kept,90年代流行曲,Eason Chan / YouTube
Pop 90s,songlists/pop-90s.json,POP90-119,可以了,UbUsGd5h16E,5583310,2026-05-26,kept,90年代流行曲,Eason Chan / YouTube
Pop 90s,songlists/pop-90s.json,POP90-120,愛後餘生,F-_VUyi8T50,5287659,2026-05-26,kept,90年代流行曲,英皇娛樂 eeg music / YouTube
Pop 90s,songlists/pop-90s.json,POP90-121,內疚,BQ_ZsRhMB6s,5257546,2026-05-26,kept,90年代流行曲,universalmusichk / YouTube
Pop 90s,songlists/pop-90s.json,POP90-122,無聲仿有聲,qPMrMmDUJA4,5153357,2026-05-26,kept,90年代流行曲,英皇娛樂 eeg music / YouTube
Pop 90s,songlists/pop-90s.json,POP90-123,喜歡一個人,tqVq8ZbM0Gg,5100122,2026-05-26,kept,90年代流行曲,Eason Chan / YouTube
Pop 90s,songlists/pop-90s.json,POP90-124,嫁給愛情,grh0bKLUxyk,5070274,2026-05-26,kept,90年代流行曲,TVB Music Group / YouTube
Pop 90s,songlists/pop-90s.json,POP90-125,看上她,J4Iehie7TAs,5040439,2026-05-26,kept,90年代流行曲,LeonLaiVEVO / YouTube
Pop 90s,songlists/pop-90s.json,POP90-126,半點心,F3oRObMMNx8,4946535,2026-05-26,kept,90年代流行曲,Grasshopper - Topic / YouTube
Pop 90s,songlists/pop-90s.json,POP90-127,朋友的酒,f_MY_UuFg3o,4944008,2026-05-26,kept,90年代流行曲,寰亞音樂 Media Asia Music Official Channel / YouTube
Pop 90s,songlists/pop-90s.json,POP90-128,處處吻,ZMGJEOnuVDw,4770679,2026-05-26,kept,90年代流行曲,Timeless Music Hong Kong天碟 / YouTube
Pop 90s,songlists/pop-90s.json,POP90-129,膽小鬼,u7z6ppwGxlw,4717794,2026-05-26,kept,90年代流行曲,Gigi Leung - Topic / YouTube
Pop 90s,songlists/pop-90s.json,POP90-130,默契,zrs5UftPa4E,4712867,2026-05-26,kept,90年代流行曲,Timeless Music Hong Kong天碟 / YouTube
Pop 90s,songlists/pop-90s.json,POP90-131,多少,REbUxgJKYEA,4662575,2026-05-26,kept,90年代流行曲,UNIVERSAL MUSIC TAIWAN 環球音樂 / YouTube
Pop 90s,songlists/pop-90s.json,POP90-132,少女的祈禱,iU4x7VlaZwE,4573906,2026-05-26,kept,90年代流行曲,PopSong Lyrics / YouTube
Pop 90s,songlists/pop-90s.json,POP90-133,我也不想這樣,L6-crgqJiRk,4563443,2026-05-26,kept,90年代流行曲,Faye Wong Official Channel 王菲 官方頻道 / YouTube
Pop 90s,songlists/pop-90s.json,POP90-134,誰明浪子心,GbBiyckeER8,4541321,2026-05-26,kept,90年代流行曲,英皇娛樂 eeg music / YouTube
Pop 90s,songlists/pop-90s.json,POP90-135,任逍遙,FbEjRgAoj3I,4398380,2026-05-26,kept,90年代流行曲,滾石唱片 ROCK RECORDS / YouTube
Pop 90s,songlists/pop-90s.json,POP90-136,你的背包,s3AmqV6VlE0,4381300,2026-05-26,kept,90年代流行曲,英皇娛樂 eeg music / YouTube
Pop 90s,songlists/pop-90s.json,POP90-137,全日愛,PGLLhpDfqdM,4376831,2026-05-26,kept,90年代流行曲,LeonLaiVEVO / YouTube
Pop 90s,songlists/pop-90s.json,POP90-138,愛的路上只有我和你,ERWVYOKeM7U,4346559,2026-05-26,kept,90年代流行曲,滾石唱片 ROCK RECORDS / YouTube
Pop 90s,songlists/pop-90s.json,POP90-139,楓葉,AkBKzjlCNX0,4243095,2026-05-26,kept,90年代流行曲,滾石唱片 ROCK RECORDS / YouTube
Pop 90s,songlists/pop-90s.json,POP90-140,友情歲月,4X32WZ7EuO8,4223758,2026-05-26,kept,90年代流行曲,a4374068 / YouTube
Pop 90s,songlists/pop-90s.json,POP90-141,非走不可,d7xRE0VkZXE,4178562,2026-05-26,kept,90年代流行曲,英皇娛樂 eeg music / YouTube
Pop 90s,songlists/pop-90s.json,POP90-142,所以我快樂,LXHs3VBE5cc,4163362,2026-05-26,kept,90年代流行曲,Faye Wong Official Channel 王菲 官方頻道 / YouTube
Pop 90s,songlists/pop-90s.json,POP90-143,堅強的理由,22b1WnBg5LA,4132212,2026-05-26,kept,90年代流行曲,滾石唱片 ROCK RECORDS / YouTube
Pop 90s,songlists/pop-90s.json,POP90-144,製造浪漫,ANpeWlJX24E,4131678,2026-05-26,kept,90年代流行曲,KellyChenVEVO / YouTube
Pop 90s,songlists/pop-90s.json,POP90-145,倆倆相忘,CR_JvOHcN5E,4011106,2026-05-26,kept,90年代流行曲,滾石唱片 ROCK RECORDS / YouTube
Pop 90s,songlists/pop-90s.json,POP90-146,不拖不欠,2wD-jRLP9yU,3945259,2026-05-26,kept,90年代流行曲,Timeless Music Hong Kong天碟 / YouTube
Pop 90s,songlists/pop-90s.json,POP90-147,我們萬歲,Vo9d7LKtYbc,3695746,2026-05-26,kept,90年代流行曲,Eason Chan / YouTube
Pop 90s,songlists/pop-90s.json,POP90-148,中視劇場,UOaPBQM1lf0,3598268,2026-05-26,kept,90年代流行曲,滾石唱片 ROCK RECORDS / YouTube
Pop 90s,songlists/pop-90s.json,POP90-149,早知,UnJg55Aabmc,3566657,2026-05-26,kept,90年代流行曲,英皇娛樂 eeg music / YouTube
Pop 90s,songlists/pop-90s.json,POP90-150,親愛的妳,uk_4xss8yNU,3560895,2026-05-26,kept,90年代流行曲,滾石唱片 ROCK RECORDS / YouTube
Pop 90s,songlists/pop-90s.json,POP90-151,我是真的付出我的愛,1FfhCRozKJc,3555842,2026-05-26,kept,90年代流行曲,滾石唱片 ROCK RECORDS / YouTube
Pop 90s,songlists/pop-90s.json,POP90-152,潛龍勿用,J3BA9CLWvmQ,3551464,2026-05-26,kept,90年代流行曲,英皇娛樂 eeg music / YouTube
Pop 90s,songlists/pop-90s.json,POP90-153,曖昧,bR8u65g_t7o,3498707,2026-05-26,kept,90年代流行曲,FayeWongVEVO / YouTube
Pop 90s,songlists/pop-90s.json,POP90-154,信者得愛,IA9WoKic_ww,3448295,2026-05-26,kept,90年代流行曲,東亞唱片 East Asia Music Official Channel / YouTube
Pop 90s,songlists/pop-90s.json,POP90-155,亂世情侶,TWkVtt0Q5OU,3429768,2026-05-26,kept,90年代流行曲,古巨基 Leo Ku / YouTube
Pop 90s,songlists/pop-90s.json,POP90-156,娛樂天空,5VKHRTr-Dvk,3404384,2026-05-26,kept,90年代流行曲,universalmusichk / YouTube
Pop 90s,songlists/pop-90s.json,POP90-157,四季歌,Nx5N4ovggvA,3372081,2026-05-26,kept,90年代流行曲,滾石唱片 ROCK RECORDS / YouTube
Pop 90s,songlists/pop-90s.json,POP90-158,斷腸詩,EQI8oKA6X4o,3265768,2026-05-26,kept,90年代流行曲,滾石唱片 ROCK RECORDS / YouTube
Pop 90s,songlists/pop-90s.json,POP90-159,值得,1b8cx1v0ctE,3262639,2026-05-26,kept,90年代流行曲,Timeless Music Hong Kong天碟 / YouTube
Pop 90s,songlists/pop-90s.json,POP90-160,戀無可戀,HiDI28Ndwgc,3251742,2026-05-26,kept,90年代流行曲,英皇娛樂 eeg music / YouTube
Pop 90s,songlists/pop-90s.json,POP90-161,兄弟,xTjrJmcSjzM,3242003,2026-05-26,kept,90年代流行曲,滾石唱片 ROCK RECORDS / YouTube
Pop 90s,songlists/pop-90s.json,POP90-162,愛的呼喚,D4DSNG6IRRI,3198377,2026-05-26,kept,90年代流行曲,Timeless Music Hong Kong天碟 / YouTube
Pop 90s,songlists/pop-90s.json,POP90-163,甘心替代你,Lct9NmhCTcc,3157443,2026-05-26,kept,90年代流行曲,EkinChengVEVO / YouTube
Pop 90s,songlists/pop-90s.json,POP90-164,妳是我的完美,201mB2icv4o,3121810,2026-05-26,kept,90年代流行曲,伍佰 Wu Bai & China Blue / YouTube
Pop 90s,songlists/pop-90s.json,POP90-165,愛得太多,ez5WOPMKouM,3120145,2026-05-26,kept,90年代流行曲,Timeless Music / YouTube
Pop 90s,songlists/pop-90s.json,POP90-166,煞到妳,GUIMi_WoSc4,3098587,2026-05-26,kept,90年代流行曲,滾石唱片 ROCK RECORDS / YouTube
Pop 90s,songlists/pop-90s.json,POP90-167,花太香,BrsehfcRl88,3077753,2026-05-26,kept,90年代流行曲,滾石唱片 ROCK RECORDS / YouTube
Pop 90s,songlists/pop-90s.json,POP90-168,別傻了,eRBGNGk4xEs,3070597,2026-05-26,kept,90年代流行曲,滾石唱片 ROCK RECORDS / YouTube
Pop 90s,songlists/pop-90s.json,POP90-169,梁咏琪,WwerHJQ-77I,2902534,2026-05-26,kept,90年代流行曲,toanlz / YouTube
Pop 90s,songlists/pop-90s.json,POP90-170,子華說,Hk_P6rfg_aU,2813325,2026-05-26,kept,90年代流行曲,古巨基 Leo Ku / YouTube
Pop 90s,songlists/pop-90s.json,POP90-171,紅塵有你,ki8kPYsudZo,2807427,2026-05-26,kept,90年代流行曲,Timeless Music / YouTube
Pop 90s,songlists/pop-90s.json,POP90-172,清風徐來,Strd1sCe_rQ,2798720,2026-05-26,kept,90年代流行曲,Faye Wong Official Channel 王菲 官方頻道 / YouTube
Pop 90s,songlists/pop-90s.json,POP90-173,依靠,GpWO-H2dVkQ,2696924,2026-05-26,kept,90年代流行曲,滾石唱片 ROCK RECORDS / YouTube
Pop 90s,songlists/pop-90s.json,POP90-174,短髮,ssnNaAlL-i8,2664707,2026-05-26,kept,90年代流行曲,Rex Lo / YouTube
Pop 90s,songlists/pop-90s.json,POP90-175,出界,nAjJ9AamrQ0,2637429,2026-05-26,kept,90年代流行曲,Timeless Music Hong Kong天碟 / YouTube
Pop 90s,songlists/pop-90s.json,POP90-176,忘記你不如忘記自己,8bd76jGM7II,2636993,2026-05-26,kept,90年代流行曲,Timeless Music / YouTube
Pop 90s,songlists/pop-90s.json,POP90-177,車婉婉,RrqV25GnbEM,2619906,2026-05-26,kept,90年代流行曲,gor alan / YouTube
Pop 90s,songlists/pop-90s.json,POP90-178,安妮,1kROCIulcwQ,2595469,2026-05-26,kept,90年代流行曲,Timeless Music / YouTube
Pop 90s,songlists/pop-90s.json,POP90-179,上帝也哭泣,_amUufIUYdU,2582127,2026-05-26,kept,90年代流行曲,Timeless Music / YouTube
Pop 90s,songlists/pop-90s.json,POP90-180,煞科,wVZdkt38YO0,2567988,2026-05-26,kept,90年代流行曲,Timeless Music Hong Kong天碟 / YouTube
Pop 90s,songlists/pop-90s.json,POP90-181,永不退縮,M0A9-z2Yj1I,2542541,2026-05-26,kept,90年代流行曲,滾石唱片 ROCK RECORDS / YouTube
Pop 90s,songlists/pop-90s.json,POP90-182,讓我留在你身邊,my0MeO3zWCQ,2532544,2026-05-26,kept,90年代流行曲,譚中薇 / YouTube
Pop 90s,songlists/pop-90s.json,POP90-183,傳奇,cJF7NAZN-g4,2514344,2026-05-26,kept,90年代流行曲,滾石唱片 ROCK RECORDS / YouTube
Pop 90s,songlists/pop-90s.json,POP90-184,忘憂草,_-rUZu0R_Ww,2513474,2026-05-26,kept,90年代流行曲,滾石唱片 ROCK RECORDS / YouTube
Pop 90s,songlists/pop-90s.json,POP90-185,有故事的人,Ols0ltpkGfQ,2500681,2026-05-26,kept,90年代流行曲,滾石唱片 ROCK RECORDS / YouTube
Pop 90s,songlists/pop-90s.json,POP90-186,我愿你知道,SEZIXTiAtfM,2490359,2026-05-26,kept,90年代流行曲,Great Han / YouTube
Pop 90s,songlists/pop-90s.json,POP90-187,秋風夜雨,a__QJ39ba1o,2446713,2026-05-26,kept,90年代流行曲,滾石唱片 ROCK RECORDS / YouTube
Pop 90s,songlists/pop-90s.json,POP90-188,真的嗎,Txz-q0NlNZ8,2444329,2026-05-26,kept,90年代流行曲,滾石唱片 ROCK RECORDS / YouTube
Pop 90s,songlists/pop-90s.json,POP90-189,比我幸福,Zx-yRVjQyhI,2444243,2026-05-26,kept,90年代流行曲,DanielChanVEVO / YouTube
Pop 90s,songlists/pop-90s.json,POP90-190,七十二變,T4yin-YXIro,2443230,2026-05-26,kept,90年代流行曲,AMusic Official Channel / YouTube
Pop 90s,songlists/pop-90s.json,POP90-191,你是你我是我,yQcCuPKChfg,2433942,2026-05-26,kept,90年代流行曲,Timeless Music / YouTube
Pop 90s,songlists/pop-90s.json,POP90-192,盲婚啞嫁,bWxHgHLJlYw,2322967,2026-05-26,kept,90年代流行曲,Eason Chan / YouTube
Pop 90s,songlists/pop-90s.json,POP90-193,逆行,MWYz42g8TuU,2318037,2026-05-26,kept,90年代流行曲,謝霆鋒 Nicholas Tse / YouTube
Pop 90s,songlists/pop-90s.json,POP90-194,衝衝衝,lGF2QrDLXCM,2301019,2026-05-26,kept,90年代流行曲,滾石唱片 ROCK RECORDS / YouTube
Pop 90s,songlists/pop-90s.json,POP90-195,湯寳如,crwc9j8TIeE,2274977,2026-05-26,kept,90年代流行曲,JackyCheungVEVO / YouTube
Pop 90s,songlists/pop-90s.json,POP90-196,一场游戏一场梦,MjtUQmhKGuI,2259237,2026-05-26,kept,90年代流行曲,GM Lyric / YouTube
Pop 90s,songlists/pop-90s.json,POP90-197,讓懂你的人愛你,ceE6SlV5jko,2242407,2026-05-26,kept,90年代流行曲,陳泰和 / YouTube
Pop 90s,songlists/pop-90s.json,POP90-198,算了吧,jvnChb-hQlI,2197654,2026-05-26,kept,90年代流行曲,滾石唱片 ROCK RECORDS / YouTube
Pop 90s,songlists/pop-90s.json,POP90-199,前前後後左左右右,i4ix3PGZ51c,2197320,2026-05-26,kept,90年代流行曲,英皇娛樂 eeg music / YouTube
Pop 90s,songlists/pop-90s.json,POP90-200,一生愛你一個,4F4U76B2iok,2191560,2026-05-26,kept,90年代流行曲,EkinChengVEVO / YouTube
Pop 90s,songlists/pop-90s.json,POP90-201,讓我永遠愛你,waQl9LgKEbY,2179293,2026-05-26,kept,90年代流行曲,Timeless Music / YouTube
Pop 90s,songlists/pop-90s.json,POP90-202,流年,lFUUVItSCpk,2179017,2026-05-26,kept,90年代流行曲,EC / YouTube
Pop 90s,songlists/pop-90s.json,POP90-203,致青春,___KCYtANNQ,2167562,2026-05-26,kept,90年代流行曲,Faye Wong Official Channel 王菲 官方頻道 / YouTube
Pop 90s,songlists/pop-90s.json,POP90-204,兩極,nZ18FkLNUxw,2159550,2026-05-26,kept,90年代流行曲,滾石唱片 ROCK RECORDS / YouTube
Pop 90s,songlists/pop-90s.json,POP90-205,陰天快樂,9Z0aHUUv88Y,2159525,2026-05-26,kept,90年代流行曲,Eason Chan / YouTube
Pop 90s,songlists/pop-90s.json,POP90-206,春天花會開,tzYsKUZcby8,2119032,2026-05-26,kept,90年代流行曲,滾石唱片 ROCK RECORDS / YouTube
Pop 90s,songlists/pop-90s.json,POP90-207,你係我嘅,OsLR8YLPCCc,2096339,2026-05-26,kept,90年代流行曲,LeonLaiVEVO / YouTube
Pop 90s,songlists/pop-90s.json,POP90-208,花花宇宙,WK9qq2k2_SM,2052628,2026-05-26,kept,90年代流行曲,KellyChenVEVO / YouTube
Pop 90s,songlists/pop-90s.json,POP90-209,大約在冬季,U6dshkyM0Hw,2029800,2026-05-26,kept,90年代流行曲,英皇娛樂 eeg music / YouTube
Pop 90s,songlists/pop-90s.json,POP90-210,初心,PeVqYYBHyzU,1942152,2026-05-26,kept,90年代流行曲,古巨基 Leo Ku / YouTube
Pop 90s,songlists/pop-90s.json,POP90-211,衣櫃裡的男人,CHWOrrPrp88,1917003,2026-05-26,kept,90年代流行曲,YaKo2669 / YouTube
Pop 90s,songlists/pop-90s.json,POP90-212,大日子,fb-pFRwI1i4,1916156,2026-05-26,kept,90年代流行曲,KellyChenVEVO / YouTube
Pop 90s,songlists/pop-90s.json,POP90-213,一生幸福,XUhm0Fy7idY,1911503,2026-05-26,kept,90年代流行曲,AMusic Official Channel / YouTube
Pop 90s,songlists/pop-90s.json,POP90-214,哭個痛快,_QZ8M2nKlnI,1867105,2026-05-26,kept,90年代流行曲,滾石唱片 ROCK RECORDS / YouTube
Pop 90s,songlists/pop-90s.json,POP90-215,小雪,RjThQs--s1s,1843620,2026-05-26,kept,90年代流行曲,滾石唱片 ROCK RECORDS / YouTube
Pop 90s,songlists/pop-90s.json,POP90-216,分分鐘需要你,AOd-xaZnSM0,1804929,2026-05-26,kept,90年代流行曲,universalmusichk / YouTube
Pop 90s,songlists/pop-90s.json,POP90-217,萬物有時,Eloz-R0A8m4,1796569,2026-05-26,kept,90年代流行曲,寰亞音樂 Media Asia Music Official Channel / YouTube
Pop 90s,songlists/pop-90s.json,POP90-218,乘虛而入.mpg,j8Vy9DadMh8,1682551,2026-05-26,kept,90年代流行曲,PP L / YouTube
Pop 90s,songlists/pop-90s.json,POP90-219,戰勝自己,vPxfk6KgexY,1650969,2026-05-26,kept,90年代流行曲,寰亞音樂 Media Asia Music Official Channel / YouTube
Pop 90s,songlists/pop-90s.json,POP90-220,愛你不愛你,I0mOKlUsE8I,1608602,2026-05-26,kept,90年代流行曲,LeonLaiVEVO / YouTube
Pop 90s,songlists/pop-90s.json,POP90-221,要我怎麼忘了他,2YlXB-uVQ48,1590640,2026-05-26,kept,90年代流行曲,kyhon / YouTube
Pop 90s,songlists/pop-90s.json,POP90-222,謝謝儂,-Qwf-ps1dx0,1570088,2026-05-26,kept,90年代流行曲,英皇娛樂 eeg music / YouTube
Pop 90s,songlists/pop-90s.json,POP90-223,孤星,ZfIkDS7ZXns,1559016,2026-05-26,kept,90年代流行曲,Timeless Music / YouTube
Pop 90s,songlists/pop-90s.json,POP90-224,最真的夢,yXVNkhXv1XI,1553033,2026-05-26,kept,90年代流行曲,滾石唱片 ROCK RECORDS / YouTube
Pop 90s,songlists/pop-90s.json,POP90-225,塵大師,LKMGlj3Y_Lg,1527499,2026-05-26,kept,90年代流行曲,Eason Chan / YouTube
Pop 90s,songlists/pop-90s.json,POP90-226,燭光,GuIAbr0EHIE,1506817,2026-05-26,kept,90年代流行曲,滾石唱片 ROCK RECORDS / YouTube
Pop 90s,songlists/pop-90s.json,POP90-227,黃種人,mV5IQbd0o0U,1483755,2026-05-26,kept,90年代流行曲,英皇娛樂 eeg music / YouTube
Pop 90s,songlists/pop-90s.json,POP90-228,顧家,tsVXQwE_MuY,1473408,2026-05-26,kept,90年代流行曲,AMusic Official Channel / YouTube
Pop 90s,songlists/pop-90s.json,POP90-229,承諾,j75_4JqX07A,1457312,2026-05-26,kept,90年代流行曲,Timeless Music Hong Kong天碟 / YouTube
Pop 90s,songlists/pop-90s.json,POP90-230,突然心動,rh54fB_TgXw,1443658,2026-05-26,kept,90年代流行曲,Sin J / YouTube
Pop 90s,songlists/pop-90s.json,POP90-231,緣份的天空,ogbXOBbZv44,1421126,2026-05-26,kept,90年代流行曲,KarenTongVEVO / YouTube
Pop 90s,songlists/pop-90s.json,POP90-232,戀愛頻率,yUCDN4aWb9c,1408007,2026-05-26,kept,90年代流行曲,AndyHuiVEVO / YouTube
Pop 90s,songlists/pop-90s.json,POP90-233,致我們的夢想,ORx9rRilR9g,1407040,2026-05-26,kept,90年代流行曲,寰亞音樂 Media Asia Music Official Channel / YouTube
Pop 90s,songlists/pop-90s.json,POP90-234,最佳位置,-lB9Z4IeTDc,1394849,2026-05-26,kept,90年代流行曲,EvolutionVI / YouTube
Pop 90s,songlists/pop-90s.json,POP90-235,久別重逢,wokhkxSzF5Y,1389168,2026-05-26,kept,90年代流行曲,美亞娛樂 Mei Ah Entertainment / YouTube
Pop 90s,songlists/pop-90s.json,POP90-236,失戀,nXJSTkUXxLI,1380301,2026-05-26,kept,90年代流行曲,Grasshopper - Topic / YouTube
Pop 90s,songlists/pop-90s.json,POP90-237,雨人,UwUwfZ5hPB0,1374507,2026-05-26,kept,90年代流行曲,滾石唱片 ROCK RECORDS / YouTube
Pop 90s,songlists/pop-90s.json,POP90-238,我還能愛誰,wysliTqWOQY,1368936,2026-05-26,kept,90年代流行曲,AndyHuiVEVO / YouTube
Pop 90s,songlists/pop-90s.json,POP90-239,別問舊傷口,YoYhkdTeUZ0,1343337,2026-05-26,kept,90年代流行曲,滾石唱片 ROCK RECORDS / YouTube
Pop 90s,songlists/pop-90s.json,POP90-240,成長的錯,KveGJklq7Ho,1340763,2026-05-26,kept,90年代流行曲,古巨基 Leo Ku / YouTube
Pop 90s,songlists/pop-90s.json,POP90-241,性情中人,Yw8DwIR1xo0,1334344,2026-05-26,kept,90年代流行曲,JW Official Channel / YouTube
Pop 90s,songlists/pop-90s.json,POP90-242,怕黑,6p9UirDVuCk,1330209,2026-05-26,kept,90年代流行曲,滾石唱片 ROCK RECORDS / YouTube
Pop 90s,songlists/pop-90s.json,POP90-243,不再犹豫,IuRIaT3ye5k,1319925,2026-05-26,kept,90年代流行曲,GM Lyric / YouTube
Pop 90s,songlists/pop-90s.json,POP90-244,想說,vz6bzGMqUNc,1299409,2026-05-26,kept,90年代流行曲,華星唱片 Capital Artists Official Channel / YouTube
Pop 90s,songlists/pop-90s.json,POP90-245,男人不该让女人流泪,LmQO65r1cC8,1292157,2026-05-26,kept,90年代流行曲,GM Lyric / YouTube
Pop 90s,songlists/pop-90s.json,POP90-246,流著淚的妳的臉,6V7-vI1YRkw,1284495,2026-05-26,kept,90年代流行曲,滾石唱片 ROCK RECORDS / YouTube
Pop 90s,songlists/pop-90s.json,POP90-247,眼睛不能沒眼淚,1gtL86S1LPs,1272089,2026-05-26,kept,90年代流行曲,Timeless Music Hong Kong天碟 / YouTube
Pop 90s,songlists/pop-90s.json,POP90-248,聽風的歌,PsXl8pw4oXE,1265639,2026-05-26,kept,90年代流行曲,Timeless Music Hong Kong天碟 / YouTube
Pop 90s,songlists/pop-90s.json,POP90-249,心理遊戲,EWSru6yv00c,1253803,2026-05-26,kept,90年代流行曲,sakuraeikei / YouTube
Pop 90s,songlists/pop-90s.json,POP90-250,相信你的人,dIrC9S6LJVg,1251128,2026-05-26,kept,90年代流行曲,Eason Chan / YouTube
Pop 90s,songlists/pop-90s.json,POP90-251,塑造,_V6nXXq7jV8,1239533,2026-05-26,kept,90年代流行曲,謝霆鋒 Nicholas Tse / YouTube
Pop 90s,songlists/pop-90s.json,POP90-252,一擊即中,5UIEdt55JV8,1237235,2026-05-26,kept,90年代流行曲,英皇娛樂 eeg music / YouTube
Pop 90s,songlists/pop-90s.json,POP90-253,很受傷,NyZihvtZ2u4,1223091,2026-05-26,kept,90年代流行曲,滾石唱片 ROCK RECORDS / YouTube
Pop 90s,songlists/pop-90s.json,POP90-254,一個人,cNo7gwNIG5Y,1194887,2026-05-26,kept,90年代流行曲,滾石唱片 ROCK RECORDS / YouTube
Pop 90s,songlists/pop-90s.json,POP90-255,我恨我是女人,7hNsevC7Z1o,1180724,2026-05-26,kept,90年代流行曲,英皇娛樂 eeg music / YouTube
Pop 90s,songlists/pop-90s.json,POP90-256,夢中人,hN2jOHeI5tc,1179531,2026-05-26,kept,90年代流行曲,FayeWongVEVO / YouTube
Pop 90s,songlists/pop-90s.json,POP90-257,情願不自由,Ef8kmHeyoZU,1177265,2026-05-26,kept,90年代流行曲,Timeless Music / YouTube
Pop 90s,songlists/pop-90s.json,POP90-258,共你趕到這班車就是傳奇,ZcsBnbXtF3M,1147155,2026-05-26,kept,90年代流行曲,AMusic Official Channel / YouTube
Pop 90s,songlists/pop-90s.json,POP90-259,烈女,iCp3yL-Q6nM,1119488,2026-05-26,kept,90年代流行曲,Timeless Music Hong Kong天碟 / YouTube
Pop 90s,songlists/pop-90s.json,POP90-260,寂寞的眼,ariyIvIkIP0,1111746,2026-05-26,kept,90年代流行曲,滾石唱片 ROCK RECORDS / YouTube
Pop 90s,songlists/pop-90s.json,POP90-261,尋開心,Rl5yVrZMDbA,1094740,2026-05-26,kept,90年代流行曲,unijoseable / YouTube
Pop 90s,songlists/pop-90s.json,POP90-262,因為愛所以愛,dU27W43li54,1083345,2026-05-26,kept,90年代流行曲,环球视听1980 / YouTube
Pop 90s,songlists/pop-90s.json,POP90-263,濃情化不開,kiZIFlPDTw4,1077039,2026-05-26,kept,90年代流行曲,滾石唱片 ROCK RECORDS / YouTube
Pop 90s,songlists/pop-90s.json,POP90-264,推倒重來,t9OZhoaExPA,1069728,2026-05-26,kept,90年代流行曲,謝霆鋒 Nicholas Tse / YouTube
Pop 90s,songlists/pop-90s.json,POP90-265,無忌,nAXL9RhkR28,1057410,2026-05-26,kept,90年代流行曲,Timeless Music Hong Kong天碟 / YouTube
Pop 90s,songlists/pop-90s.json,POP90-266,男子組,Dv0pCu-S7Wo,1043842,2026-05-26,kept,90年代流行曲,Timeless Music Hong Kong天碟 / YouTube
Pop 90s,songlists/pop-90s.json,POP90-267,誰可情深如我,FHJ497bmR7A,1036612,2026-05-26,kept,90年代流行曲,EkinChengVEVO / YouTube
Pop 90s,songlists/pop-90s.json,POP90-268,非我莫屬,aQcdwrfyVL4,1024939,2026-05-26,kept,90年代流行曲,LeonLaiVEVO / YouTube
Pop 90s,songlists/pop-90s.json,POP90-269,如果我們不再見,3BHjwUDczPI,1021203,2026-05-26,kept,90年代流行曲,Timeless Music Hong Kong天碟 / YouTube
Pop 90s,songlists/pop-90s.json,POP90-270,我可以忘記你,sYQVCcrx0ng,1006532,2026-05-26,kept,90年代流行曲,AMusic Official Channel / YouTube
Pop 90s,songlists/pop-90s.json,POP90-271,我比誰都清楚,SJwajdV68MY,1004061,2026-05-26,kept,90年代流行曲,Daniel Chan - Topic / YouTube
Pop 90s,songlists/pop-90s.json,POP90-272,我的歌,8O4DO4xZIxw,1001264,2026-05-26,kept,90年代流行曲,EkinChengVEVO / YouTube
Pop 90s,songlists/pop-90s.json,POP90-273,只愛你一個人,GqqI7s7if5M,985901,2026-05-26,kept,90年代流行曲,滾石唱片 ROCK RECORDS / YouTube
Pop 90s,songlists/pop-90s.json,POP90-274,讓我跟你走,3er3jmxeXUI,985057,2026-05-26,kept,90年代流行曲,CassPhangVEVO / YouTube
Pop 90s,songlists/pop-90s.json,POP90-275,從前的我們,iiFyo5tE7yw,967167,2026-05-26,kept,90年代流行曲,寰亞音樂 Media Asia Music Official Channel / YouTube
Pop 90s,songlists/pop-90s.json,POP90-276,好結果,oUvoy8UduGQ,961792,2026-05-26,kept,90年代流行曲,Amanda Lee - Topic / YouTube
Pop 90s,songlists/pop-90s.json,POP90-277,放不低,F0uVpf4fpuI,957779,2026-05-26,kept,90年代流行曲,Timeless Music Hong Kong天碟 / YouTube
Pop 90s,songlists/pop-90s.json,POP90-278,若不是因為你,T1nWff6zrbI,952555,2026-05-26,kept,90年代流行曲,滾石唱片 ROCK RECORDS / YouTube
Pop 90s,songlists/pop-90s.json,POP90-279,告別我的戀人們,YRl62x5JLKQ,923913,2026-05-26,kept,90年代流行曲,英皇娛樂 eeg music / YouTube
Pop 90s,songlists/pop-90s.json,POP90-280,善良,LKuc7hb0ktg,909940,2026-05-26,kept,90年代流行曲,謝霆鋒 Nicholas Tse / YouTube
Pop 90s,songlists/pop-90s.json,POP90-281,只是不夠愛,mQ2pv2nA01s,889684,2026-05-26,kept,90年代流行曲,莫文蔚 Karen Mok / YouTube
Pop 90s,songlists/pop-90s.json,POP90-282,失戀萬歲,Zu0X0pxwa9Y,883495,2026-05-26,kept,90年代流行曲,滾石唱片 ROCK RECORDS / YouTube
Pop 90s,songlists/pop-90s.json,POP90-283,煉金術,y87LmH8OkRU,876785,2026-05-26,kept,90年代流行曲,Timeless Music Hong Kong天碟 / YouTube
Pop 90s,songlists/pop-90s.json,POP90-284,今日,c4aqLLk5k34,841780,2026-05-26,kept,90年代流行曲,華星唱片 Capital Artists Official Channel / YouTube
Pop 90s,songlists/pop-90s.json,POP90-285,一了百了,J0cUchG8ems,841010,2026-05-26,kept,90年代流行曲,英皇娛樂 eeg music / YouTube
Pop 90s,songlists/pop-90s.json,POP90-286,妳喜歡的會有幾個,UFR_fQ_yOco,839521,2026-05-26,kept,90年代流行曲,滾石唱片 ROCK RECORDS / YouTube
Pop 90s,songlists/pop-90s.json,POP90-287,有時候,zyrM2SrEMrA,837556,2026-05-26,kept,90年代流行曲,leung906362 / YouTube
Pop 90s,songlists/pop-90s.json,POP90-288,纏綿遊戲,xui1EawVNxM,829620,2026-05-26,kept,90年代流行曲,華星唱片 Capital Artists Official Channel / YouTube
Pop 90s,songlists/pop-90s.json,POP90-289,一起吃苦的幸福,CXiC5E-F-KU,829264,2026-05-26,kept,90年代流行曲,滾石唱片 ROCK RECORDS / YouTube
Pop 90s,songlists/pop-90s.json,POP90-290,破繭,QLsvx7TXWeE,806494,2026-05-26,kept,90年代流行曲,東亞唱片 East Asia Music Official Channel / YouTube
Pop 90s,songlists/pop-90s.json,POP90-291,無名份的浪漫,yX-zJW1sxhg,802220,2026-05-26,kept,90年代流行曲,e.c.e. / YouTube
Pop 90s,songlists/pop-90s.json,POP90-292,心癮,PU5EpfSeP1I,792816,2026-05-26,kept,90年代流行曲,英皇娛樂 eeg music / YouTube
Pop 90s,songlists/pop-90s.json,POP90-293,我有我天地,Kkr6cVXWGqQ,790127,2026-05-26,kept,90年代流行曲,CassPhangVEVO / YouTube
Pop 90s,songlists/pop-90s.json,POP90-294,六月飛霜,-yKnlZlQ5ug,785423,2026-05-26,kept,90年代流行曲,EasonChanVEVO / YouTube
Pop 90s,songlists/pop-90s.json,POP90-295,原來愛情這麼傷,KCDMucUEjfw,782918,2026-05-26,kept,90年代流行曲,Gigi Leung - Topic / YouTube
Pop 90s,songlists/pop-90s.json,POP90-296,天使也一樣,di6mUvIDDrw,779630,2026-05-26,kept,90年代流行曲,滾石唱片 ROCK RECORDS / YouTube
Pop 90s,songlists/pop-90s.json,POP90-297,再見二丁目,uhxS1iMfVvw,768545,2026-05-26,kept,90年代流行曲,華星唱片 Capital Artists Official Channel / YouTube
Pop 90s,songlists/pop-90s.json,POP90-298,盲人,D7JbsofNgxE,767578,2026-05-26,kept,90年代流行曲,任癡狂 / YouTube
Pop 90s,songlists/pop-90s.json,POP90-299,風眼,RyxpgRb6s7s,758885,2026-05-26,kept,90年代流行曲,Kelly Chen 陳慧琳 / YouTube
Pop 90s,songlists/pop-90s.json,POP90-300,一百樣可能,Cv03OAvgqQE,756143,2026-05-26,kept,90年代流行曲,LeonLaiVEVO / YouTube
Pop 90s,songlists/pop-90s.json,POP90-301,北極雪,cWjakP5tl1Y,754777,2026-05-26,kept,90年代流行曲,KellyChenVEVO / YouTube
Pop 90s,songlists/pop-90s.json,POP90-302,無去無來,h331g6FLq6U,733823,2026-05-26,kept,90年代流行曲,Miriam Yeung 楊千嬅 : MY LIVE TV / YouTube
Pop 90s,songlists/pop-90s.json,POP90-303,爆了,jikPvwWgU8g,709782,2026-05-26,kept,90年代流行曲,英皇娛樂 eeg music / YouTube
Pop 90s,songlists/pop-90s.json,POP90-304,罪與罰,DbZF4kztm-A,707086,2026-05-26,kept,90年代流行曲,東亞唱片 East Asia Music Official Channel / YouTube
Pop 90s,songlists/pop-90s.json,POP90-305,完美啟示錄,4aR6Qrobld4,696968,2026-05-26,kept,90年代流行曲,英皇娛樂 eeg music / YouTube
Pop 90s,songlists/pop-90s.json,POP90-306,改造人,6wKI1lAUHV0,694792,2026-05-26,kept,90年代流行曲,英皇娛樂 eeg music / YouTube
Pop 90s,songlists/pop-90s.json,POP90-307,火鳥,9H0MmElrHD0,688459,2026-05-26,kept,90年代流行曲,miriamyeung0203 / YouTube
Pop 90s,songlists/pop-90s.json,POP90-308,傳說,vVc2tVm8ayY,688205,2026-05-26,kept,90年代流行曲,Tat Ming Archive / YouTube
Pop 90s,songlists/pop-90s.json,POP90-309,飛女正傳,uMVgQp1iPS4,687211,2026-05-26,kept,90年代流行曲,MiriamYeungVEVO / YouTube
Pop 90s,songlists/pop-90s.json,POP90-310,不要變,rfQbW4QVOLY,684703,2026-05-26,kept,90年代流行曲,滾石唱片 ROCK RECORDS / YouTube
Pop 90s,songlists/pop-90s.json,POP90-311,上弦月,u9c2aclLNNM,678778,2026-05-26,kept,90年代流行曲,AndyHuiVEVO / YouTube
Pop 90s,songlists/pop-90s.json,POP90-312,雨中感嘆號,PZHeJvZoL9A,674699,2026-05-26,kept,90年代流行曲,Tom Lee / YouTube
Pop 90s,songlists/pop-90s.json,POP90-313,豬先生,Mq8xSj0WGvE,672514,2026-05-26,kept,90年代流行曲,東亞唱片 East Asia Music Official Channel / YouTube
Pop 90s,songlists/pop-90s.json,POP90-314,教我這麼愛下去,ZO8Fip_5UAY,671487,2026-05-26,kept,90年代流行曲,太陽娛樂音樂 Sun Entertainment Music / YouTube
Pop 90s,songlists/pop-90s.json,POP90-315,你變了,cDf3jV4CI2s,671286,2026-05-26,kept,90年代流行曲,darkstar0412 / YouTube
Pop 90s,songlists/pop-90s.json,POP90-316,走過,z9eIco0juTY,668672,2026-05-26,kept,90年代流行曲,滾石唱片 ROCK RECORDS / YouTube
Pop 90s,songlists/pop-90s.json,POP90-317,分享愛,A6W1GEhL9Vk,666900,2026-05-26,kept,90年代流行曲,Timeless Music Hong Kong天碟 / YouTube
Pop 90s,songlists/pop-90s.json,POP90-318,向右走,OURMLVMCXT4,664943,2026-05-26,kept,90年代流行曲,Joey / YouTube
Pop 90s,songlists/pop-90s.json,POP90-319,兩個女孩,KmGpOMVSKfA,664093,2026-05-26,kept,90年代流行曲,滾石唱片 ROCK RECORDS / YouTube
Pop 90s,songlists/pop-90s.json,POP90-320,向太陽怒吼,LoUA2f3mu6Q,637880,2026-05-26,kept,90年代流行曲,Timeless Music / YouTube
Pop 90s,songlists/pop-90s.json,POP90-321,都是你的錯,1LXWKH6gXGE,637300,2026-05-26,kept,90年代流行曲,KellyChenVEVO / YouTube
Pop 90s,songlists/pop-90s.json,POP90-322,半邊生命,vr4SlWBmvKI,628346,2026-05-26,kept,90年代流行曲,東亞唱片 East Asia Music Official Channel / YouTube
Pop 90s,songlists/pop-90s.json,POP90-323,重複犯錯,QJU0hFghiBE,619396,2026-05-26,kept,90年代流行曲,Timeless Music Hong Kong天碟 / YouTube
Pop 90s,songlists/pop-90s.json,POP90-324,壞習慣,VuvpCOL1hLQ,613909,2026-05-26,kept,90年代流行曲,英皇娛樂 eeg music / YouTube
Pop 90s,songlists/pop-90s.json,POP90-325,如夢初醒,AFNI4IO05jU,606078,2026-05-26,kept,90年代流行曲,CassPhangVEVO / YouTube
Pop 90s,songlists/pop-90s.json,POP90-326,愛一天多一天,5RY0vsnBoQc,603170,2026-05-26,kept,90年代流行曲,DanielChanVEVO / YouTube
Pop 90s,songlists/pop-90s.json,POP90-327,曾經,qUdcM0PVGHo,591206,2026-05-26,kept,90年代流行曲,WK / YouTube
Pop 90s,songlists/pop-90s.json,POP90-328,恭喜自己,ujOspkCDtYU,588539,2026-05-26,kept,90年代流行曲,群石國際 / YouTube
Pop 90s,songlists/pop-90s.json,POP90-329,致少年時代,SyRe8BHKb_Q,585803,2026-05-26,kept,90年代流行曲,英皇娛樂 eeg music / YouTube
Pop 90s,songlists/pop-90s.json,POP90-330,風一樣的男子,Pgdzv0UKLIM,575366,2026-05-26,kept,90年代流行曲,yalinchan / YouTube
Pop 90s,songlists/pop-90s.json,POP90-331,仍能情深愛上,KEl-i9kQ1BU,575090,2026-05-26,kept,90年代流行曲,EkinChengVEVO / YouTube
Pop 90s,songlists/pop-90s.json,POP90-332,我是不是该安静的走开,tnkQmsXIkP8,566953,2026-05-26,kept,90年代流行曲,GM Lyric / YouTube
Pop 90s,songlists/pop-90s.json,POP90-333,黯然離別,u9cQu0CmRoQ,555220,2026-05-26,kept,90年代流行曲,Timeless Music / YouTube
Pop 90s,songlists/pop-90s.json,POP90-334,永遠,ngm_TXH-BS0,546745,2026-05-26,kept,90年代流行曲,滾石唱片 ROCK RECORDS / YouTube
Pop 90s,songlists/pop-90s.json,POP90-335,把歌談心,4dUc1gchfJE,546314,2026-05-26,kept,90年代流行曲,Shirley Kwan Fans Channel / YouTube
Pop 90s,songlists/pop-90s.json,POP90-336,唉聲嘆氣,pyAr-EaXJG8,544564,2026-05-26,kept,90年代流行曲,Timeless Music Hong Kong天碟 / YouTube
Pop 90s,songlists/pop-90s.json,POP90-337,童話,Rc0xAVd0MHk,541085,2026-05-26,kept,90年代流行曲,滾石唱片 ROCK RECORDS / YouTube
Pop 90s,songlists/pop-90s.json,POP90-338,癡癡為你等,JSU9_0IpWb4,540431,2026-05-26,kept,90年代流行曲,Timeless Music / YouTube
Pop 90s,songlists/pop-90s.json,POP90-339,相逢在雨中,0hnb0uUWh7c,538720,2026-05-26,kept,90年代流行曲,LeonLaiVEVO / YouTube
Pop 90s,songlists/pop-90s.json,POP90-340,苏永康,6PaSO2RyfJ8,537993,2026-05-26,kept,90年代流行曲,GM Lyric / YouTube
Pop 90s,songlists/pop-90s.json,POP90-341,愛你躲你,2SkaG4JkT7Y,537251,2026-05-26,kept,90年代流行曲,evolution9502 / YouTube
Pop 90s,songlists/pop-90s.json,POP90-342,新歌,gIevkvW4fcw,535443,2026-05-26,kept,90年代流行曲,EkinChengVEVO / YouTube
Pop 90s,songlists/pop-90s.json,POP90-343,活得比你好,YFtMjkEekyI,534524,2026-05-26,kept,90年代流行曲,Amanda Lee - Topic / YouTube
Pop 90s,songlists/pop-90s.json,POP90-344,只會因你唱,NPLy6ofmLlI,533660,2026-05-26,kept,90年代流行曲,EkinChengVEVO / YouTube
Pop 90s,songlists/pop-90s.json,POP90-345,每個愛情都危險,95TLJ-rHD-U,529610,2026-05-26,kept,90年代流行曲,滾石唱片 ROCK RECORDS / YouTube
Pop 90s,songlists/pop-90s.json,POP90-346,每隔兩秒,f80yVBKukmM,524449,2026-05-26,kept,90年代流行曲,英皇娛樂 eeg music / YouTube
Pop 90s,songlists/pop-90s.json,POP90-347,完美,JFsEdKNo0QI,518364,2026-05-26,kept,90年代流行曲,寰亞音樂 Media Asia Music Official Channel / YouTube
Pop 90s,songlists/pop-90s.json,POP90-348,直至消失天與地,UU9bJ9mfabs,508760,2026-05-26,kept,90年代流行曲,EkinChengVEVO / YouTube
Pop 90s,songlists/pop-90s.json,POP90-349,忐忑,igzeQxN4efc,508170,2026-05-26,kept,90年代流行曲,滾石唱片 ROCK RECORDS / YouTube
Pop 90s,songlists/pop-90s.json,POP90-350,動地驚天愛戀過,nK_0CMKY3nc,504952,2026-05-26,kept,90年代流行曲,EkinChengVEVO / YouTube
Pop 90s,songlists/pop-90s.json,POP90-351,我為我生存,XdlCzyxjlc4,504262,2026-05-26,kept,90年代流行曲,AngelababyHo / YouTube
Pop 90s,songlists/pop-90s.json,POP90-352,感冒,OJ_2c7oF63c,499121,2026-05-26,removed-under-500k,90年代流行曲,KarenTongVEVO / YouTube
Pop 90s,songlists/pop-90s.json,POP90-353,春光乍洩,b9Wi_ATz-3E,495658,2026-05-26,removed-under-500k,90年代流行曲,AnthonyWongVEVO / YouTube
Pop 90s,songlists/pop-90s.json,POP90-354,大孩子,oKt1aIdb8bo,486549,2026-05-26,removed-under-500k,90年代流行曲,Yu Chiu趙頌茹 / YouTube
Pop 90s,songlists/pop-90s.json,POP90-355,時間做證,qT0azaeR2L8,485598,2026-05-26,removed-under-500k,90年代流行曲,Yiu Wing Live / YouTube
Pop 90s,songlists/pop-90s.json,POP90-356,你微笑時好美,M5QKqagWhB0,483372,2026-05-26,removed-under-500k,90年代流行曲,英皇娛樂 eeg music / YouTube
Pop 90s,songlists/pop-90s.json,POP90-357,姊妹,TEiNvQtA8og,481028,2026-05-26,removed-under-500k,90年代流行曲,MiriamYeungVEVO / YouTube
Pop 90s,songlists/pop-90s.json,POP90-358,夢在無夢的夜裡,euB4kVJ3MCE,477402,2026-05-26,removed-under-500k,90年代流行曲,Timeless Music / YouTube
Pop 90s,songlists/pop-90s.json,POP90-359,后會無期,WbMKHWcIXIA,473749,2026-05-26,removed-under-500k,90年代流行曲,寰亞音樂 Media Asia Music Official Channel / YouTube
Pop 90s,songlists/pop-90s.json,POP90-360,一個人的童話,LCJTw5Mo3xc,468985,2026-05-26,removed-under-500k,90年代流行曲,Lai-Man Lung / YouTube
Pop 90s,songlists/pop-90s.json,POP90-361,空城記,I1O1n4J_Q0c,460758,2026-05-26,removed-under-500k,90年代流行曲,Eason Chan / YouTube
Pop 90s,songlists/pop-90s.json,POP90-362,季候風,19pyJo0mP34,459307,2026-05-26,removed-under-500k,90年代流行曲,FayeWongVEVO / YouTube
Pop 90s,songlists/pop-90s.json,POP90-363,玻璃鞋,2EPoNd84IEU,451543,2026-05-26,removed-under-500k,90年代流行曲,Timeless Music Hong Kong天碟 / YouTube
Pop 90s,songlists/pop-90s.json,POP90-364,你愛我愛不起,H1uIbkBELQQ,451528,2026-05-26,removed-under-500k,90年代流行曲,Timeless Music Hong Kong天碟 / YouTube
Pop 90s,songlists/pop-90s.json,POP90-365,但願不只是朋友,4vUqRc-0iwk,450958,2026-05-26,removed-under-500k,90年代流行曲,LeonLaiVEVO / YouTube
Pop 90s,songlists/pop-90s.json,POP90-366,愛你是我一生中理想,1UGZCKxyJkI,450204,2026-05-26,removed-under-500k,90年代流行曲,Timeless Music Hong Kong天碟 / YouTube
Pop 90s,songlists/pop-90s.json,POP90-367,唯獨妳是不可取替,hcoVvZypKKw,444823,2026-05-26,removed-under-500k,90年代流行曲,華星唱片 Capital Artists Official Channel / YouTube
Pop 90s,songlists/pop-90s.json,POP90-368,開水與白麵包,87jYV1ysXsI,441939,2026-05-26,removed-under-500k,90年代流行曲,滾石唱片 ROCK RECORDS / YouTube
Pop 90s,songlists/pop-90s.json,POP90-369,在你背影守候,7wPzNFCR8Lo,439747,2026-05-26,removed-under-500k,90年代流行曲,滾石唱片 ROCK RECORDS / YouTube
Pop 90s,songlists/pop-90s.json,POP90-370,請放心傷我,2mT_a4n7thI,439012,2026-05-26,removed-under-500k,90年代流行曲,universalmusichk / YouTube
Pop 90s,songlists/pop-90s.json,POP90-371,理想對象,7xQ1MGGVoBU,427958,2026-05-26,removed-under-500k,90年代流行曲,Timeless Music Hong Kong天碟 / YouTube
Pop 90s,songlists/pop-90s.json,POP90-372,一言為定,XZibv0-nRA8,424563,2026-05-26,removed-under-500k,90年代流行曲,AMusic Official Channel / YouTube
Pop 90s,songlists/pop-90s.json,POP90-373,體會,yD5eOga6Jmk,422975,2026-05-26,removed-under-500k,90年代流行曲,KellyChenVEVO / YouTube
Pop 90s,songlists/pop-90s.json,POP90-374,對不起不是你,GWzTGN4pbOg,422223,2026-05-26,removed-under-500k,90年代流行曲,KellyChenVEVO / YouTube
Pop 90s,songlists/pop-90s.json,POP90-375,平安夜,1JYhbeYG9V8,421778,2026-05-26,removed-under-500k,90年代流行曲,universalmusichk / YouTube
Pop 90s,songlists/pop-90s.json,POP90-376,夢醒的我,92i1aAk0nEY,420681,2026-05-26,removed-under-500k,90年代流行曲,Timeless Music / YouTube
Pop 90s,songlists/pop-90s.json,POP90-377,男人最痛,D4iizxIy3Sk,420133,2026-05-26,removed-under-500k,90年代流行曲,華星唱片 Capital Artists Official Channel / YouTube
Pop 90s,songlists/pop-90s.json,POP90-378,不能承受的感動,Ub4DJ1m2oJo,417735,2026-05-26,removed-under-500k,90年代流行曲,Timeless Music Hong Kong天碟 / YouTube
Pop 90s,songlists/pop-90s.json,POP90-379,誓言,EzE2XuuZSi0,416950,2026-05-26,removed-under-500k,90年代流行曲,FayeWongVEVO / YouTube
Pop 90s,songlists/pop-90s.json,POP90-380,天下看娃娃,20BqFRdJEZI,414735,2026-05-26,removed-under-500k,90年代流行曲,寰亞音樂 Media Asia Music Official Channel / YouTube
Pop 90s,songlists/pop-90s.json,POP90-381,有人為妳偷偷在哭,S2N5ho1-ArE,413351,2026-05-26,removed-under-500k,90年代流行曲,Timeless Music Hong Kong天碟 / YouTube
Pop 90s,songlists/pop-90s.json,POP90-382,天才與白痴,AMMd08Xxr5k,412292,2026-05-26,removed-under-500k,90年代流行曲,Timeless Music Hong Kong天碟 / YouTube
Pop 90s,songlists/pop-90s.json,POP90-383,一家一減你,UVMvcCQqapg,409280,2026-05-26,removed-under-500k,90年代流行曲,AndyHuiVEVO / YouTube
Pop 90s,songlists/pop-90s.json,POP90-384,衝破,8Y1R2G5WX1M,408959,2026-05-26,removed-under-500k,90年代流行曲,英皇娛樂 eeg music / YouTube
Pop 90s,songlists/pop-90s.json,POP90-385,吃掉悲傷,0apue8s-3aE,405559,2026-05-26,removed-under-500k,90年代流行曲,寰亞音樂 Media Asia Music Official Channel / YouTube
Pop 90s,songlists/pop-90s.json,POP90-386,迷途,yXdN2LOOahA,397954,2026-05-26,removed-under-500k,90年代流行曲,滾石唱片 ROCK RECORDS / YouTube
Pop 90s,songlists/pop-90s.json,POP90-387,旋木,1Z4fpTnLZDA,397109,2026-05-26,removed-under-500k,90年代流行曲,FayeWongVEVO / YouTube
Pop 90s,songlists/pop-90s.json,POP90-388,如初之光,3yIbNYpR37E,394709,2026-05-26,removed-under-500k,90年代流行曲,莫文蔚 Karen Mok / YouTube
Pop 90s,songlists/pop-90s.json,POP90-389,愛上他不只是我的錯,rM7_w-Rs01Y,393100,2026-05-26,removed-under-500k,90年代流行曲,滾石唱片 ROCK RECORDS / YouTube
Pop 90s,songlists/pop-90s.json,POP90-390,灰姑娘,99VwI1p29Po,386424,2026-05-26,removed-under-500k,90年代流行曲,C90s 港仔音樂 / YouTube
Pop 90s,songlists/pop-90s.json,POP90-391,只要說你愛我,OaVbyjwPTlk,383497,2026-05-26,removed-under-500k,90年代流行曲,Timeless Music / YouTube
Pop 90s,songlists/pop-90s.json,POP90-392,我要飛,A1bSkoQzsIo,383248,2026-05-26,removed-under-500k,90年代流行曲,Timeless Music / YouTube
Pop 90s,songlists/pop-90s.json,POP90-393,让我欢喜让我忧,vPkdSJV6gYg,383061,2026-05-26,removed-under-500k,90年代流行曲,GM Lyric / YouTube
Pop 90s,songlists/pop-90s.json,POP90-394,古惑仔3隻手遮天,HBTgWIK8IQQ,382557,2026-05-26,removed-under-500k,90年代流行曲,林昶志 / YouTube
Pop 90s,songlists/pop-90s.json,POP90-395,我應該得到,71JxvxkYX-8,381830,2026-05-26,removed-under-500k,90年代流行曲,Timeless Music Hong Kong天碟 / YouTube
Pop 90s,songlists/pop-90s.json,POP90-396,一切也願意,qn2_a_wdL4Y,378665,2026-05-26,removed-under-500k,90年代流行曲,沿途有你 2 / YouTube
Pop 90s,songlists/pop-90s.json,POP90-397,甜蜜蜜,WljE1gMHoDY,376420,2026-05-26,removed-under-500k,90年代流行曲,kennyyg / YouTube
Pop 90s,songlists/pop-90s.json,POP90-398,時代,U42EORHvmwo,372903,2026-05-26,removed-under-500k,90年代流行曲,英皇娛樂 eeg music / YouTube
Pop 90s,songlists/pop-90s.json,POP90-399,患難建真情,hFuJrYdmJV8,372309,2026-05-26,removed-under-500k,90年代流行曲,ShirleyKwanVEVO / YouTube
Pop 90s,songlists/pop-90s.json,POP90-400,我和你,r6dA72nMVSI,371067,2026-05-26,removed-under-500k,90年代流行曲,Chris Chuang / YouTube
Pop 90s,songlists/pop-90s.json,POP90-401,天與地,bYr9-O5kNYs,369517,2026-05-26,removed-under-500k,90年代流行曲,FayeWongVEVO / YouTube
Pop 90s,songlists/pop-90s.json,POP90-402,主角,adsrNFdIxLg,364708,2026-05-26,removed-under-500k,90年代流行曲,Faye Wong Official Channel 王菲 官方頻道 / YouTube
Pop 90s,songlists/pop-90s.json,POP90-403,流着泪的你的脸,b-KrGP1yoOc,364224,2026-05-26,removed-under-500k,90年代流行曲,GM Lyric / YouTube
Pop 90s,songlists/pop-90s.json,POP90-404,誰叫我,5ysU1xqCcD0,361418,2026-05-26,removed-under-500k,90年代流行曲,滾石唱片 ROCK RECORDS / YouTube
Pop 90s,songlists/pop-90s.json,POP90-405,喜歡妳是妳,bdMZ6FEl8Oc,357224,2026-05-26,removed-under-500k,90年代流行曲,華星唱片 Capital Artists Official Channel / YouTube
Pop 90s,songlists/pop-90s.json,POP90-406,暗涌,UVKpMveqabQ,356085,2026-05-26,removed-under-500k,90年代流行曲,AnthonyWongVEVO / YouTube
Pop 90s,songlists/pop-90s.json,POP90-407,讓我帶你走,eemyyuXANhw,355327,2026-05-26,removed-under-500k,90年代流行曲,Dave Wang (王傑) / YouTube
Pop 90s,songlists/pop-90s.json,POP90-408,情人知己,VNS05Q-LUjI,350779,2026-05-26,removed-under-500k,90年代流行曲,AngelaPangVEVO / YouTube
Pop 90s,songlists/pop-90s.json,POP90-409,一直相愛,mECIk1RgxE0,348790,2026-05-26,removed-under-500k,90年代流行曲,東亞唱片 East Asia Music Official Channel / YouTube
Pop 90s,songlists/pop-90s.json,POP90-410,等待你的愛,9KwoKqrOupM,347459,2026-05-26,removed-under-500k,90年代流行曲,Timeless Music / YouTube
Pop 90s,songlists/pop-90s.json,POP90-411,兩心知,4cgDukm9UgE,347061,2026-05-26,removed-under-500k,90年代流行曲,LeonLaiVEVO / YouTube
Pop 90s,songlists/pop-90s.json,POP90-412,感激我遇見,MzyyTFaBuFE,346475,2026-05-26,removed-under-500k,90年代流行曲,YK Man / YouTube
Pop 90s,songlists/pop-90s.json,POP90-413,一首獨唱的歌,R8-oSC6qHP4,343865,2026-05-26,removed-under-500k,90年代流行曲,Kelvin Lai / YouTube
Pop 90s,songlists/pop-90s.json,POP90-414,愛神,7P2Rd1qGe8U,341904,2026-05-26,removed-under-500k,90年代流行曲,Timeless Music Hong Kong天碟 / YouTube
Pop 90s,songlists/pop-90s.json,POP90-415,是否我真的一无所有,SWb7xDpp0Jo,340752,2026-05-26,removed-under-500k,90年代流行曲,GM Lyric / YouTube
Pop 90s,songlists/pop-90s.json,POP90-416,美中不足,1bTBzOOtMMM,337165,2026-05-26,removed-under-500k,90年代流行曲,AndyHuiVEVO / YouTube
Pop 90s,songlists/pop-90s.json,POP90-417,絕對是個夢,QsyJ3QvKQ4o,332724,2026-05-26,removed-under-500k,90年代流行曲,KarenTongVEVO / YouTube
Pop 90s,songlists/pop-90s.json,POP90-418,實況轉播,ldbCFHQiXxY,330456,2026-05-26,removed-under-500k,90年代流行曲,滾石唱片 ROCK RECORDS / YouTube
Pop 90s,songlists/pop-90s.json,POP90-419,Shall We Talk,afLYzfx0Jw4,326997,2026-05-26,removed-under-500k,90年代流行曲,GM Lyric / YouTube
Pop 90s,songlists/pop-90s.json,POP90-420,唯一色彩,WcTZIAnBE-U,326156,2026-05-26,removed-under-500k,90年代流行曲,Timeless Music Hong Kong天碟 / YouTube
Pop 90s,songlists/pop-90s.json,POP90-421,有夢的人,_Plmi2ZonTA,325414,2026-05-26,removed-under-500k,90年代流行曲,滾石唱片 ROCK RECORDS / YouTube
Pop 90s,songlists/pop-90s.json,POP90-422,從前以後,ANA7GmXwfeA,323988,2026-05-26,removed-under-500k,90年代流行曲,英皇娛樂 eeg music / YouTube
Pop 90s,songlists/pop-90s.json,POP90-423,無人駕駛,5Vkr88wJc24,323632,2026-05-26,removed-under-500k,90年代流行曲,feivic / YouTube
Pop 90s,songlists/pop-90s.json,POP90-424,願你今夜別離去,K1jkT4C1BB4,319366,2026-05-26,removed-under-500k,90年代流行曲,Dy Sun / YouTube
Pop 90s,songlists/pop-90s.json,POP90-425,這樣也好,z79Ou2S5QTw,318927,2026-05-26,removed-under-500k,90年代流行曲,滾石唱片 ROCK RECORDS / YouTube
Pop 90s,songlists/pop-90s.json,POP90-426,意猶未盡,mS4E_-mA0_M,316857,2026-05-26,removed-under-500k,90年代流行曲,Jay / YouTube
Pop 90s,songlists/pop-90s.json,POP90-427,長情,TioC-JxObNE,313342,2026-05-26,removed-under-500k,90年代流行曲,AMusic Official Channel / YouTube
Pop 90s,songlists/pop-90s.json,POP90-428,後來的我們,pd3eV-SG23E,146207942,2026-05-26,kept,90年代流行曲,相信音樂BinMusic / YouTube
Pop 90s,songlists/pop-90s.json,POP90-429,愛我別走,zPeMFCDPgKE,88037101,2026-05-26,kept,90年代流行曲,滾石唱片 ROCK RECORDS / YouTube
Pop 90s,songlists/pop-90s.json,POP90-430,傷心的人別聽慢歌,xWTiOqJqkk0,48377751,2026-05-26,kept,90年代流行曲,相信音樂BinMusic / YouTube
Pop 90s,songlists/pop-90s.json,POP90-431,你怎麼捨得我難過,oMDj9L44LZM,47137836,2026-05-26,kept,90年代流行曲,滾石唱片 ROCK RECORDS / YouTube
Pop 90s,songlists/pop-90s.json,POP90-432,思念是一種病,9ei1PUmDz98,39390443,2026-05-26,kept,90年代流行曲,滾石唱片 ROCK RECORDS / YouTube
Pop 90s,songlists/pop-90s.json,POP90-433,浪人情歌,OPkqtboFFYI,37402895,2026-05-26,kept,90年代流行曲,滾石唱片 ROCK RECORDS / YouTube
Pop 90s,songlists/pop-90s.json,POP90-434,忠孝東路走九遍,hFJAzTqYFHc,29665217,2026-05-26,kept,90年代流行曲,華研國際 / YouTube
Pop 90s,songlists/pop-90s.json,POP90-435,春泥,xAh377i2Rmg,21138577,2026-05-26,kept,90年代流行曲,HarlemYuVEVO / YouTube
Pop 90s,songlists/pop-90s.json,POP90-436,所以我,_s8Iot-uo7s,21109767,2026-05-26,kept,90年代流行曲,相信音樂BinMusic / YouTube
Pop 90s,songlists/pop-90s.json,POP90-437,再見,_VCU94B_Oig,17194342,2026-05-26,kept,90年代流行曲,滾石唱片 ROCK RECORDS / YouTube
Pop 90s,songlists/pop-90s.json,POP90-438,能不能,9qq7cFhznpU,15862457,2026-05-26,kept,90年代流行曲,UNIVERSAL MUSIC TAIWAN 環球音樂 / YouTube
Pop 90s,songlists/pop-90s.json,POP90-439,只願和你相愛,DPDTqSw6p9Y,15570294,2026-05-26,kept,90年代流行曲,華研國際 / YouTube
Pop 90s,songlists/pop-90s.json,POP90-440,成名在望,-hU1O3bG1eo,13760125,2026-05-26,kept,90年代流行曲,相信音樂BinMusic / YouTube
Pop 90s,songlists/pop-90s.json,POP90-441,太想愛你,hG4-xzaDv40,13407465,2026-05-26,kept,90年代流行曲,潮水音樂 Tide Music / YouTube
Pop 90s,songlists/pop-90s.json,POP90-442,aMEI,OvlWgjiQYpo,12314245,2026-05-26,kept,90年代流行曲,聲動娛樂 Mei Entertainment / YouTube
Pop 90s,songlists/pop-90s.json,POP90-443,小小的太陽,RU-jH9VcO5s,10231299,2026-05-26,kept,90年代流行曲,Timeless Music / YouTube
Pop 90s,songlists/pop-90s.json,POP90-444,盛夏光年,nlvTrcdwDLw,9662471,2026-05-26,kept,90年代流行曲,相信音樂BinMusic / YouTube
Pop 90s,songlists/pop-90s.json,POP90-445,缺口,BCJr1EG1boc,9355136,2026-05-26,kept,90年代流行曲,福茂唱片 / YouTube
Pop 90s,songlists/pop-90s.json,POP90-446,星星點燈,tFXGhrHRLiA,8947999,2026-05-26,kept,90年代流行曲,Timeless Music / YouTube
Pop 90s,songlists/pop-90s.json,POP90-447,破吉他,9ATcxIOeDiY,8710238,2026-05-26,kept,90年代流行曲,滾石唱片 ROCK RECORDS / YouTube
Pop 90s,songlists/pop-90s.json,POP90-448,什麼歌,3njEHMo_5t0,8344706,2026-05-26,kept,90年代流行曲,相信音樂BinMusic / YouTube
Pop 90s,songlists/pop-90s.json,POP90-449,我愛台妹,ZQ8mn5fS5_M,8267607,2026-05-26,kept,90年代流行曲,滾石唱片 ROCK RECORDS / YouTube
Pop 90s,songlists/pop-90s.json,POP90-450,永遠不再,zt5b956do5Y,8247527,2026-05-26,kept,90年代流行曲,華研國際 / YouTube
Pop 90s,songlists/pop-90s.json,POP90-451,第一滴淚,3zVmy2PreJs,8063960,2026-05-26,kept,90年代流行曲,華研國際 / YouTube
Pop 90s,songlists/pop-90s.json,POP90-452,跳上車子離開傷心的台北,wcYstYvQGbU,7236768,2026-05-26,kept,90年代流行曲,動力火車 Power Station官方專屬頻道 / YouTube
Pop 90s,songlists/pop-90s.json,POP90-453,一言難盡,xkDC4n-ZEWY,6979666,2026-05-26,kept,90年代流行曲,Timeless Music / YouTube
Pop 90s,songlists/pop-90s.json,POP90-454,我不該哭,u67qCBLAIB4,6801178,2026-05-26,kept,90年代流行曲,動力火車 Power Station官方專屬頻道 / YouTube
Pop 90s,songlists/pop-90s.json,POP90-455,秘密,Ngyz1gmZzb0,6625616,2026-05-26,kept,90年代流行曲,滾石唱片 ROCK RECORDS / YouTube
Pop 90s,songlists/pop-90s.json,POP90-456,猜心,i6BHvcY-Hv0,6391276,2026-05-26,kept,90年代流行曲,滾石唱片 ROCK RECORDS / YouTube
Pop 90s,songlists/pop-90s.json,POP90-457,分手吧,4hTHm5CKtSI,6359135,2026-05-26,kept,90年代流行曲,滾石唱片 ROCK RECORDS / YouTube
Pop 90s,songlists/pop-90s.json,POP90-458,裝醉,CNQZnZBZxpk,6137168,2026-05-26,kept,90年代流行曲,聲動娛樂 Mei Entertainment / YouTube
Pop 90s,songlists/pop-90s.json,POP90-459,傘下,aI_SszyOM2A,6097399,2026-05-26,kept,90年代流行曲,張宇官方頻道 / YouTube
Pop 90s,songlists/pop-90s.json,POP90-460,我不祝福,wlXZ5l22iyo,5591277,2026-05-26,kept,90年代流行曲,陶晶瑩 / YouTube
Pop 90s,songlists/pop-90s.json,POP90-461,抱著你,bFEKOqHfLsY,5311800,2026-05-26,kept,90年代流行曲,滾石唱片 ROCK RECORDS / YouTube
Pop 90s,songlists/pop-90s.json,POP90-462,姊姊妹妹站起來,_e2PdJOgs1g,5191161,2026-05-26,kept,90年代流行曲,豐華唱片ForwardMusic / YouTube
Pop 90s,songlists/pop-90s.json,POP90-463,我心中尚未崩壞的地方,GDjFEYwezo8,5066824,2026-05-26,kept,90年代流行曲,相信音樂BinMusic / YouTube
Pop 90s,songlists/pop-90s.json,POP90-464,在我生命中的每一天,ZmOg0yTawfY,4980945,2026-05-26,kept,90年代流行曲,滾石唱片 ROCK RECORDS / YouTube
Pop 90s,songlists/pop-90s.json,POP90-465,刀馬旦,MZdxy7_lc8U,4965730,2026-05-26,kept,90年代流行曲,cocoleeVEVO / YouTube
Pop 90s,songlists/pop-90s.json,POP90-466,妳在他鄉,m8_4Mi2-H_Y,4867590,2026-05-26,kept,90年代流行曲,滾石唱片 ROCK RECORDS / YouTube
Pop 90s,songlists/pop-90s.json,POP90-467,寬容,fQItfi8WsK8,4616407,2026-05-26,kept,90年代流行曲,潮水音樂 Tide Music / YouTube
Pop 90s,songlists/pop-90s.json,POP90-468,不要對他說,3J7rfx0NofU,4579670,2026-05-26,kept,90年代流行曲,潮水音樂 Tide Music / YouTube
Pop 90s,songlists/pop-90s.json,POP90-469,背叛情歌,2t0P9zKj4OQ,4485541,2026-05-26,kept,90年代流行曲,華研國際 / YouTube
Pop 90s,songlists/pop-90s.json,POP90-470,那麼愛你為什麼,s-62HoQFtEg,4394266,2026-05-26,kept,90年代流行曲,滾石唱片 ROCK RECORDS / YouTube
Pop 90s,songlists/pop-90s.json,POP90-471,叩叩,0RiKyg98ns0,4075467,2026-05-26,kept,90年代流行曲,UNIVERSAL MUSIC TAIWAN 環球音樂 / YouTube
Pop 90s,songlists/pop-90s.json,POP90-472,讓水倒流,_dW66owaCJs,3862372,2026-05-26,kept,90年代流行曲,WuBaiChinaBlueVEVO / YouTube
Pop 90s,songlists/pop-90s.json,POP90-473,斷了,ZxA02BlZFps,3721036,2026-05-26,kept,90年代流行曲,CoCo Lee李玟 / YouTube
Pop 90s,songlists/pop-90s.json,POP90-474,路口,49xsEr77YCc,3663117,2026-05-26,kept,90年代流行曲,滾石唱片 ROCK RECORDS / YouTube
Pop 90s,songlists/pop-90s.json,POP90-475,用情,M5MliGcbqNM,3372900,2026-05-26,kept,90年代流行曲,潮水音樂 Tide Music / YouTube
Pop 90s,songlists/pop-90s.json,POP90-476,愛到瘋癲,WIKDr7ZLHmc,3286659,2026-05-26,kept,90年代流行曲,華研國際 / YouTube
Pop 90s,songlists/pop-90s.json,POP90-477,真想見到你,vcrx-G1gjMk,3055155,2026-05-26,kept,90年代流行曲,cocoleeVEVO / YouTube
Pop 90s,songlists/pop-90s.json,POP90-478,經典,G709Upxh9EY,2983613,2026-05-26,kept,90年代流行曲,張哲生 / YouTube
Pop 90s,songlists/pop-90s.json,POP90-479,一想到你呀,W51yU6cyj7Y,2879277,2026-05-26,kept,90年代流行曲,豐華唱片ForwardMusic / YouTube
Pop 90s,songlists/pop-90s.json,POP90-480,輸了你贏了世界又如何,nfOxL7aRUjI,2799616,2026-05-26,kept,90年代流行曲,Timeless Music / YouTube
Pop 90s,songlists/pop-90s.json,POP90-481,一天一萬年,fHTBrWZkAoE,2768842,2026-05-26,kept,90年代流行曲,chrisyuVEVO / YouTube
Pop 90s,songlists/pop-90s.json,POP90-482,知足,YGl6EYwxNFY,2603245,2026-05-26,kept,90年代流行曲,譚中薇 / YouTube
Pop 90s,songlists/pop-90s.json,POP90-483,解決師,2lyduZywxuo,2574872,2026-05-26,kept,90年代流行曲,TVB USA Official / YouTube
Pop 90s,songlists/pop-90s.json,POP90-484,难道我就这样过我的一生,nZMgwsI-VIk,2482641,2026-05-26,kept,90年代流行曲,NG Music channel / YouTube
Pop 90s,songlists/pop-90s.json,POP90-485,愛就一個字,NhJFuDZ7RDg,2452772,2026-05-26,kept,90年代流行曲,潮水音樂 Tide Music / YouTube
Pop 90s,songlists/pop-90s.json,POP90-486,天使,EfWLAFjdUYM,2393669,2026-05-26,kept,90年代流行曲,Faye / YouTube
Pop 90s,songlists/pop-90s.json,POP90-487,沒關係,6KUzUBVDBNQ,2356516,2026-05-26,kept,90年代流行曲,Timeless Music / YouTube
Pop 90s,songlists/pop-90s.json,POP90-488,愛我久一點,ZiUBqol7KXY,2327220,2026-05-26,kept,90年代流行曲,cocoleeVEVO / YouTube
Pop 90s,songlists/pop-90s.json,POP90-489,割愛,wFmh4LZPN8o,2245022,2026-05-26,kept,90年代流行曲,滾石唱片 ROCK RECORDS / YouTube
Pop 90s,songlists/pop-90s.json,POP90-490,我的快樂時代,-30Nh5gYzU4,2082883,2026-05-26,kept,90年代流行曲,arkwok1209 / YouTube
Pop 90s,songlists/pop-90s.json,POP90-491,如果你也聽說,UP1aAvgYxLA,1992613,2026-05-26,kept,90年代流行曲,华语歌曲频道 / YouTube
Pop 90s,songlists/pop-90s.json,POP90-492,可惜了,HVOfLZcKjGo,1914287,2026-05-26,kept,90年代流行曲,華研國際 / YouTube
Pop 90s,songlists/pop-90s.json,POP90-493,這樣愛你對不對,wdU8CRJshEc,1877212,2026-05-26,kept,90年代流行曲,陳淑樺 Sarah Chen / YouTube
Pop 90s,songlists/pop-90s.json,POP90-494,夜照亮了夜,qSVz9AGQQsU,1852354,2026-05-26,kept,90年代流行曲,滾石唱片 ROCK RECORDS / YouTube
Pop 90s,songlists/pop-90s.json,POP90-495,有一點動心,Olz_rxNu-Js,1712945,2026-05-26,kept,90年代流行曲,潮水音樂 Tide Music / YouTube
Pop 90s,songlists/pop-90s.json,POP90-496,時間都去哪兒了,6LDZ8WuLvnA,1666909,2026-05-26,kept,90年代流行曲,潮水音樂 Tide Music / YouTube
Pop 90s,songlists/pop-90s.json,POP90-497,我不知道,mYHYo-zdIqQ,1630787,2026-05-26,kept,90年代流行曲,華研國際 / YouTube
Pop 90s,songlists/pop-90s.json,POP90-498,從前,-mf4w6l3-TY,1627394,2026-05-26,kept,90年代流行曲,滾石唱片 ROCK RECORDS / YouTube
Pop 90s,songlists/pop-90s.json,POP90-499,敵不過想念,w19NRTz-g1g,1559248,2026-05-26,kept,90年代流行曲,Taiwan當然娛樂 / YouTube
Pop 90s,songlists/pop-90s.json,POP90-500,不換,3bebpmTryak,1535055,2026-05-26,kept,90年代流行曲,滾石唱片 ROCK RECORDS / YouTube
Pop 90s,songlists/pop-90s.json,POP90-501,一天到晚游泳的魚,w3p167DKkNw,1505885,2026-05-26,kept,90年代流行曲,Timeless Music / YouTube
Pop 90s,songlists/pop-90s.json,POP90-502,路人甲,QyECO8ti-b8,1439481,2026-05-26,kept,90年代流行曲,華研國際 / YouTube
Pop 90s,songlists/pop-90s.json,POP90-503,不是每個戀曲都有美好回憶,UAmjOHiye1s,1428157,2026-05-26,kept,90年代流行曲,Timeless Music / YouTube
Pop 90s,songlists/pop-90s.json,POP90-504,繼續轉動,1rSjGYhaM8k,1395561,2026-05-26,kept,90年代流行曲,華研國際 / YouTube
Pop 90s,songlists/pop-90s.json,POP90-505,知己,8k8xMxLTT94,1394145,2026-05-26,kept,90年代流行曲,動力火車 Power Station官方專屬頻道 / YouTube
Pop 90s,songlists/pop-90s.json,POP90-506,永恆的印記,h_0cS0CJY_0,1331596,2026-05-26,kept,90年代流行曲,潮水音樂 Tide Music / YouTube
Pop 90s,songlists/pop-90s.json,POP90-507,是否真的愛我,Mg57nRRf4Vo,1323912,2026-05-26,kept,90年代流行曲,Timeless Music / YouTube
Pop 90s,songlists/pop-90s.json,POP90-508,愛你的只有一個我,6Ykwgy10H5Y,1287940,2026-05-26,kept,90年代流行曲,福茂唱片 / YouTube
Pop 90s,songlists/pop-90s.json,POP90-509,大海,ufHOR9N8dkk,1239653,2026-05-26,kept,90年代流行曲,Timeless Music / YouTube
Pop 90s,songlists/pop-90s.json,POP90-510,英勇勳章,qpKvcmCAplA,1222199,2026-05-26,kept,90年代流行曲,ai / YouTube
Pop 90s,songlists/pop-90s.json,POP90-511,我依然是你的情人,dJmhW2k7nsM,1216731,2026-05-26,kept,90年代流行曲,CoCoLeeVideo / YouTube
Pop 90s,songlists/pop-90s.json,POP90-512,命中注定,EsT5m1mjChY,1130962,2026-05-26,kept,90年代流行曲,HarlemYuVEVO / YouTube
Pop 90s,songlists/pop-90s.json,POP90-513,一夜情,Zlj1UilurwY,1129744,2026-05-26,kept,90年代流行曲,豐華唱片ForwardMusic / YouTube
Pop 90s,songlists/pop-90s.json,POP90-514,回不去了,clJsnBoVQDA,1111344,2026-05-26,kept,90年代流行曲,旋風音樂 趙傳 / YouTube
Pop 90s,songlists/pop-90s.json,POP90-515,最遠的身邊,pBfL0uPq_P8,1085609,2026-05-26,kept,90年代流行曲,Taiwan當然娛樂 / YouTube
Pop 90s,songlists/pop-90s.json,POP90-516,催眠,fmdyzjeRq14,1029660,2026-05-26,kept,90年代流行曲,動力火車 Power Station官方專屬頻道 / YouTube
Pop 90s,songlists/pop-90s.json,POP90-517,墮落天使,eRulaJ_5YLM,954692,2026-05-26,kept,90年代流行曲,ㄟ 我白啦 / YouTube
Pop 90s,songlists/pop-90s.json,POP90-518,掉了,EtJ1xX0qJIM,949853,2026-05-26,kept,90年代流行曲,华语歌曲频道 / YouTube
Pop 90s,songlists/pop-90s.json,POP90-519,外套,n0dLHlSLF2Y,904515,2026-05-26,kept,90年代流行曲,华语歌曲频道 / YouTube
Pop 90s,songlists/pop-90s.json,POP90-520,狠不下心,BYLxEudW7ls,866003,2026-05-26,kept,90年代流行曲,滾石唱片 ROCK RECORDS / YouTube
Pop 90s,songlists/pop-90s.json,POP90-521,哭過的天空,Zt9R71jilEM,838914,2026-05-26,kept,90年代流行曲,滾石唱片 ROCK RECORDS / YouTube
Pop 90s,songlists/pop-90s.json,POP90-522,走樣,AmbrP8krbFg,838840,2026-05-26,kept,90年代流行曲,Timeless Music / YouTube
Pop 90s,songlists/pop-90s.json,POP90-523,百年孤寂,upkaTcir1m8,815585,2026-05-26,kept,90年代流行曲,FayeWongVEVO / YouTube
Pop 90s,songlists/pop-90s.json,POP90-524,五月的雪,pYkYeHRGgRU,802101,2026-05-26,kept,90年代流行曲,chrisyuVEVO / YouTube
Pop 90s,songlists/pop-90s.json,POP90-525,沒有妳在愛不像愛,mqnctLQc60k,794992,2026-05-26,kept,90年代流行曲,華研國際 / YouTube
Pop 90s,songlists/pop-90s.json,POP90-526,鋒味,lHVWejwibZ8,779693,2026-05-26,kept,90年代流行曲,英皇娛樂 eeg music / YouTube
Pop 90s,songlists/pop-90s.json,POP90-527,錯過你錯過愛,8Fl2HhOKIKA,772926,2026-05-26,kept,90年代流行曲,潮水音樂 Tide Music / YouTube
Pop 90s,songlists/pop-90s.json,POP90-528,那夜,3uPA_H0tHpY,744523,2026-05-26,kept,90年代流行曲,滾石唱片 ROCK RECORDS / YouTube
Pop 90s,songlists/pop-90s.json,POP90-529,好不容易遇見愛,AQNkirnW5T8,737310,2026-05-26,kept,90年代流行曲,寰亞音樂 Media Asia Music Official Channel / YouTube
Pop 90s,songlists/pop-90s.json,POP90-530,詩人的眼淚,5y0ejWscT9E,731081,2026-05-26,kept,90年代流行曲,chrisyuVEVO / YouTube
Pop 90s,songlists/pop-90s.json,POP90-531,受困思念,hNqNdo7nViI,713404,2026-05-26,kept,90年代流行曲,YiuHongMingVEVO / YouTube
Pop 90s,songlists/pop-90s.json,POP90-532,白鷺鷥,kmWtm2yAsqQ,700492,2026-05-26,kept,90年代流行曲,阿偉 / YouTube
Pop 90s,songlists/pop-90s.json,POP90-533,淚光閃閃,9JE9JkeBiIU,669998,2026-05-26,kept,90年代流行曲,滾石唱片 ROCK RECORDS / YouTube
Pop 90s,songlists/pop-90s.json,POP90-534,無別,0CBNC8h0EMA,663882,2026-05-26,kept,90年代流行曲,潮水音樂 Tide Music / YouTube
Pop 90s,songlists/pop-90s.json,POP90-535,無名的情歌,laCb-3FS2g0,651365,2026-05-26,kept,90年代流行曲,滾石唱片 ROCK RECORDS / YouTube
Pop 90s,songlists/pop-90s.json,POP90-536,境外,3BRaBBhOp7w,631949,2026-05-26,kept,90年代流行曲,UNIVERSAL MUSIC TAIWAN 環球音樂 / YouTube
Pop 90s,songlists/pop-90s.json,POP90-537,遊戲人間,Xv5tdG8kiCo,618723,2026-05-26,kept,90年代流行曲,Timeless Music / YouTube
Pop 90s,songlists/pop-90s.json,POP90-538,无情的情书,pyabsRhdTek,615736,2026-05-26,kept,90年代流行曲,jaeda / YouTube
Pop 90s,songlists/pop-90s.json,POP90-539,天下大亂,EQILszh198g,615622,2026-05-26,kept,90年代流行曲,滾石唱片 ROCK RECORDS / YouTube
Pop 90s,songlists/pop-90s.json,POP90-540,我若不曾愛過你,YThiRL6Vm_c,591165,2026-05-26,kept,90年代流行曲,華研國際 / YouTube
Pop 90s,songlists/pop-90s.json,POP90-541,不在乎他,ZC-P_oP4Pbg,549600,2026-05-26,kept,90年代流行曲,豐華唱片ForwardMusic / YouTube
Pop 90s,songlists/pop-90s.json,POP90-542,除了愛你還能愛誰,nduDVxaT_gM,529275,2026-05-26,kept,90年代流行曲,华语歌曲频道 / YouTube
Pop 90s,songlists/pop-90s.json,POP90-543,這世的名字,6LmFPk-FJQU,527091,2026-05-26,kept,90年代流行曲,潮水音樂 Tide Music / YouTube
Pop 90s,songlists/pop-90s.json,POP90-544,屬於我們的故事,BAUSVk-GcN4,509893,2026-05-26,kept,90年代流行曲,潮水音樂 Tide Music / YouTube
Pop 90s,songlists/pop-90s.json,POP90-545,Fancy,eJ55qdo1LPY,508700,2026-05-26,kept,90年代流行曲,CoCo Lee李玟 / YouTube
Pop 90s,songlists/pop-90s.json,POP90-546,只想遇到一個人,fVpgNCIygpI,504836,2026-05-26,kept,90年代流行曲,Timeless Music / YouTube
Pop 90s,songlists/pop-90s.json,POP90-547,改變所有的錯,YmyoKG85fJU,501090,2026-05-26,kept,90年代流行曲,福茂唱片 / YouTube
Pop 90s,songlists/pop-90s.json,POP90-548,受罪,gNQgBoCDXL0,472319,2026-05-26,removed-under-500k,90年代流行曲,潮水音樂 Tide Music / YouTube
Pop 90s,songlists/pop-90s.json,POP90-549,完整,6XJOAPgBepg,469263,2026-05-26,removed-under-500k,90年代流行曲,cocoleeVEVO / YouTube
Pop 90s,songlists/pop-90s.json,POP90-550,愛不留,2f1CF07z7Cw,460525,2026-05-26,removed-under-500k,90年代流行曲,潮水音樂 Tide Music / YouTube
Pop 90s,songlists/pop-90s.json,POP90-551,你手中的清水燒,Hb2dD-OSpws,458164,2026-05-26,removed-under-500k,90年代流行曲,豐華唱片ForwardMusic / YouTube
Pop 90s,songlists/pop-90s.json,POP90-552,滿足,2ycw7yiTKfk,445207,2026-05-26,removed-under-500k,90年代流行曲,滾石唱片 ROCK RECORDS / YouTube
Pop 90s,songlists/pop-90s.json,POP90-553,愛的進行式,HA2DCspcDLY,439778,2026-05-26,removed-under-500k,90年代流行曲,陳淑樺 Sarah Chen / YouTube
Pop 90s,songlists/pop-90s.json,POP90-554,老實情歌,gKiwbztc6Hg,428416,2026-05-26,removed-under-500k,90年代流行曲,福茂唱片 / YouTube
Pop 90s,songlists/pop-90s.json,POP90-555,慢火車,GWD3oizVZwg,425645,2026-05-26,removed-under-500k,90年代流行曲,滾石唱片 ROCK RECORDS / YouTube
Pop 90s,songlists/pop-90s.json,POP90-556,不想說再見,f-C8Ad0g45w,422160,2026-05-26,removed-under-500k,90年代流行曲,Geniehigh Channel / YouTube
Pop 90s,songlists/pop-90s.json,POP90-557,常來,58FEK-XI1jY,413881,2026-05-26,removed-under-500k,90年代流行曲,相信音樂BinMusic / YouTube
Pop 90s,songlists/pop-90s.json,POP90-558,趁早,CjDKdNjokgM,412738,2026-05-26,removed-under-500k,90年代流行曲,Music-Tube / YouTube
Pop 90s,songlists/pop-90s.json,POP90-559,戀戀真言,ob-Ys4w8ESs,388058,2026-05-26,removed-under-500k,90年代流行曲,滾石唱片 ROCK RECORDS / YouTube
Pop 90s,songlists/pop-90s.json,POP90-560,我知道我已經長大,g_gjXR4_mTU,371399,2026-05-26,removed-under-500k,90年代流行曲,福茂唱片 / YouTube
Pop 90s,songlists/pop-90s.json,POP90-561,薇多莉亞的秘密,JdL48blBfik,369818,2026-05-26,removed-under-500k,90年代流行曲,华语歌曲频道 / YouTube
Pop 90s,songlists/pop-90s.json,POP90-562,許願之丘,Sz5CeXYMwqM,367953,2026-05-26,removed-under-500k,90年代流行曲,Taiwan當然娛樂 / YouTube
Pop 90s,songlists/pop-90s.json,POP90-563,我终于失去了你,7fU07K27EoY,355939,2026-05-26,removed-under-500k,90年代流行曲,GM Lyric / YouTube
Pop 90s,songlists/pop-90s.json,POP90-564,同一首歌博愛情,mpNZvCloKpM,340917,2026-05-26,removed-under-500k,90年代流行曲,eileen580718 / YouTube
Pop 90s,songlists/pop-90s.json,POP90-565,防空洞,Chss6lhAwjM,340399,2026-05-26,removed-under-500k,90年代流行曲,滾石唱片 ROCK RECORDS / YouTube
Pop 90s,songlists/pop-90s.json,POP90-566,多情種,FaBaBzjPq6A,323372,2026-05-26,removed-under-500k,90年代流行曲,Timeless Music / YouTube
Pop 90s,songlists/pop-90s.json,POP90-567,且行且珍惜,7-MkxZ6Z8mU,316115,2026-05-26,removed-under-500k,90年代流行曲,潮水音樂 Tide Music / YouTube
Pop 90s,songlists/pop-90s.json,POP90-568,認錯,UStxPtVvl1o,313074,2026-05-26,removed-under-500k,90年代流行曲,Timeless Music / YouTube
Pop 90s,songlists/pop-90s.json,POP90-569,愛要怎麼說出口,KKfQHP8sT20,311318,2026-05-26,removed-under-500k,90年代流行曲,好看娛樂 / YouTube
Pop 90s,songlists/pop-90s.json,POP90-570,心照不宣,-08wBGmEHV8,311037,2026-05-26,removed-under-500k,90年代流行曲,東亞唱片 East Asia Music Official Channel / YouTube
Pop 90s,songlists/pop-90s.json,POP90-571,情難自制,pkvuF-qSYRo,308822,2026-05-26,removed-under-500k,90年代流行曲,CassPhangVEVO / YouTube
Pop 90s,songlists/pop-90s.json,POP90-572,見壞就收,lfiMoj_O_KE,308678,2026-05-26,removed-under-500k,90年代流行曲,潮水音樂 Tide Music / YouTube
Pop 90s,songlists/pop-90s.json,POP90-573,年紀大了一點,sYPng9AzZts,307863,2026-05-26,removed-under-500k,90年代流行曲,豐華唱片ForwardMusic / YouTube
Pop 90s,songlists/pop-90s.json,POP90-574,信天翁,B50VcJZvTI0,304304,2026-05-26,removed-under-500k,90年代流行曲,Andy Hui 許志安 / YouTube
Pop 90s,songlists/pop-90s.json,POP90-575,戀人啊,JznhxfkjNhM,303761,2026-05-26,removed-under-500k,90年代流行曲,滾石唱片 ROCK RECORDS / YouTube
Pop 90s,songlists/pop-90s.json,POP90-576,慣了吧,jLja_noSFrQ,303586,2026-05-26,removed-under-500k,90年代流行曲,寰亞音樂 Media Asia Music Official Channel / YouTube
Pop 90s,songlists/pop-90s.json,POP90-577,孤獨的夜哨,_urt2W0MkgA,302862,2026-05-26,removed-under-500k,90年代流行曲,滾石唱片 ROCK RECORDS / YouTube
Pop 90s,songlists/pop-90s.json,POP90-578,認真的眼睛,r0of9ZFd0Jc,299916,2026-05-26,removed-under-500k,90年代流行曲,張清芳 Stella / YouTube
Pop 90s,songlists/pop-90s.json,POP90-579,我愛,7THRv8iu3_M,295090,2026-05-26,removed-under-500k,90年代流行曲,LeonLaiVEVO / YouTube
Pop 90s,songlists/pop-90s.json,POP90-580,相見恨晚,_1Jb-daDjfw,289901,2026-05-26,removed-under-500k,90年代流行曲,滾石唱片 ROCK RECORDS / YouTube
Pop 90s,songlists/pop-90s.json,POP90-581,斗零踭,3s8rmbeSwR0,288420,2026-05-26,removed-under-500k,90年代流行曲,miriamyeung0203 / YouTube
Pop 90s,songlists/pop-90s.json,POP90-582,橫濱別戀,TmWZNZwdllw,283785,2026-05-26,removed-under-500k,90年代流行曲,Amanda Lee - Topic / YouTube
Pop 90s,songlists/pop-90s.json,POP90-583,永遠有多遠,WUmN_Ly-EVo,283080,2026-05-26,removed-under-500k,90年代流行曲,中天電視 / YouTube
Pop 90s,songlists/pop-90s.json,POP90-584,親愛的小孩,QSPOEfb1u8o,281739,2026-05-26,removed-under-500k,90年代流行曲,潮水音樂 Tide Music / YouTube
Pop 90s,songlists/pop-90s.json,POP90-585,嫁妝,aXO1_1PEzRw,279049,2026-05-26,removed-under-500k,90年代流行曲,KellyChenVEVO / YouTube
Pop 90s,songlists/pop-90s.json,POP90-586,灰飛煙滅,bDoJEb_OyYw,277492,2026-05-26,removed-under-500k,90年代流行曲,killzone0809 / YouTube
Pop 90s,songlists/pop-90s.json,POP90-587,擁抱,OEVoblQL9ps,277417,2026-05-26,removed-under-500k,90年代流行曲,Timeless Music Hong Kong天碟 / YouTube
Pop 90s,songlists/pop-90s.json,POP90-588,易來易碎,z91uIMts_2c,273638,2026-05-26,removed-under-500k,90年代流行曲,ecmusicvideo / YouTube
Pop 90s,songlists/pop-90s.json,POP90-589,忘不了,HzDFo2G_ycM,270148,2026-05-26,removed-under-500k,90年代流行曲,東亞唱片 East Asia Music Official Channel / YouTube
Pop 90s,songlists/pop-90s.json,POP90-590,水瓶座,kHU_8D-vpvE,265932,2026-05-26,removed-under-500k,90年代流行曲,kkl824 / YouTube
Pop 90s,songlists/pop-90s.json,POP90-591,不確定,PZOJxl4X6SE,265860,2026-05-26,removed-under-500k,90年代流行曲,滾石唱片 ROCK RECORDS / YouTube
Pop 90s,songlists/pop-90s.json,POP90-592,飛越迷霧,0zrh3IwCSYs,263557,2026-05-26,removed-under-500k,90年代流行曲,滾石唱片 ROCK RECORDS / YouTube
Pop 90s,songlists/pop-90s.json,POP90-593,親親表哥,ODEvcz70HnE,262350,2026-05-26,removed-under-500k,90年代流行曲,HKKMV / YouTube
Pop 90s,songlists/pop-90s.json,POP90-594,背叛,G4pAzD7VJRs,258328,2026-05-26,removed-under-500k,90年代流行曲,Timeless Music Hong Kong天碟 / YouTube
Pop 90s,songlists/pop-90s.json,POP90-595,我們都是好人,W6T75oJVy3k,256590,2026-05-26,removed-under-500k,90年代流行曲,滾石唱片 ROCK RECORDS / YouTube
Pop 90s,songlists/pop-90s.json,POP90-596,愛情,Ygr1OOh8hvI,6712971,2026-05-26,kept,90年代流行曲,滾石唱片 ROCK RECORDS / YouTube
Pop 90s,songlists/pop-90s.json,POP90-597,第九夜,UtnntcDrR6E,4185238,2026-05-26,kept,90年代流行曲,cocoleeVEVO / YouTube
Pop 90s,songlists/pop-90s.json,POP90-598,哈你歌,372NmpUeDG8,2413716,2026-05-26,kept,90年代流行曲,福茂唱片 / YouTube
Pop 90s,songlists/pop-90s.json,POP90-599,曲終人散,OfpWrDHPAcA,52998580,2026-05-26,kept,90年代流行曲,Timeless Music / YouTube
Pop 90s,songlists/pop-90s.json,POP90-600,我很好騙,3HsIaWuNeX0,43119101,2026-05-26,kept,90年代流行曲,動力火車 Power Station官方專屬頻道 / YouTube
Pop 90s,songlists/pop-90s.json,POP90-601,口是心非,QAmsnJQEb20,35347407,2026-05-26,kept,90年代流行曲,豐華唱片ForwardMusic / YouTube
Pop 90s,songlists/pop-90s.json,POP90-602,月亮惹的禍,1YJ8wSH6HBU,29487582,2026-05-26,kept,90年代流行曲,Timeless Music / YouTube
Pop 90s,songlists/pop-90s.json,POP90-603,如果我們不曾相遇,eZMH6Mo0f9A,46285736,2026-05-26,kept,90年代流行曲,相信音樂BinMusic / YouTube
Pop 90s,songlists/pop-90s.json,POP90-604,給你們,0OSXMi9_WBQ,28201530,2026-05-26,kept,90年代流行曲,Timeless Music / YouTube
Pop 90s,songlists/pop-90s.json,POP90-605,雙手插口袋,BE2oPBr76Ck,16832713,2026-05-26,kept,90年代流行曲,滾石唱片 ROCK RECORDS / YouTube
Pop 90s,songlists/pop-90s.json,POP90-606,自由,_dsyAjwf620,9059958,2026-05-26,kept,90年代流行曲,滾石唱片 ROCK RECORDS / YouTube
Pop 90s,songlists/pop-90s.json,POP90-607,單身情歌,QOPTkoK0MXI,88692838,2026-05-26,kept,90年代流行曲,TerryLinVEVO / YouTube
Pop 90s,songlists/pop-90s.json,POP90-608,原來你什麼都不要,xrUyk79DLbg,48387060,2026-05-26,kept,90年代流行曲,Timeless Music / YouTube
Pop 90s,songlists/pop-90s.json,POP90-609,新不了情,Dw-R85AcN_w,30280994,2026-05-26,kept,90年代流行曲,滾石唱片 ROCK RECORDS / YouTube
Pop 90s,songlists/pop-90s.json,POP90-610,你看你看月亮的臉,yYwn8k502qY,27460636,2026-05-26,kept,90年代流行曲,MavisHsuVEVO / YouTube
Pop 90s,songlists/pop-90s.json,POP90-611,用心良苦,JdDPVmfETy8,13927601,2026-05-26,kept,90年代流行曲,Timeless Music / YouTube
Pop 90s,songlists/pop-90s.json,POP90-612,檸檬樹,HfdEk5RbzrA,6139595,2026-05-26,kept,90年代流行曲,滾石唱片 ROCK RECORDS / YouTube
Pop 90s,songlists/pop-90s.json,POP90-613,我的未來不是夢,LjuFpidhiLo,5941209,2026-05-26,kept,90年代流行曲,lyric song / YouTube
Pop 90s,songlists/pop-90s.json,POP90-614,愛如潮水,FrDFcxwUmQk,4979670,2026-05-26,kept,90年代流行曲,roylimusic / YouTube
Pop 90s,songlists/pop-90s.json,POP90-615,我悄悄蒙上你的眼睛,PqW1TGzdpn4,3152005,2026-05-26,kept,90年代流行曲,Ming Chun Kao - Topic / YouTube
Pop 90s,songlists/pop-90s.json,POP90-616,冬季到台北來看雨,Fq-xYsj7kyw,2753949,2026-05-26,kept,90年代流行曲,S Ch / YouTube
Pop 90s,songlists/pop-90s.json,POP90-617,蒙娜麗莎的眼淚,iFiLf9TDVeU,2398045,2026-05-26,kept,90年代流行曲,Eyon Soh / YouTube
Pop 90s,songlists/pop-90s.json,POP90-618,最浪漫的事,Pwmc2ja3bEA,2164068,2026-05-26,kept,90年代流行曲,滾石唱片 ROCK RECORDS / YouTube
Pop 90s,songlists/pop-90s.json,POP90-619,戀愛症候群,1zC5nPNWxBI,1627738,2026-05-26,kept,90年代流行曲,junctionv / YouTube
Pop 90s,songlists/pop-90s.json,POP90-620,風中有朵雨做的雲,huHJE5ZXQ5Y,1229344,2026-05-26,kept,90年代流行曲,S Ch / YouTube
Pop 90s,songlists/pop-90s.json,POP90-621,千年等一回,NKPjVgTt48Q,1163870,2026-05-26,kept,90年代流行曲,Alicia Kao - Topic / YouTube
Pop 90s,songlists/pop-90s.json,POP90-622,無情的情書,0BNu4osFpF0,916505,2026-05-26,kept,90年代流行曲,华语歌曲频道 / YouTube
Pop 90s,songlists/pop-90s.json,POP90-623,派對動物,Fn7NLWHJw4s,87895802,2026-06-02,kept,90年代流行曲,相信音樂BinMusic / YouTube
Pop 90s,songlists/pop-90s.json,POP90-624,過火,SrD36rogSjc,52959071,2026-06-02,kept,90年代流行曲,潮水音樂 Tide Music / YouTube
Pop 90s,songlists/pop-90s.json,POP90-625,有沒有一首歌會讓你想起我,p9lNpWa4OXU,32089684,2026-06-02,kept,90年代流行曲,滾石唱片 ROCK RECORDS / YouTube
Pop 90s,songlists/pop-90s.json,POP90-626,溫柔,mtAc_bMYBsM,29434398,2026-06-02,kept,90年代流行曲,相信音樂BinMusic / YouTube
Pop 90s,songlists/pop-90s.json,POP90-627,突然好想你,GtDRcXtDg-4,28969440,2026-06-02,kept,90年代流行曲,相信音樂BinMusic / YouTube
Pop 90s,songlists/pop-90s.json,POP90-628,小薇,0mJVGdaGz6c,22693292,2026-06-02,kept,90年代流行曲,滾石唱片 ROCK RECORDS / YouTube
Pop 90s,songlists/pop-90s.json,POP90-629,無條件,jzGaS5kWj0U,21547193,2026-06-02,kept,90年代流行曲,universalmusichk / YouTube
Pop 90s,songlists/pop-90s.json,POP90-630,其實不想走,JelK9gLVMVM,21277260,2026-06-02,kept,90年代流行曲,滾石唱片 ROCK RECORDS / YouTube
Pop 90s,songlists/pop-90s.json,POP90-631,水手,P1JUS4emI2s,21117427,2026-06-02,kept,90年代流行曲,Timeless Music / YouTube
Pop 90s,songlists/pop-90s.json,POP90-632,你不是真正的快樂,hr8jWDyb1jg,21040798,2026-06-02,kept,90年代流行曲,相信音樂BinMusic / YouTube
Pop 90s,songlists/pop-90s.json,POP90-633,勇敢,3wrto8oJu5A,19513356,2026-06-02,kept,90年代流行曲,相信音樂BinMusic / YouTube
Pop 90s,songlists/pop-90s.json,POP90-634,忽然之間,h1tNw1aFzSM,18042033,2026-06-02,kept,90年代流行曲,滾石唱片 ROCK RECORDS / YouTube
Pop 90s,songlists/pop-90s.json,POP90-635,孤單北半球,_C-MwjH6laM,17463814,2026-06-02,kept,90年代流行曲,滾石唱片 ROCK RECORDS / YouTube
Pop 90s,songlists/pop-90s.json,POP90-636,志明與春嬌,5VUUGZ1-nlY,16773895,2026-06-02,kept,90年代流行曲,滾石唱片 ROCK RECORDS / YouTube
Pop 90s,songlists/pop-90s.json,POP90-637,当,XQl8NJceqjY,16563975,2026-06-02,kept,90年代流行曲,dumbbirdvip / YouTube
Pop 90s,songlists/pop-90s.json,POP90-638,領悟,RhfUGpEp9to,16519171,2026-06-02,kept,90年代流行曲,滾石唱片 ROCK RECORDS / YouTube
Pop 90s,songlists/pop-90s.json,POP90-639,聽海,aH_x4i6UdNY,16318104,2026-06-02,kept,90年代流行曲,NRenio 雲之鳥 / YouTube
Pop 90s,songlists/pop-90s.json,POP90-640,世界第一等,jPu3u8kfxCw,14904804,2026-06-02,kept,90年代流行曲,滾石唱片 ROCK RECORDS / YouTube
Pop 90s,songlists/pop-90s.json,POP90-641,怎麼辦,sCHoPgrnytE,13849008,2026-06-02,kept,90年代流行曲,Namewee / YouTube
Pop 90s,songlists/pop-90s.json,POP90-642,洗衣機,BfwbO0f1R8o,13794912,2026-06-02,kept,90年代流行曲,相信音樂BinMusic / YouTube
Pop 90s,songlists/pop-90s.json,POP90-643,情非得已,CS-oP-XAzmU,13662435,2026-06-02,kept,90年代流行曲,黃紹天 / YouTube
Pop 90s,songlists/pop-90s.json,POP90-644,諾言,9ksyHEWvtUo,13591898,2026-06-02,kept,90年代流行曲,Linda Lee - Topic / YouTube
Pop 90s,songlists/pop-90s.json,POP90-645,楊培安,xl7enIAM4Go,12956308,2026-06-02,kept,90年代流行曲,Depuislejour86 / YouTube
Pop 90s,songlists/pop-90s.json,POP90-646,人間,US54FpncMz4,11495797,2026-06-02,kept,90年代流行曲,Faye Wong Official Channel 王菲 官方頻道 / YouTube
Pop 90s,songlists/pop-90s.json,POP90-647,誰來剪月光,n6VP0Wm3EMo,11008250,2026-06-02,kept,90年代流行曲,universalmusichk / YouTube
Pop 90s,songlists/pop-90s.json,POP90-648,沙龍,fo4zyjWTaUc,10893807,2026-06-02,kept,90年代流行曲,universalmusichk / YouTube
Pop 90s,songlists/pop-90s.json,POP90-649,孤枕難眠,2IlOSCuLVtE,10753367,2026-06-02,kept,90年代流行曲,滾石唱片 ROCK RECORDS / YouTube
Pop 90s,songlists/pop-90s.json,POP90-650,雨蝶,LcrKHcAhVTg,10640328,2026-06-02,kept,90年代流行曲,Linda Lee - Topic / YouTube
Pop 90s,songlists/pop-90s.json,POP90-651,彩虹,fYrBo8XEssE,10305857,2026-06-02,kept,90年代流行曲,華研國際 / YouTube
Pop 90s,songlists/pop-90s.json,POP90-652,必殺技,dTSQZRFaNTI,10000450,2026-06-02,kept,90年代流行曲,Timeless Music Hong Kong天碟 / YouTube
Pop 90s,songlists/pop-90s.json,POP90-653,剪愛,ZH9k3643BH8,8740466,2026-06-02,kept,90年代流行曲,豐華唱片ForwardMusic / YouTube
Pop 90s,songlists/pop-90s.json,POP90-654,哭不出來,TN4zgS5gEzw,8683214,2026-06-02,kept,90年代流行曲,豐華唱片ForwardMusic / YouTube
Pop 90s,songlists/pop-90s.json,POP90-655,可惜我是水瓶座,Fz0erNNpTGQ,8338472,2026-06-02,kept,90年代流行曲,MiriamYeungVEVO / YouTube
Pop 90s,songlists/pop-90s.json,POP90-656,艾琳娜,miZmIfMn5-U,8156373,2026-06-02,kept,90年代流行曲,華研國際 / YouTube
Pop 90s,songlists/pop-90s.json,POP90-657,夜訪吸血鬼,03-ge__OaIU,7781607,2026-06-02,kept,90年代流行曲,相信音樂BinMusic / YouTube
Pop 90s,songlists/pop-90s.json,POP90-658,微風細雨,0D_bLMCourw,7773716,2026-06-02,kept,90年代流行曲,Music13ilove • 宇宙和諧  世界一家  • / YouTube
Pop 90s,songlists/pop-90s.json,POP90-659,壞的好人,CjmkeLlJokY,7027378,2026-06-02,kept,90年代流行曲,聲動娛樂 Mei Entertainment / YouTube
Pop 90s,songlists/pop-90s.json,POP90-660,太委屈,gKu8G6av7Ac,7012663,2026-06-02,kept,90年代流行曲,豐華唱片ForwardMusic / YouTube
Pop 90s,songlists/pop-90s.json,POP90-661,戀上另一個人,hMQQwevozfw,6856809,2026-06-02,kept,90年代流行曲,chrisyuVEVO / YouTube
Pop 90s,songlists/pop-90s.json,POP90-662,我曾用心愛著你,xb5J0PKadJI,6535252,2026-06-02,kept,90年代流行曲,Pan Mei Chen - Topic / YouTube
Pop 90s,songlists/pop-90s.json,POP90-663,十個男人,ickj4DT5S3U,6466434,2026-06-02,kept,90年代流行曲,Namewee / YouTube
Pop 90s,songlists/pop-90s.json,POP90-664,真實,gA0TCcCtos8,6351089,2026-06-02,kept,90年代流行曲,Timeless Music / YouTube
Pop 90s,songlists/pop-90s.json,POP90-665,萍聚,h8zxA5xtKS0,6339206,2026-06-02,kept,90年代流行曲,歲月如歌 / YouTube
Pop 90s,songlists/pop-90s.json,POP90-666,永遠不回頭,F4QTCdLvE4k,6131654,2026-06-02,kept,90年代流行曲,TTV 台視官方頻道 TTV Official Channel / YouTube
Pop 90s,songlists/pop-90s.json,POP90-667,雪人,2B7U5WkhOiE,6086329,2026-06-02,kept,90年代流行曲,福茂唱片 / YouTube
Pop 90s,songlists/pop-90s.json,POP90-668,解脫,jUMdoUV7VL4,6033429,2026-06-02,kept,90年代流行曲,豐華唱片ForwardMusic / YouTube
Pop 90s,songlists/pop-90s.json,POP90-669,愛我的人和我愛的人,mqXmvmtICOc,6014793,2026-06-02,kept,90年代流行曲,wsan0614 / YouTube
Pop 90s,songlists/pop-90s.json,POP90-670,莫忘初衷,GXCqD01A8Ak,5866162,2026-06-02,kept,90年代流行曲,華研國際 / YouTube
Pop 90s,songlists/pop-90s.json,POP90-671,盛夏的果實,N2d9vPacdmw,5823919,2026-06-02,kept,90年代流行曲,滾石唱片 ROCK RECORDS / YouTube
Pop 90s,songlists/pop-90s.json,POP90-672,小宇,6bi587lgWhM,5789648,2026-06-02,kept,90年代流行曲,滾石唱片 ROCK RECORDS / YouTube
Pop 90s,songlists/pop-90s.json,POP90-673,讓每個人都心碎,H_MWLl44a7w,5734283,2026-06-02,kept,90年代流行曲,豐華唱片ForwardMusic / YouTube
Pop 90s,songlists/pop-90s.json,POP90-674,七情六慾,8x-xdQMnwSc,5317221,2026-06-02,kept,90年代流行曲,Linda Lee - Topic / YouTube
Pop 90s,songlists/pop-90s.json,POP90-675,鴨子,d2T_Vy29fF0,5266660,2026-06-02,kept,90年代流行曲,滾石唱片 ROCK RECORDS / YouTube
Pop 90s,songlists/pop-90s.json,POP90-676,返去故鄉,QvE5BQSYAPs,5220258,2026-06-02,kept,90年代流行曲,滾石唱片 ROCK RECORDS / YouTube
Pop 90s,songlists/pop-90s.json,POP90-677,沒離開過,7G8SeUL6O4c,5159780,2026-06-02,kept,90年代流行曲,MeinaCyriio / YouTube
Pop 90s,songlists/pop-90s.json,POP90-678,衝動,sDSg-dL8Mds,5099703,2026-06-02,kept,90年代流行曲,華研國際 / YouTube
Pop 90s,songlists/pop-90s.json,POP90-679,相見太晚,rLzcwDhTKtU,5015902,2026-06-02,kept,90年代流行曲,滾石唱片 ROCK RECORDS / YouTube
Pop 90s,songlists/pop-90s.json,POP90-680,孟婆湯,CkH-0dU3AJ4,4444143,2026-06-02,kept,90年代流行曲,chrisyuVEVO / YouTube
Pop 90s,songlists/pop-90s.json,POP90-681,女人心事,B_zWdEFKNmQ,4379446,2026-06-02,kept,90年代流行曲,hh2129 / YouTube
Pop 90s,songlists/pop-90s.json,POP90-682,那就這樣吧,vWPw5lJ80uE,4322350,2026-06-02,kept,90年代流行曲,Power Station - Topic / YouTube
Pop 90s,songlists/pop-90s.json,POP90-683,愛情的模樣,8Zr6QKytnmU,4237747,2026-06-02,kept,90年代流行曲,滾石唱片 ROCK RECORDS / YouTube
Pop 90s,songlists/pop-90s.json,POP90-684,真真假假,gLm1v2YOKVw,4183335,2026-06-02,kept,90年代流行曲,Timeless Music Hong Kong天碟 / YouTube
Pop 90s,songlists/pop-90s.json,POP90-685,心有獨鍾,s5qC6x_5UuQ,4179231,2026-06-02,kept,90年代流行曲,apokong / YouTube
Pop 90s,songlists/pop-90s.json,POP90-686,三天三夜,NFHb0OwmE-0,4136293,2026-06-02,kept,90年代流行曲,豐華唱片ForwardMusic / YouTube
Pop 90s,songlists/pop-90s.json,POP90-687,上上籤,hvaEs-HRnAk,4083080,2026-06-02,kept,90年代流行曲,滾石唱片 ROCK RECORDS / YouTube
Pop 90s,songlists/pop-90s.json,POP90-688,海浪,FgimJ9M63Uo,4065030,2026-06-02,kept,90年代流行曲,滾石唱片 ROCK RECORDS / YouTube
Pop 90s,songlists/pop-90s.json,POP90-689,你的樣子,tqolealpkXg,3962143,2026-06-02,kept,90年代流行曲,歲月如歌 / YouTube
Pop 90s,songlists/pop-90s.json,POP90-690,跟自己合唱,iRMiHHC_kjI,3657340,2026-06-02,kept,90年代流行曲,華研國際 / YouTube
Pop 90s,songlists/pop-90s.json,POP90-691,氧氣,oS5740MN4t0,3643196,2026-06-02,kept,90年代流行曲,福茂唱片 / YouTube
Pop 90s,songlists/pop-90s.json,POP90-692,難唸的經,93OZm8Z2S8o,3541836,2026-06-02,kept,90年代流行曲,滾石唱片 ROCK RECORDS / YouTube
Pop 90s,songlists/pop-90s.json,POP90-693,人質,K5rjNK_De-I,3436656,2026-06-02,kept,90年代流行曲,华语歌曲频道 / YouTube
Pop 90s,songlists/pop-90s.json,POP90-694,如果可以再見你,B-wgofRsmSY,3424807,2026-06-02,kept,90年代流行曲,LeonLaiVEVO / YouTube
Pop 90s,songlists/pop-90s.json,POP90-695,愈夜愈有機,egj-Ar5VeD0,3357698,2026-06-02,kept,90年代流行曲,LeonLaiVEVO / YouTube
Pop 90s,songlists/pop-90s.json,POP90-696,風中的承諾,L_p7xyg2tTI,3194311,2026-06-02,kept,90年代流行曲,不凡的改变 / YouTube
Pop 90s,songlists/pop-90s.json,POP90-697,過完冬季,gKwq1hzxYcY,3031666,2026-06-02,kept,90年代流行曲,cocoleeVEVO / YouTube
Pop 90s,songlists/pop-90s.json,POP90-698,洋蔥,kS3XTd7X40A,3014694,2026-06-02,kept,90年代流行曲,白鬼狐 / YouTube
Pop 90s,songlists/pop-90s.json,POP90-699,夢醒時分,HenAli59n6A,3006816,2026-06-02,kept,90年代流行曲,滾石唱片 ROCK RECORDS / YouTube
Pop 90s,songlists/pop-90s.json,POP90-700,就說給我聽,p_6BZ2Esj3I,2975386,2026-06-02,kept,90年代流行曲,相信音樂BinMusic / YouTube
Pop 90s,songlists/pop-90s.json,POP90-701,藍天,3vCwXkvZVl8,2963526,2026-06-02,kept,90年代流行曲,豐華唱片ForwardMusic / YouTube
Pop 90s,songlists/pop-90s.json,POP90-702,就值得了愛,ibG92StQm-U,2952925,2026-06-02,kept,90年代流行曲,滾石唱片 ROCK RECORDS / YouTube
Pop 90s,songlists/pop-90s.json,POP90-703,如煙,uzVdsZbYibQ,2944544,2026-06-02,kept,90年代流行曲,相信音樂BinMusic / YouTube
Pop 90s,songlists/pop-90s.json,POP90-704,大國民,9Lv394CKRZE,2937769,2026-06-02,kept,90年代流行曲,Timeless Music / YouTube
Pop 90s,songlists/pop-90s.json,POP90-705,認識你真好,LrD6pI3-IZM,2888505,2026-06-02,kept,90年代流行曲,EricSuenVEVO / YouTube
Pop 90s,songlists/pop-90s.json,POP90-706,戒斷,lPnDKOKVECI,2866302,2026-06-02,kept,90年代流行曲,聲動娛樂 Mei Entertainment / YouTube
Pop 90s,songlists/pop-90s.json,POP90-707,對峙,ffV6pfErPxg,2865667,2026-06-02,kept,90年代流行曲,謝霆鋒 Nicholas Tse / YouTube
Pop 90s,songlists/pop-90s.json,POP90-708,男人的好,RhqEOPDqaOw,2851995,2026-06-02,kept,90年代流行曲,Timeless Music / YouTube
Pop 90s,songlists/pop-90s.json,POP90-709,追夢人,87aii3_lXX0,2846820,2026-06-02,kept,90年代流行曲,YingyMcflingy / YouTube
Pop 90s,songlists/pop-90s.json,POP90-710,最後一次,QchydtVN-xo,2833576,2026-06-02,kept,90年代流行曲,Timeless Music Hong Kong天碟 / YouTube
Pop 90s,songlists/pop-90s.json,POP90-711,心肝寶貝,cBDyHSwjyuE,2817509,2026-06-02,kept,90年代流行曲,東亞唱片 East Asia Music Official Channel / YouTube
Pop 90s,songlists/pop-90s.json,POP90-712,勇氣,FgVQFVhk2pY,2806263,2026-06-02,kept,90年代流行曲,滾石唱片 ROCK RECORDS / YouTube
Pop 90s,songlists/pop-90s.json,POP90-713,我一個人住,VkkrsRJ-RrE,2763975,2026-06-02,kept,90年代流行曲,滾石唱片 ROCK RECORDS / YouTube
Pop 90s,songlists/pop-90s.json,POP90-714,關不掉的月光,7fca-cRJJck,2740298,2026-06-02,kept,90年代流行曲,福茂唱片 / YouTube
Pop 90s,songlists/pop-90s.json,POP90-715,走慢一點點,qgCIVimyWq8,2693152,2026-06-02,kept,90年代流行曲,滾石唱片 ROCK RECORDS / YouTube
Pop 90s,songlists/pop-90s.json,POP90-716,黃色月亮,9LyLjifazEs,2619266,2026-06-02,kept,90年代流行曲,滾石唱片 ROCK RECORDS / YouTube
Pop 90s,songlists/pop-90s.json,POP90-717,千金難買,CCmXC3LgUGs,2614879,2026-06-02,kept,90年代流行曲,Timeless Music / YouTube
Pop 90s,songlists/pop-90s.json,POP90-718,信仰,QoPxzsqGodk,2585049,2026-06-02,kept,90年代流行曲,潮水音樂 Tide Music / YouTube
Pop 90s,songlists/pop-90s.json,POP90-719,鎮守愛情,888aqfkWjrA,2577027,2026-06-02,kept,90年代流行曲,華研國際 / YouTube
Pop 90s,songlists/pop-90s.json,POP90-720,在路上,AjaHWJl6EC8,2510786,2026-06-02,kept,90年代流行曲,相信音樂BinMusic / YouTube
Pop 90s,songlists/pop-90s.json,POP90-721,真情人,Z7E4lFVVdz0,2507175,2026-06-02,kept,90年代流行曲,cocoleeVEVO / YouTube
Pop 90s,songlists/pop-90s.json,POP90-722,千里之外,430XYwg96Nw,2504654,2026-06-02,kept,90年代流行曲,Timeless Music / YouTube
Pop 90s,songlists/pop-90s.json,POP90-723,消失的光陰,EC1TMq5cuDY,2499862,2026-06-02,kept,90年代流行曲,寰亞音樂 Media Asia Music Official Channel / YouTube
Pop 90s,songlists/pop-90s.json,POP90-724,少年,qFlS5U1d9pQ,2487133,2026-06-02,kept,90年代流行曲,滾石唱片 ROCK RECORDS / YouTube
Pop 90s,songlists/pop-90s.json,POP90-725,周傳雄,XL1EV--sf7M,2463408,2026-06-02,kept,90年代流行曲,醉紅顏 / YouTube
Pop 90s,songlists/pop-90s.json,POP90-726,一眼瞬間,Egrpx5g0UgI,2430705,2026-06-02,kept,90年代流行曲,Timeless Music / YouTube
Pop 90s,songlists/pop-90s.json,POP90-727,你悄悄矇上我的眼睛,Zjhk-7n6tlI,2392835,2026-06-02,kept,90年代流行曲,沙克強 / YouTube
Pop 90s,songlists/pop-90s.json,POP90-728,我期待,oEj25I81cBQ,2348467,2026-06-02,kept,90年代流行曲,Timeless Music / YouTube
Pop 90s,songlists/pop-90s.json,POP90-729,說不出口,mgEbV61kUKY,2288626,2026-06-02,kept,90年代流行曲,楊乃文 Naiwen Yang / YouTube
Pop 90s,songlists/pop-90s.json,POP90-730,我沒有醉,9YJUR_ns_qg,2288383,2026-06-02,kept,90年代流行曲,fock0909 / YouTube
Pop 90s,songlists/pop-90s.json,POP90-731,白月光,Q_cAU3i-JRY,2269947,2026-06-02,kept,90年代流行曲,歲月如歌 / YouTube
Pop 90s,songlists/pop-90s.json,POP90-732,遊樂場,lv7WMpjoIGs,2250480,2026-06-02,kept,90年代流行曲,英皇娛樂 eeg music / YouTube
Pop 90s,songlists/pop-90s.json,POP90-733,很難,fJTtB8oa4VI,2182493,2026-06-02,kept,90年代流行曲,滾石唱片 ROCK RECORDS / YouTube
Pop 90s,songlists/pop-90s.json,POP90-734,漂浪,ouK4gL8xUyU,2172655,2026-06-02,kept,90年代流行曲,滾石唱片 ROCK RECORDS / YouTube
Pop 90s,songlists/pop-90s.json,POP90-735,鳳凰花開的路口,y9OkB1m6BYY,2133260,2026-06-02,kept,90年代流行曲,evin K / YouTube
Pop 90s,songlists/pop-90s.json,POP90-736,这叫冷门？,ibRt2PS2IkQ,2119032,2026-06-02,kept,90年代流行曲,下饭音乐官方频道 / YouTube
Pop 90s,songlists/pop-90s.json,POP90-737,試著了解,yQIo7beRZjg,2090398,2026-06-02,kept,90年代流行曲,滾石唱片 ROCK RECORDS / YouTube
Pop 90s,songlists/pop-90s.json,POP90-738,就懂了,SB--yOC2xg8,2089522,2026-06-02,kept,90年代流行曲,潮水音樂 Tide Music / YouTube
Pop 90s,songlists/pop-90s.json,POP90-739,一開始就沒退路,vVpEidGfKBo,2087821,2026-06-02,kept,90年代流行曲,滾石唱片 ROCK RECORDS / YouTube
Pop 90s,songlists/pop-90s.json,POP90-740,媽媽的眼睛,6euKvexyyyM,2061508,2026-06-02,kept,90年代流行曲,滾石唱片 ROCK RECORDS / YouTube
Pop 90s,songlists/pop-90s.json,POP90-741,不甘心不放手,b50aIW5_XMA,2045454,2026-06-02,kept,90年代流行曲,华语歌曲频道 / YouTube
Pop 90s,songlists/pop-90s.json,POP90-742,嗯嘛,q4O_PovGTzo,2024687,2026-06-02,kept,90年代流行曲,陶晶瑩 / YouTube
Pop 90s,songlists/pop-90s.json,POP90-743,誰的眼淚在飛,lj_4e-YC2lg,2003113,2026-06-02,kept,90年代流行曲,S Ch / YouTube
Pop 90s,songlists/pop-90s.json,POP90-744,愛都愛了,XnR26dgVEiA,1990558,2026-06-02,kept,90年代流行曲,Timeless Music / YouTube
Pop 90s,songlists/pop-90s.json,POP90-745,愛一回傷一回,vjj5etlANg0,1922373,2026-06-02,kept,90年代流行曲,一哥 / YouTube
Pop 90s,songlists/pop-90s.json,POP90-746,心情車站,zlMfsqTImys,1916069,2026-06-02,kept,90年代流行曲,滾石唱片 ROCK RECORDS / YouTube
Pop 90s,songlists/pop-90s.json,POP90-747,看看,Z-J7GVKYUBE,1869096,2026-06-02,kept,90年代流行曲,UNIVERSAL MUSIC TAIWAN 環球音樂 / YouTube
Pop 90s,songlists/pop-90s.json,POP90-748,如果没有你,Bavm5rVW5_I,1852115,2026-06-02,kept,90年代流行曲,爱音乐 / YouTube
Pop 90s,songlists/pop-90s.json,POP90-749,你的甜蜜,zGgwjBtwS4U,1827092,2026-06-02,kept,90年代流行曲,福茂唱片 / YouTube
Pop 90s,songlists/pop-90s.json,POP90-750,昨遲人,5Ss7eU-v97A,1808686,2026-06-02,kept,90年代流行曲,AndyHuiVEVO / YouTube
Pop 90s,songlists/pop-90s.json,POP90-751,眼淚,figbp9tfyl4,1800946,2026-06-02,kept,90年代流行曲,福茂唱片 / YouTube
Pop 90s,songlists/pop-90s.json,POP90-752,苏州河边,a7KrV__KAnk,1795301,2026-06-02,kept,90年代流行曲,SMG音乐频道 / YouTube
Pop 90s,songlists/pop-90s.json,POP90-753,下沙,BgmT2siQ23s,1787632,2026-06-02,kept,90年代流行曲,chrisyuVEVO / YouTube
Pop 90s,songlists/pop-90s.json,POP90-754,你現在還好嗎,RAzF0Sb8_TU,1764002,2026-06-02,kept,90年代流行曲,滾石唱片 ROCK RECORDS / YouTube
Pop 90s,songlists/pop-90s.json,POP90-755,我要給你,hO2iUg4m8kc,1759625,2026-06-02,kept,90年代流行曲,福茂唱片 / YouTube
Pop 90s,songlists/pop-90s.json,POP90-756,在凌晨,ZPIfEUSz-fc,1758166,2026-06-02,kept,90年代流行曲,滾石唱片 ROCK RECORDS / YouTube
Pop 90s,songlists/pop-90s.json,POP90-757,相思風雨中,lUU4W1wEFRw,1752444,2026-06-02,kept,90年代流行曲,Super Star / YouTube
Pop 90s,songlists/pop-90s.json,POP90-758,暗示,FzAe9bOHEi8,1748773,2026-06-02,kept,90年代流行曲,cocoleeVEVO / YouTube
Pop 90s,songlists/pop-90s.json,POP90-759,消息,UuM_bnQ5AJM,1723193,2026-06-02,kept,90年代流行曲,Timeless Music / YouTube
Pop 90s,songlists/pop-90s.json,POP90-760,小星星,Uq4qAPxrxDM,1716900,2026-06-02,kept,90年代流行曲,滾石唱片 ROCK RECORDS / YouTube
Pop 90s,songlists/pop-90s.json,POP90-761,我到底是怕你什麼,EsckX_leksY,1631630,2026-06-02,kept,90年代流行曲,相信音樂BinMusic / YouTube
Pop 90s,songlists/pop-90s.json,POP90-762,大女人,kAt5ZoZHRKg,1605809,2026-06-02,kept,90年代流行曲,Timeless Music / YouTube
Pop 90s,songlists/pop-90s.json,POP90-763,我要快樂,a-i_UJDP1dE,1601670,2026-06-02,kept,90年代流行曲,华语歌曲频道 / YouTube
Pop 90s,songlists/pop-90s.json,POP90-764,我家門前有大海,syLX_P06MPg,1594408,2026-06-02,kept,90年代流行曲,滾石唱片 ROCK RECORDS / YouTube
Pop 90s,songlists/pop-90s.json,POP90-765,樓仔厝,8ni_lEqrLX4,1578492,2026-06-02,kept,90年代流行曲,滾石唱片 ROCK RECORDS / YouTube
Pop 90s,songlists/pop-90s.json,POP90-766,樓下那個女人,wJTfKv4SAQE,1561935,2026-06-02,kept,90年代流行曲,chrisyuVEVO / YouTube
Pop 90s,songlists/pop-90s.json,POP90-767,讓我一次愛個夠,XSq8nZy5caQ,1550859,2026-06-02,kept,90年代流行曲,福茂唱片 / YouTube
Pop 90s,songlists/pop-90s.json,POP90-768,就讓這首歌,hZMo-1E_z0w,1528279,2026-06-02,kept,90年代流行曲,滾石唱片 ROCK RECORDS / YouTube
Pop 90s,songlists/pop-90s.json,POP90-769,不知所措,B0eDDZ43Fug,1527160,2026-06-02,kept,90年代流行曲,Timeless Music / YouTube
Pop 90s,songlists/pop-90s.json,POP90-770,四百龍銀,C4_uJmH9hmc,1504966,2026-06-02,kept,90年代流行曲,Timeless Music / YouTube
Pop 90s,songlists/pop-90s.json,POP90-771,離開我,Un0N9D4ZZew,1475210,2026-06-02,kept,90年代流行曲,豐華唱片ForwardMusic / YouTube
Pop 90s,songlists/pop-90s.json,POP90-772,釘子花,3MHVNxd130E,1456441,2026-06-02,kept,90年代流行曲,UNIVERSAL MUSIC TAIWAN 環球音樂 / YouTube
Pop 90s,songlists/pop-90s.json,POP90-773,嫌棄,KfmqvBJwoCU,1456057,2026-06-02,kept,90年代流行曲,ViuTV / YouTube
Pop 90s,songlists/pop-90s.json,POP90-774,我們盡力了,GPQgEIc-oh0,1455620,2026-06-02,kept,90年代流行曲,豐華唱片ForwardMusic / YouTube
Pop 90s,songlists/pop-90s.json,POP90-775,愛上夏天,f9DAg7bo6Lw,1433890,2026-06-02,kept,90年代流行曲,相信音樂BinMusic / YouTube
Pop 90s,songlists/pop-90s.json,POP90-776,你的男人,f5ogUi8p4wQ,1426272,2026-06-02,kept,90年代流行曲,太陽娛樂音樂 Sun Entertainment Music / YouTube
Pop 90s,songlists/pop-90s.json,POP90-777,無字的情批,tatY0dK607w,1405969,2026-06-02,kept,90年代流行曲,Baseball In My Eyes / YouTube
Pop 90s,songlists/pop-90s.json,POP90-778,今年夏天,EAtrgK6sQ74,1404618,2026-06-02,kept,90年代流行曲,Timeless Music / YouTube
Pop 90s,songlists/pop-90s.json,POP90-779,郵差,tFQHnnvLYjs,1392917,2026-06-02,kept,90年代流行曲,ALittleBitLEGO / YouTube
Pop 90s,songlists/pop-90s.json,POP90-780,往日情,qna0SwJtoU4,1376615,2026-06-02,kept,90年代流行曲,cocoleeVEVO / YouTube
Pop 90s,songlists/pop-90s.json,POP90-781,不過少個人來愛,nh3fEFihhRU,1345950,2026-06-02,kept,90年代流行曲,Timeless Music / YouTube
Pop 90s,songlists/pop-90s.json,POP90-782,永遠的畫面,XMOaH_2N59I,1339316,2026-06-02,kept,90年代流行曲,SMD lyrics / YouTube
Pop 90s,songlists/pop-90s.json,POP90-783,失去,78uVsB0tucE,1325105,2026-06-02,kept,90年代流行曲,滾石唱片 ROCK RECORDS / YouTube
Pop 90s,songlists/pop-90s.json,POP90-784,金榜冠軍,RacmK_MEEWY,1321318,2026-06-02,kept,90年代流行曲,czar9sk / YouTube
Pop 90s,songlists/pop-90s.json,POP90-785,刻骨銘心,iM2DkI5a_FY,1284019,2026-06-02,kept,90年代流行曲,華特音樂 / YouTube
Pop 90s,songlists/pop-90s.json,POP90-786,快闪,yua34u-aF1M,1278228,2026-06-02,kept,90年代流行曲,玉麒麟 / YouTube
Pop 90s,songlists/pop-90s.json,POP90-787,繾綣星光下,8xNCZll9EFE,1263555,2026-06-02,kept,90年代流行曲,Shirley Kwan Fans Channel / YouTube
Pop 90s,songlists/pop-90s.json,POP90-788,想你啦,lSWX9f68FPo,1259486,2026-06-02,kept,90年代流行曲,寰亞音樂 Media Asia Music Official Channel / YouTube
Pop 90s,songlists/pop-90s.json,POP90-789,言不由衷,ER0tx2jrho8,1251812,2026-06-02,kept,90年代流行曲,Miss / YouTube
Pop 90s,songlists/pop-90s.json,POP90-790,愛情鋼索,Gaui6Y0gbzg,1242653,2026-06-02,kept,90年代流行曲,华语歌曲频道 / YouTube
Pop 90s,songlists/pop-90s.json,POP90-791,是你是你是你,9lSYb0dbRCk,1241479,2026-06-02,kept,90年代流行曲,Timeless Music / YouTube
Pop 90s,songlists/pop-90s.json,POP90-792,我忘了我已老去,SYtf553WocU,1210135,2026-06-02,kept,90年代流行曲,林志炫TerryLin / YouTube
Pop 90s,songlists/pop-90s.json,POP90-793,三月小雨,oACnaCYaFpE,1172043,2026-06-02,kept,90年代流行曲,滾石唱片 ROCK RECORDS / YouTube
Pop 90s,songlists/pop-90s.json,POP90-794,一起衝一起闖,k3XuxXuUONs,1152972,2026-06-02,kept,90年代流行曲,Intercontinental Film / YouTube
Pop 90s,songlists/pop-90s.json,POP90-795,就是喜歡你,0GRuxwFHzuI,1149708,2026-06-02,kept,90年代流行曲,滾石唱片 ROCK RECORDS / YouTube
Pop 90s,songlists/pop-90s.json,POP90-796,還是朋友,D_sOjmhClBI,1149599,2026-06-02,kept,90年代流行曲,Timeless Music / YouTube
Pop 90s,songlists/pop-90s.json,POP90-797,長大後的事,AY1XWrFQOtA,1138327,2026-06-02,kept,90年代流行曲,古巨基 Leo Ku / YouTube
Pop 90s,songlists/pop-90s.json,POP90-798,是愛,mgmwJMiWzsQ,1133225,2026-06-02,kept,90年代流行曲,陶晶瑩 / YouTube
Pop 90s,songlists/pop-90s.json,POP90-799,還剩下什麼,1JMFo_vPaKE,1131207,2026-06-02,kept,90年代流行曲,滾石唱片 ROCK RECORDS / YouTube
Pop 90s,songlists/pop-90s.json,POP90-800,願賭服輸,xeU_kh8n8pU,1124561,2026-06-02,kept,90年代流行曲,華特音樂 / YouTube
Pop 90s,songlists/pop-90s.json,POP90-801,點亮,stRXc8LTXJw,1124303,2026-06-02,kept,90年代流行曲,華特音樂 / YouTube
Pop 90s,songlists/pop-90s.json,POP90-802,給我感覺,Dxp7Zj3LEvU,1096549,2026-06-02,kept,90年代流行曲,豐華唱片ForwardMusic / YouTube
Pop 90s,songlists/pop-90s.json,POP90-803,如風,1kX8iPC8Yvs,1085447,2026-06-02,kept,90年代流行曲,FayeWongVEVO / YouTube
Pop 90s,songlists/pop-90s.json,POP90-804,地球很危險,AF8FlXv_J9I,1082461,2026-06-02,kept,90年代流行曲,英皇娛樂 eeg music / YouTube
Pop 90s,songlists/pop-90s.json,POP90-805,誰願放手,cTIWnwgz5F8,1075244,2026-06-02,kept,90年代流行曲,Me i katy / YouTube
Pop 90s,songlists/pop-90s.json,POP90-806,我的未来不是梦,0XD-6oNgT4w,1071737,2026-06-02,kept,90年代流行曲,winnieyan76 / YouTube
Pop 90s,songlists/pop-90s.json,POP90-807,讓我取暖,TZohgYDoGB8,1052886,2026-06-02,kept,90年代流行曲,pccute / YouTube
Pop 90s,songlists/pop-90s.json,POP90-808,想你的365天,k9Aev9KAiSQ,1007221,2026-06-02,kept,90年代流行曲,CoCoLeeVideo / YouTube
Pop 90s,songlists/pop-90s.json,POP90-809,主唱,p6XBpAs49aU,1004663,2026-06-02,kept,90年代流行曲,過海 / YouTube
Pop 90s,songlists/pop-90s.json,POP90-810,帶我去月球,j0BXZvcI5IQ,982979,2026-06-02,kept,90年代流行曲,Timeless Music / YouTube
Pop 90s,songlists/pop-90s.json,POP90-811,聽你聽我,L8DyqVFH6Bo,979385,2026-06-02,kept,90年代流行曲,豐華唱片ForwardMusic / YouTube
Pop 90s,songlists/pop-90s.json,POP90-812,回心轉意,FG2Wx-UjBFw,978578,2026-06-02,kept,90年代流行曲,Timeless Music / YouTube
Pop 90s,songlists/pop-90s.json,POP90-813,認輸,mTmdrMDlWMs,973372,2026-06-02,kept,90年代流行曲,滾石唱片 ROCK RECORDS / YouTube
Pop 90s,songlists/pop-90s.json,POP90-814,其實你心裡有沒有我,2zV18A-XL18,960366,2026-06-02,kept,90年代流行曲,華星唱片 Capital Artists Official Channel / YouTube
Pop 90s,songlists/pop-90s.json,POP90-815,护花使者,ZEeEg8V9Vp8,950419,2026-06-02,kept,90年代流行曲,I. M / YouTube
Pop 90s,songlists/pop-90s.json,POP90-816,時間之光,P9hvNYGeQbk,946175,2026-06-02,kept,90年代流行曲,寰亞音樂 Media Asia Music Official Channel / YouTube
Pop 90s,songlists/pop-90s.json,POP90-817,薩拉熱窩的羅密歐與茱麗葉,f6-G12LKXRw,940355,2026-06-02,kept,90年代流行曲,華星唱片 Capital Artists Official Channel / YouTube
Pop 90s,songlists/pop-90s.json,POP90-818,心照,XTyJnJ1CV80,928438,2026-06-02,kept,90年代流行曲,Ekin Cheng - Topic / YouTube
Pop 90s,songlists/pop-90s.json,POP90-819,無聲,a7UlkC5kKjE,920577,2026-06-02,kept,90年代流行曲,華特音樂 / YouTube
Pop 90s,songlists/pop-90s.json,POP90-820,兩位一體,ccJU0_lRBQA,913552,2026-06-02,kept,90年代流行曲,LeonLaiVEVO / YouTube
Pop 90s,songlists/pop-90s.json,POP90-821,中職明星賽現場演唱,qjPEeBNnXfQ,905593,2026-06-02,kept,90年代流行曲,緯來體育台 / YouTube
Pop 90s,songlists/pop-90s.json,POP90-822,不要說謊,RDgx4VEANBs,903831,2026-06-02,kept,90年代流行曲,英皇娛樂 eeg music / YouTube
Pop 90s,songlists/pop-90s.json,POP90-823,等愛降落,f2wiVabzsN8,899500,2026-06-02,kept,90年代流行曲,cocoleeVEVO / YouTube
Pop 90s,songlists/pop-90s.json,POP90-824,想念你,t8To59TS24s,898784,2026-06-02,kept,90年代流行曲,福茂唱片 / YouTube
Pop 90s,songlists/pop-90s.json,POP90-825,愛得比較深,_a097-MXzBU,888793,2026-06-02,kept,90年代流行曲,陳淑樺 Sarah Chen / YouTube
Pop 90s,songlists/pop-90s.json,POP90-826,責任,zM7RNs5Deg0,878036,2026-06-02,kept,90年代流行曲,Timeless Music / YouTube
Pop 90s,songlists/pop-90s.json,POP90-827,雙城故事,YDUto-UOaeY,877801,2026-06-02,kept,90年代流行曲,上城娛樂Uptown Entertainment / YouTube
Pop 90s,songlists/pop-90s.json,POP90-828,感情線上,VGXKmWxhXOI,875721,2026-06-02,kept,90年代流行曲,Timeless Music Hong Kong天碟 / YouTube
Pop 90s,songlists/pop-90s.json,POP90-829,愛上你給的痛,kPB_eQg3RyI,869914,2026-06-02,kept,90年代流行曲,滾石唱片 ROCK RECORDS / YouTube
Pop 90s,songlists/pop-90s.json,POP90-830,當我開始偷偷地想你,r4cYExeaHGk,861377,2026-06-02,kept,90年代流行曲,豐華唱片ForwardMusic / YouTube
Pop 90s,songlists/pop-90s.json,POP90-831,風光明媚,M6XUyGG_hcw,857832,2026-06-02,kept,90年代流行曲,華研國際 / YouTube
Pop 90s,songlists/pop-90s.json,POP90-832,梅雨季,RND2XzJEBR8,835122,2026-06-02,kept,90年代流行曲,滾石唱片 ROCK RECORDS / YouTube
Pop 90s,songlists/pop-90s.json,POP90-833,偷心賊,jD6mbkJxhz0,826564,2026-06-02,kept,90年代流行曲,UNIVERSAL MUSIC TAIWAN 環球音樂 / YouTube
Pop 90s,songlists/pop-90s.json,POP90-834,假如讓我說下去,n2cB8kHA7No,821151,2026-06-02,kept,90年代流行曲,MiriamYeungVEVO / YouTube
Pop 90s,songlists/pop-90s.json,POP90-835,神雕俠侶,_k3hrT-40D8,820155,2026-06-02,kept,90年代流行曲,eric320002 / YouTube
Pop 90s,songlists/pop-90s.json,POP90-836,煙花易冷,tyJNKxsEb7M,817491,2026-06-02,kept,90年代流行曲,歲月如歌 / YouTube
Pop 90s,songlists/pop-90s.json,POP90-837,不會哭的人,u_yvYF1fCH4,806201,2026-06-02,kept,90年代流行曲,華研國際 / YouTube
Pop 90s,songlists/pop-90s.json,POP90-838,明天的明天的明天,_Huu99W44HE,801226,2026-06-02,kept,90年代流行曲,华语歌曲频道 / YouTube
Pop 90s,songlists/pop-90s.json,POP90-839,哭了,npbV7E2cEms,799395,2026-06-02,kept,90年代流行曲,福茂唱片 / YouTube
Pop 90s,songlists/pop-90s.json,POP90-840,曲终人散,WpZvXQeBxqY,796661,2026-06-02,kept,90年代流行曲,云衫音乐 / YouTube
Pop 90s,songlists/pop-90s.json,POP90-841,午夜前的十分鐘 23,bKiuU3EpbEY,793862,2026-06-02,kept,90年代流行曲,滾石唱片 ROCK RECORDS / YouTube
Pop 90s,songlists/pop-90s.json,POP90-842,報告班長,1JApULYg-Mk,792701,2026-06-02,kept,90年代流行曲,電視懷舊台 / YouTube
Pop 90s,songlists/pop-90s.json,POP90-843,靠近,LWYL23kfMVA,791790,2026-06-02,kept,90年代流行曲,HarlemYuVEVO / YouTube
Pop 90s,songlists/pop-90s.json,POP90-844,高明駿,I13IOJ9zAX4,786297,2026-06-02,kept,90年代流行曲,jaytew1970 / YouTube
Pop 90s,songlists/pop-90s.json,POP90-845,紙牌屋,b2Hwltnvw8w,783071,2026-06-02,kept,90年代流行曲,universalmusichk / YouTube
Pop 90s,songlists/pop-90s.json,POP90-846,每一次想你,6okmwBNJ0ls,780724,2026-06-02,kept,90年代流行曲,cocoleeVEVO / YouTube
Pop 90s,songlists/pop-90s.json,POP90-847,情關,tY9Ql7PJSkA,770924,2026-06-02,kept,90年代流行曲,滾石唱片 ROCK RECORDS / YouTube
Pop 90s,songlists/pop-90s.json,POP90-848,天堂,A4mnkBNGuf0,760841,2026-06-02,kept,90年代流行曲,滾石唱片 ROCK RECORDS / YouTube
Pop 90s,songlists/pop-90s.json,POP90-849,孩子氣,wnacmpROGtU,759423,2026-06-02,kept,90年代流行曲,滾石唱片 ROCK RECORDS / YouTube
Pop 90s,songlists/pop-90s.json,POP90-850,深情相擁,4hdzEwxzuuk,755542,2026-06-02,kept,90年代流行曲,滾石唱片 ROCK RECORDS / YouTube
Pop 90s,songlists/pop-90s.json,POP90-851,快樂與哀愁,18lznk-xXgU,754691,2026-06-02,kept,90年代流行曲,JOY RICH / 003 / YouTube
Pop 90s,songlists/pop-90s.json,POP90-852,思念是一种病,kcmh9AfAyiM,750060,2026-06-02,kept,90年代流行曲,lzxy / YouTube
Pop 90s,songlists/pop-90s.json,POP90-853,無路用的人,i5nuDFtGFoc,740944,2026-06-02,kept,90年代流行曲,滾石唱片 ROCK RECORDS / YouTube
Pop 90s,songlists/pop-90s.json,POP90-854,单身情歌,PK48xH2pNwA,740085,2026-06-02,kept,90年代流行曲,SMG音乐频道 / YouTube
Pop 90s,songlists/pop-90s.json,POP90-855,別怕我傷心,EGTlTEf_DxM,739988,2026-06-02,kept,90年代流行曲,pjiacheng / YouTube
Pop 90s,songlists/pop-90s.json,POP90-856,夢駝鈴,6RI0NaNnePc,737617,2026-06-02,kept,90年代流行曲,歲月如歌 / YouTube
Pop 90s,songlists/pop-90s.json,POP90-857,追得過一切,zh1AKJBk3Lk,732963,2026-06-02,kept,90年代流行曲,滾石唱片 ROCK RECORDS / YouTube
Pop 90s,songlists/pop-90s.json,POP90-858,十七歲的雨季,SlTytYEvp-4,727621,2026-06-02,kept,90年代流行曲,Timeless Music / YouTube
Pop 90s,songlists/pop-90s.json,POP90-859,長頭髮,MiiKZxcNdsg,725404,2026-06-02,kept,90年代流行曲,Timeless Music / YouTube
Pop 90s,songlists/pop-90s.json,POP90-860,讓愛情維持心跳,D57DbtGeNPc,723382,2026-06-02,kept,90年代流行曲,陶晶瑩 / YouTube
Pop 90s,songlists/pop-90s.json,POP90-861,情歸於盡,4R1NiZp2bVs,720574,2026-06-02,kept,90年代流行曲,AMusic Official Channel / YouTube
Pop 90s,songlists/pop-90s.json,POP90-862,我們不要傷心了,IzZXredx5go,720070,2026-06-02,kept,90年代流行曲,滾石唱片 ROCK RECORDS / YouTube
Pop 90s,songlists/pop-90s.json,POP90-863,诺言,tG15oz1qJu0,717471,2026-06-02,kept,90年代流行曲,Alvin Jiang 江伟光 / YouTube
Pop 90s,songlists/pop-90s.json,POP90-864,錯到底,JD6sSd2lozg,713295,2026-06-02,kept,90年代流行曲,福茂唱片 / YouTube
Pop 90s,songlists/pop-90s.json,POP90-865,下個雨季,JsjVKCciYSs,708197,2026-06-02,kept,90年代流行曲,福茂唱片 / YouTube
Pop 90s,songlists/pop-90s.json,POP90-866,陌生的夜,rD08wJsUA2w,692220,2026-06-02,kept,90年代流行曲,華研國際 / YouTube
Pop 90s,songlists/pop-90s.json,POP90-867,靠近一點,Z2LYWS_ogXI,691454,2026-06-02,kept,90年代流行曲,chrisyuVEVO / YouTube
Pop 90s,songlists/pop-90s.json,POP90-868,步步,xFbzlu-E7kk,690748,2026-06-02,kept,90年代流行曲,Faye / YouTube
Pop 90s,songlists/pop-90s.json,POP90-869,美麗笨女人,SM9vWl_12GY,677531,2026-06-02,kept,90年代流行曲,cocoleeVEVO / YouTube
Pop 90s,songlists/pop-90s.json,POP90-870,八公里,FuLxaAQU4FU,674129,2026-06-02,kept,90年代流行曲,寰亞音樂 Media Asia Music Official Channel / YouTube
Pop 90s,songlists/pop-90s.json,POP90-871,天之大,QfgeUw-vXIA,669610,2026-06-02,kept,90年代流行曲,YuChingFeiVEVO / YouTube
Pop 90s,songlists/pop-90s.json,POP90-872,原來你什麼都不想要,d-0CHtJp5gM,668914,2026-06-02,kept,90年代流行曲,华语歌曲频道 / YouTube
Pop 90s,songlists/pop-90s.json,POP90-873,誰說我不在乎,vLTlFoqkKBM,667717,2026-06-02,kept,90年代流行曲,洪振程 / YouTube
Pop 90s,songlists/pop-90s.json,POP90-874,她在睡前哭泣,lFZRvwAffmo,664577,2026-06-02,kept,90年代流行曲,cocoleeVEVO / YouTube
Pop 90s,songlists/pop-90s.json,POP90-875,愛與誠,UCp73vIZ034,661946,2026-06-02,kept,90年代流行曲,LeokuVEVO / YouTube
Pop 90s,songlists/pop-90s.json,POP90-876,每一個明天,rTwjEtnNW-4,660573,2026-06-02,kept,90年代流行曲,華星唱片 Capital Artists Official Channel / YouTube
Pop 90s,songlists/pop-90s.json,POP90-877,戀你,iiSRJFJDFVg,660397,2026-06-02,kept,90年代流行曲,Wan Fang - Topic / YouTube
Pop 90s,songlists/pop-90s.json,POP90-878,你是愛我的,O_sud3gMxUk,657888,2026-06-02,kept,90年代流行曲,华语歌曲频道 / YouTube
Pop 90s,songlists/pop-90s.json,POP90-879,我們的,PHFCYIgRmjA,655075,2026-06-02,kept,90年代流行曲,Timeless Music Hong Kong天碟 / YouTube
Pop 90s,songlists/pop-90s.json,POP90-880,第一千個晝夜,xMIiiBp0kG8,654738,2026-06-02,kept,90年代流行曲,chrisyuVEVO / YouTube
Pop 90s,songlists/pop-90s.json,POP90-881,想念你的夜,Q3JgU8g87lg,648794,2026-06-02,kept,90年代流行曲,UNIVERSAL MUSIC TAIWAN 環球音樂 / YouTube
Pop 90s,songlists/pop-90s.json,POP90-882,傷信,E6Ap-clynq4,644014,2026-06-02,kept,90年代流行曲,華星唱片 Capital Artists Official Channel / YouTube
Pop 90s,songlists/pop-90s.json,POP90-883,天生一半,uyBKzOf7v7Q,636317,2026-06-02,kept,90年代流行曲,寰亞音樂 Media Asia Music Official Channel / YouTube
Pop 90s,songlists/pop-90s.json,POP90-884,梨山痴情花,mbSR-c4cd3g,634308,2026-06-02,kept,90年代流行曲,華研國際 / YouTube
Pop 90s,songlists/pop-90s.json,POP90-885,想太多,3QWU3MyAxlU,631545,2026-06-02,kept,90年代流行曲,滾石唱片 ROCK RECORDS / YouTube
Pop 90s,songlists/pop-90s.json,POP90-886,替身,tP-oz76R_NQ,630087,2026-06-02,kept,90年代流行曲,Timeless Music / YouTube
Pop 90s,songlists/pop-90s.json,POP90-887,歡樂今宵,iFi_i7Qen0M,626330,2026-06-02,kept,90年代流行曲,LeokuVEVO / YouTube
Pop 90s,songlists/pop-90s.json,POP90-888,我想要的感覺,_ZCC2thJdgU,625813,2026-06-02,kept,90年代流行曲,滾石唱片 ROCK RECORDS / YouTube
Pop 90s,songlists/pop-90s.json,POP90-889,連名帶姓,1MPVHpzEauQ,620731,2026-06-02,kept,90年代流行曲,POP song / YouTube
Pop 90s,songlists/pop-90s.json,POP90-890,愛情路口,PVHVwIT7LPk,616173,2026-06-02,kept,90年代流行曲,李翊君 LEE YI JUN 官方頻道 / YouTube
Pop 90s,songlists/pop-90s.json,POP90-891,大眼睛,S0CqaEX_K9Y,609659,2026-06-02,kept,90年代流行曲,HarlemYuVEVO / YouTube
Pop 90s,songlists/pop-90s.json,POP90-892,跟著感覺走,1rau1QDJ9tQ,606362,2026-06-02,kept,90年代流行曲,滾石唱片 ROCK RECORDS / YouTube
Pop 90s,songlists/pop-90s.json,POP90-893,世紀末煙花,2ROheTg-0s4,603933,2026-06-02,kept,90年代流行曲,AndyHuiVEVO / YouTube
Pop 90s,songlists/pop-90s.json,POP90-894,我能感覺你在說謊,4AvPSFZyJqs,602444,2026-06-02,kept,90年代流行曲,Timeless Music / YouTube
Pop 90s,songlists/pop-90s.json,POP90-895,好糟糕的派對,ST8FR5_OMBA,594643,2026-06-02,kept,90年代流行曲,滾石唱片 ROCK RECORDS / YouTube
Pop 90s,songlists/pop-90s.json,POP90-896,魔鏡,DYD0f6Mh3VA,582705,2026-06-02,kept,90年代流行曲,cocoleeVEVO / YouTube
Pop 90s,songlists/pop-90s.json,POP90-897,戀愛情色,HrSbz0-O1vI,582409,2026-06-02,kept,90年代流行曲,KellyChenVEVO / YouTube
Pop 90s,songlists/pop-90s.json,POP90-898,感情生活,rL-caCmnSnE,580587,2026-06-02,kept,90年代流行曲,Faye Wong Official Channel 王菲 官方頻道 / YouTube
Pop 90s,songlists/pop-90s.json,POP90-899,存入愛,FfSY29Z7CaI,579326,2026-06-02,kept,90年代流行曲,AMusic Official Channel / YouTube
Pop 90s,songlists/pop-90s.json,POP90-900,真的假的,OJjyFuxBNjI,577621,2026-06-02,kept,90年代流行曲,she beyonds / YouTube
Pop 90s,songlists/pop-90s.json,POP90-901,永遠的戀人,3C904X7UXvw,564686,2026-06-02,kept,90年代流行曲,Timeless Music / YouTube
Pop 90s,songlists/pop-90s.json,POP90-902,好好愛個女孩,I77xtpQTQas,564644,2026-06-02,kept,90年代流行曲,潮水音樂 Tide Music / YouTube
Pop 90s,songlists/pop-90s.json,POP90-903,黑夜不再來,W-qXFfmtvXg,562172,2026-06-02,kept,90年代流行曲,華星唱片 Capital Artists Official Channel / YouTube
Pop 90s,songlists/pop-90s.json,POP90-904,螢光粉紅,QHdRDQMgZh0,561001,2026-06-02,kept,90年代流行曲,Timeless Music Hong Kong天碟 / YouTube
Pop 90s,songlists/pop-90s.json,POP90-905,深呼吸,AWJ7Mk6qOmo,555302,2026-06-02,kept,90年代流行曲,福茂唱片 / YouTube
Pop 90s,songlists/pop-90s.json,POP90-906,別哭小女孩,-VLYL6tTnEM,554084,2026-06-02,kept,90年代流行曲,滾石唱片 ROCK RECORDS / YouTube
Pop 90s,songlists/pop-90s.json,POP90-907,開門見山,pw_GY5nJySI,552073,2026-06-02,kept,90年代流行曲,华语歌曲频道 / YouTube
Pop 90s,songlists/pop-90s.json,POP90-908,一步一生,CJWeOlClN5A,551496,2026-06-02,kept,90年代流行曲,TheA123852k / YouTube
Pop 90s,songlists/pop-90s.json,POP90-909,默默愛你,IalpGhhNtyc,548439,2026-06-02,kept,90年代流行曲,cocoleeVEVO / YouTube
Pop 90s,songlists/pop-90s.json,POP90-910,火熱的心,H7265c7INdc,546812,2026-06-02,kept,90年代流行曲,Timeless Music / YouTube
Pop 90s,songlists/pop-90s.json,POP90-911,愛你在每一天,VxIsUbC7-_A,546823,2026-06-02,kept,90年代流行曲,cocoleeVEVO / YouTube
Pop 90s,songlists/pop-90s.json,POP90-912,愛你讓我勇敢,_gH0NB9WoVk,542636,2026-06-02,kept,90年代流行曲,滾石唱片 ROCK RECORDS / YouTube
Pop 90s,songlists/pop-90s.json,POP90-913,真心真意,_SakJ_6MsUM,536715,2026-06-02,kept,90年代流行曲,AndyHuiVEVO / YouTube
Pop 90s,songlists/pop-90s.json,POP90-914,多得他,CxnF3DJ3pJ8,533636,2026-06-02,kept,90年代流行曲,FayeWongVEVO / YouTube
Pop 90s,songlists/pop-90s.json,POP90-915,相生,o0hSL-HmLlw,532034,2026-06-02,kept,90年代流行曲,莫文蔚 Karen Mok / YouTube
Pop 90s,songlists/pop-90s.json,POP90-916,愛到這樣,5rnAeB4-Hts,528347,2026-06-02,kept,90年代流行曲,Timeless Music / YouTube
Pop 90s,songlists/pop-90s.json,POP90-917,我甚麼都不是,Ts08Ac0OPPo,526556,2026-06-02,kept,90年代流行曲,英皇娛樂 eeg music / YouTube
Pop 90s,songlists/pop-90s.json,POP90-918,教我如何不愛他,ssiMRRiLiUk,525490,2026-06-02,kept,90年代流行曲,AndyHuiVEVO / YouTube
Pop 90s,songlists/pop-90s.json,POP90-919,希望,hrfS7tStnk0,524866,2026-06-02,kept,90年代流行曲,KellyChenVEVO / YouTube
Pop 90s,songlists/pop-90s.json,POP90-920,年輕時代,7Oaw51_bHDY,524551,2026-06-02,kept,90年代流行曲,Timeless Music / YouTube
Pop 90s,songlists/pop-90s.json,POP90-921,手語,fnXqE3QPgmY,507437,2026-06-02,kept,90年代流行曲,TingWeiMengVEVO / YouTube
Pop 90s,songlists/pop-90s.json,POP90-922,愛喲,f6HRSiLKBFE,506844,2026-06-02,kept,90年代流行曲,豐華唱片ForwardMusic / YouTube
Pop 90s,songlists/pop-90s.json,POP90-923,牽掛你的我,mBD7gBtLJRQ,498526,2026-06-02,removed-under-500k,90年代流行曲,Timeless Music / YouTube
Pop 90s,songlists/pop-90s.json,POP90-924,有福氣,tExo4MkZBMc,496327,2026-06-02,removed-under-500k,90年代流行曲,He Shuyou / YouTube
Pop 90s,songlists/pop-90s.json,POP90-925,馬不停蹄的憂傷,Zj_aUC429hU,491809,2026-06-02,removed-under-500k,90年代流行曲,80sobsessed Kid / YouTube
Pop 90s,songlists/pop-90s.json,POP90-926,舊歌,SWV5cSqrkWA,484054,2026-06-02,removed-under-500k,90年代流行曲,Lyricsmaker / YouTube
Pop 90s,songlists/pop-90s.json,POP90-927,我的驕傲,uH5fAZ5rhgM,476372,2026-06-02,removed-under-500k,90年代流行曲,JimmyLin 林志穎 / YouTube
Pop 90s,songlists/pop-90s.json,POP90-928,犀利,DIqYII0MYVE,469944,2026-06-02,removed-under-500k,90年代流行曲,寰亞音樂 Media Asia Music Official Channel / YouTube
Pop 90s,songlists/pop-90s.json,POP90-929,戀上一個人,sSXmdwk_v-Y,462835,2026-06-02,removed-under-500k,90年代流行曲,一哥 / YouTube
Pop 90s,songlists/pop-90s.json,POP90-930,100層樓的家,uKkLJLcFfxk,456675,2026-06-02,removed-under-500k,90年代流行曲,universalmusichk / YouTube
Pop 90s,songlists/pop-90s.json,POP90-931,遇見,g4_u8iN1-aA,453907,2026-06-02,removed-under-500k,90年代流行曲,福茂唱片 / YouTube
Pop 90s,songlists/pop-90s.json,POP90-932,祈禱,H488AHoWE4s,452505,2026-06-02,removed-under-500k,90年代流行曲,孟庭葦工作室 / YouTube
Pop 90s,songlists/pop-90s.json,POP90-933,花蝴蝶,Ocdkw1oXf7o,450000,2026-06-02,removed-under-500k,90年代流行曲,chrisyuVEVO / YouTube
Pop 90s,songlists/pop-90s.json,POP90-934,一個人不如二個人,OkHP3sUOJdM,448745,2026-06-02,removed-under-500k,90年代流行曲,黃彥深 / YouTube
Pop 90s,songlists/pop-90s.json,POP90-935,心雲,6ZBhPNig3VA,447230,2026-06-02,removed-under-500k,90年代流行曲,Timeless Music / YouTube
Pop 90s,songlists/pop-90s.json,POP90-936,如果只得一星期,LXKLwuSu1NA,442344,2026-06-02,removed-under-500k,90年代流行曲,英皇娛樂 eeg music / YouTube
Pop 90s,songlists/pop-90s.json,POP90-937,天真的雙眼,u8SUHu-7Ycw,441854,2026-06-02,removed-under-500k,90年代流行曲,華研國際 / YouTube
Pop 90s,songlists/pop-90s.json,POP90-938,不要說愛我,a6tL3xC91CU,440081,2026-06-02,removed-under-500k,90年代流行曲,滾石唱片 ROCK RECORDS / YouTube
Pop 90s,songlists/pop-90s.json,POP90-939,山櫻花,RdCA_dYQymY,429049,2026-06-02,removed-under-500k,90年代流行曲,Geniehigh Channel / YouTube
Pop 90s,songlists/pop-90s.json,POP90-940,為什麼受傷的總是我,aGVo4iyO4lE,427409,2026-06-02,removed-under-500k,90年代流行曲,Timeless Music / YouTube
Pop 90s,songlists/pop-90s.json,POP90-941,完美演绎 新不了情,ibPLn-Z7w8k,424909,2026-06-02,removed-under-500k,90年代流行曲,Sie Yong Yeoh / YouTube
Pop 90s,songlists/pop-90s.json,POP90-942,多事的秋,ZOBmLvHZISI,424366,2026-06-02,removed-under-500k,90年代流行曲,滾石唱片 ROCK RECORDS / YouTube
Pop 90s,songlists/pop-90s.json,POP90-943,嘿！聽我這首歌,PpdzVdys3MY,424105,2026-06-02,removed-under-500k,90年代流行曲,滾石唱片 ROCK RECORDS / YouTube
Pop 90s,songlists/pop-90s.json,POP90-944,我們不是永遠都那麼勇敢,kSldKtzoVXQ,421832,2026-06-02,removed-under-500k,90年代流行曲,萬芳 Wan Fang / YouTube
Pop 90s,songlists/pop-90s.json,POP90-945,趕不走,i-JDzMMGRwA,418453,2026-06-02,removed-under-500k,90年代流行曲,滾石唱片 ROCK RECORDS / YouTube
Pop 90s,songlists/pop-90s.json,POP90-946,荒漠甘泉,o3V2HH3Gb1Q,417647,2026-06-02,removed-under-500k,90年代流行曲,寰亞音樂 Media Asia Music Official Channel / YouTube
Pop 90s,songlists/pop-90s.json,POP90-947,我不后悔,cTreANDqdi0,407232,2026-06-02,removed-under-500k,90年代流行曲,小宝音悦丨Bao's Music Joy / YouTube
Pop 90s,songlists/pop-90s.json,POP90-948,那些日子,sKhm7DSqQPs,406910,2026-06-02,removed-under-500k,90年代流行曲,豐華唱片ForwardMusic / YouTube
Pop 90s,songlists/pop-90s.json,POP90-949,越吻越傷心,8dqdPHuFgfI,401314,2026-06-02,removed-under-500k,90年代流行曲,vivian tin / YouTube
Pop 90s,songlists/pop-90s.json,POP90-950,愛我好嗎,0wfb275Ovso,399085,2026-06-02,removed-under-500k,90年代流行曲,蘇憨龍 / YouTube
Pop 90s,songlists/pop-90s.json,POP90-951,總算為情認真過,wgnMSZD0wJU,391252,2026-06-02,removed-under-500k,90年代流行曲,華星唱片 Capital Artists Official Channel / YouTube
Pop 90s,songlists/pop-90s.json,POP90-952,有效日期,pVUwDr5ylEQ,391122,2026-06-02,removed-under-500k,90年代流行曲,Timeless Music Hong Kong天碟 / YouTube
Pop 90s,songlists/pop-90s.json,POP90-953,心魔,6GNp7GSnC7A,390673,2026-06-02,removed-under-500k,90年代流行曲,寰亞音樂 Media Asia Music Official Channel / YouTube
Pop 90s,songlists/pop-90s.json,POP90-954,少年遊,0wwFkidjZls,384125,2026-06-02,removed-under-500k,90年代流行曲,Timeless Music / YouTube
Pop 90s,songlists/pop-90s.json,POP90-955,英雄淚,o_iwUyja2V8,372239,2026-06-02,removed-under-500k,90年代流行曲,Timeless Music / YouTube
Pop 90s,songlists/pop-90s.json,POP90-956,就要愛了嗎,9a7sRt6W23g,370842,2026-06-02,removed-under-500k,90年代流行曲,滾石唱片 ROCK RECORDS / YouTube
Pop 90s,songlists/pop-90s.json,POP90-957,徹夜纏綿,BRA1U3FJBbA,367771,2026-06-02,removed-under-500k,90年代流行曲,Wolfman12395 / YouTube
Pop 90s,songlists/pop-90s.json,POP90-958,陳昇,7f6305MkDsI,55333382,2026-06-02,kept,90年代流行曲,滾石唱片 ROCK RECORDS / YouTube
Pop 90s,songlists/pop-90s.json,POP90-959,别怕我伤心,K1JaJnn9xEA,40814643,2026-06-02,kept,90年代流行曲,江西广播电视台今视频 China Jiangxi Radio Network / YouTube
Pop 90s,songlists/pop-90s.json,POP90-960,神鵰俠侶,HgqlVxxJcls,29620011,2026-06-02,kept,90年代流行曲,滾石唱片 ROCK RECORDS / YouTube
Pop 90s,songlists/pop-90s.json,POP90-961,於心有愧,FTA_tCy6tS8,12844346,2026-06-02,kept,90年代流行曲,universalmusichk / YouTube
Pop 90s,songlists/pop-90s.json,POP90-962,當,q4aPDcZXjGg,8467616,2026-06-02,kept,90年代流行曲,華研國際 / YouTube
Pop 90s,songlists/pop-90s.json,POP90-963,相遇太早,QTSus-RTEkY,5719629,2026-06-02,kept,90年代流行曲,2006kenlai / YouTube
Pop 90s,songlists/pop-90s.json,POP90-964,粵,Eqxv5Q61d_4,5238189,2026-06-02,kept,90年代流行曲,PopSong Lyrics / YouTube
Pop 90s,songlists/pop-90s.json,POP90-965,悟,pCf36HsDK9s,4913981,2026-06-02,kept,90年代流行曲,小宝音悦丨Bao's Music Joy / YouTube
Pop 90s,songlists/pop-90s.json,POP90-966,七友,cWQrKUSZJ3c,4880317,2026-06-02,kept,90年代流行曲,Edmond Leung - Topic / YouTube
Pop 90s,songlists/pop-90s.json,POP90-967,沒有菸抽的日子,D8v6njZ8M5s,4784362,2026-06-02,kept,90年代流行曲,Jaso Ku / YouTube
Pop 90s,songlists/pop-90s.json,POP90-968,問,-PEEXs_uQ48,4704648,2026-06-02,kept,90年代流行曲,陳淑樺 Sarah Chen / YouTube
Pop 90s,songlists/pop-90s.json,POP90-969,谁明浪子心,0ZfYYE8DRSI,4580539,2026-06-02,kept,90年代流行曲,GM Lyric / YouTube
Pop 90s,songlists/pop-90s.json,POP90-970,傷心,GohB9CAucEs,4395538,2026-06-02,kept,90年代流行曲,英皇娛樂 eeg music / YouTube
Pop 90s,songlists/pop-90s.json,POP90-971,遥远的她,-1Opdm8BcEY,4374916,2026-06-02,kept,90年代流行曲,GM Lyric / YouTube
Pop 90s,songlists/pop-90s.json,POP90-972,悶,rllzZICrt_c,4345474,2026-06-02,kept,90年代流行曲,Faye Wong Official Channel 王菲 官方頻道 / YouTube
Pop 90s,songlists/pop-90s.json,POP90-973,千年如一日,_sSQLa4I4cA,3590262,2026-06-02,kept,90年代流行曲,寰亞音樂 Media Asia Music Official Channel / YouTube
Pop 90s,songlists/pop-90s.json,POP90-974,一個人的天荒地老,W4TLdMSsU6g,3231324,2026-06-02,kept,90年代流行曲,Timeless Music / YouTube
Pop 90s,songlists/pop-90s.json,POP90-975,愛一個人好難,-BuVoEMPs-A,3075004,2026-06-02,kept,90年代流行曲,William So - Topic / YouTube
Pop 90s,songlists/pop-90s.json,POP90-976,龍舌蘭,pB8nwmbPfo4,3004501,2026-06-02,kept,90年代流行曲,Eason Chan / YouTube
Pop 90s,songlists/pop-90s.json,POP90-977,练习,bK6dVZFhmow,2855534,2026-06-02,kept,90年代流行曲,GM Lyric / YouTube
Pop 90s,songlists/pop-90s.json,POP90-978,獨家試唱,CFNJwmuOrUs,2764589,2026-06-02,kept,90年代流行曲,Timeless Music Hong Kong天碟 / YouTube
Pop 90s,songlists/pop-90s.json,POP90-979,風！告訴我,mGahTzekm2o,2649663,2026-06-02,kept,90年代流行曲,滾石唱片 ROCK RECORDS / YouTube
Pop 90s,songlists/pop-90s.json,POP90-980,真面目,t2LdnHAKaqc,2449228,2026-06-02,kept,90年代流行曲,相信音樂BinMusic / YouTube
Pop 90s,songlists/pop-90s.json,POP90-981,之外,8Br0EtgPWa0,2446230,2026-06-02,kept,90年代流行曲,universalmusichk / YouTube
Pop 90s,songlists/pop-90s.json,POP90-982,第二最愛,IMkdpOXCAMA,2373545,2026-06-02,kept,90年代流行曲,古巨基 Leo Ku / YouTube
Pop 90s,songlists/pop-90s.json,POP90-983,葡萄成熟时,xdqtxq9JPNI,2336740,2026-06-02,kept,90年代流行曲,GM Lyric / YouTube
Pop 90s,songlists/pop-90s.json,POP90-984,你是我老婆,wspFaDUnc5c,2241010,2026-06-02,kept,90年代流行曲,滾石唱片 ROCK RECORDS / YouTube
Pop 90s,songlists/pop-90s.json,POP90-985,為何又是這樣錯,Yft7HBXuSDM,2180105,2026-06-02,kept,90年代流行曲,Timeless Music Hong Kong天碟 / YouTube
Pop 90s,songlists/pop-90s.json,POP90-986,獨一無二,NVya1A_Fa_k,2018853,2026-06-02,kept,90年代流行曲,Timeless Music Hong Kong天碟 / YouTube
Pop 90s,songlists/pop-90s.json,POP90-987,愛已到底,S_DujrAdssY,1844420,2026-06-02,kept,90年代流行曲,chrisyuVEVO / YouTube
Pop 90s,songlists/pop-90s.json,POP90-988,周蕙,-AJH6bDAamc,1828612,2026-06-02,kept,90年代流行曲,華研國際 / YouTube
Pop 90s,songlists/pop-90s.json,POP90-989,在一起,TT-mcoyeA9Q,1713623,2026-06-02,kept,90年代流行曲,福茂唱片 / YouTube
Pop 90s,songlists/pop-90s.json,POP90-990,來生緣,Eca_aFUxQec,1540154,2026-06-02,kept,90年代流行曲,Miss / YouTube
Pop 90s,songlists/pop-90s.json,POP90-991,強,DzOJeugGJRA,1500216,2026-06-02,kept,90年代流行曲,Timeless Music Hong Kong天碟 / YouTube
Pop 90s,songlists/pop-90s.json,POP90-992,記得,PZRf9IBAmBo,1463792,2026-06-02,kept,90年代流行曲,周瑀（Zhou-Yu） / YouTube
Pop 90s,songlists/pop-90s.json,POP90-993,愛是,XSMZCJMdaVo,1361515,2026-06-02,kept,90年代流行曲,Timeless Music Hong Kong天碟 / YouTube
Pop 90s,songlists/pop-90s.json,POP90-994,先這樣吧,Yi4vTC8AVl8,1307503,2026-06-02,kept,90年代流行曲,滾石唱片 ROCK RECORDS / YouTube
Pop 90s,songlists/pop-90s.json,POP90-995,山頂黑狗兄,Qe93QcrB22c,1259651,2026-06-02,kept,90年代流行曲,HarlemYuVEVO / YouTube
Pop 90s,songlists/pop-90s.json,POP90-996,心太软,Bx0eseC1HGQ,1237620,2026-06-02,kept,90年代流行曲,SMG音乐频道 / YouTube
Pop 90s,songlists/pop-90s.json,POP90-997,勇,69SKel61ha4,1228550,2026-06-02,kept,90年代流行曲,APPLE CWT / YouTube
Pop 90s,songlists/pop-90s.json,POP90-998,肉麻情歌,hi6dA5F_uUs,1218478,2026-06-02,kept,90年代流行曲,meme275 / YouTube
Pop 90s,songlists/pop-90s.json,POP90-999,不浪漫罪名,9UkiP3Zzy4M,1126141,2026-06-02,kept,90年代流行曲,GM Lyric / YouTube
Pop 90s,songlists/pop-90s.json,POP90-1000,謝了 愛,rEkVoO8DXyw,1087661,2026-06-02,kept,90年代流行曲,chuanchao1961 / YouTube
Pop 90s,songlists/pop-90s.json,POP90-1001,一丝不掛,kviZ6Wh8rt8,1086232,2026-06-02,kept,90年代流行曲,GM Lyric / YouTube
Pop 90s,songlists/pop-90s.json,POP90-1002,K歌之王,7MEuDXdjbIE,1066347,2026-06-02,kept,90年代流行曲,GM Lyric / YouTube
Pop 90s,songlists/pop-90s.json,POP90-1003,一路上有你,r4FBRvHaZ-Y,1050285,2026-06-02,kept,90年代流行曲,GM Lyric / YouTube
Pop 90s,songlists/pop-90s.json,POP90-1004,我,0B0vy9A_sJA,1028513,2026-06-02,kept,90年代流行曲,Timeless Music / YouTube
Pop 90s,songlists/pop-90s.json,POP90-1005,花旦,14oPWXVISyo,1019160,2026-06-02,kept,90年代流行曲,滾石唱片 ROCK RECORDS / YouTube
Pop 90s,songlists/pop-90s.json,POP90-1006,爱情酿的酒,ovVDh4hqtBc,1013830,2026-06-02,kept,90年代流行曲,orange1983225 / YouTube
Pop 90s,songlists/pop-90s.json,POP90-1007,當刺蝟愛上玫瑰,QJ7d_BLzNXk,1003959,2026-06-02,kept,90年代流行曲,chrisyuVEVO / YouTube
Pop 90s,songlists/pop-90s.json,POP90-1008,放肆,pfpl6zHezQg,895605,2026-06-02,kept,90年代流行曲,謝霆鋒 Nicholas Tse / YouTube
Pop 90s,songlists/pop-90s.json,POP90-1009,把你寫進我的情歌裡,p4UrGDakobE,843358,2026-06-02,kept,90年代流行曲,Paye Tsai / YouTube
Pop 90s,songlists/pop-90s.json,POP90-1010,无条件,nYLqnj1C9Ig,806966,2026-06-02,kept,90年代流行曲,GM Lyric / YouTube
Pop 90s,songlists/pop-90s.json,POP90-1011,离开以后,B2zdURbfCHo,801207,2026-06-02,kept,90年代流行曲,GM Lyric / YouTube
Pop 90s,songlists/pop-90s.json,POP90-1012,敢愛,GfNjRgVvyZE,785122,2026-06-02,kept,90年代流行曲,華特音樂 / YouTube
Pop 90s,songlists/pop-90s.json,POP90-1013,生存遊戲,EepjrERGP1g,783388,2026-06-02,kept,90年代流行曲,UNIVERSAL MUSIC TAIWAN 環球音樂 / YouTube
Pop 90s,songlists/pop-90s.json,POP90-1014,当你老了,2fJ8ixztR9Y,767057,2026-06-02,kept,90年代流行曲,PinYin Lyric / YouTube
Pop 90s,songlists/pop-90s.json,POP90-1015,爱一个人好难,V29p5NKSWec,751374,2026-06-02,kept,90年代流行曲,GM Lyric / YouTube
Pop 90s,songlists/pop-90s.json,POP90-1016,給自己的情書,_PWuW1DDvRI,742747,2026-06-02,kept,90年代流行曲,FayeWongVEVO / YouTube
Pop 90s,songlists/pop-90s.json,POP90-1017,十面埋伏,kZQjXwfYoe8,741408,2026-06-02,kept,90年代流行曲,GM Lyric / YouTube
Pop 90s,songlists/pop-90s.json,POP90-1018,數你,Lsm1UyZbQUQ,729595,2026-06-02,kept,90年代流行曲,kyokeungkenneth / YouTube
Pop 90s,songlists/pop-90s.json,POP90-1019,平常心,5V6Sj54JLI0,713144,2026-06-02,kept,90年代流行曲,Timeless Music / YouTube
Pop 90s,songlists/pop-90s.json,POP90-1020,證據,NiLmx1d4FuQ,705886,2026-06-02,kept,90年代流行曲,luvluvmavis / YouTube
Pop 90s,songlists/pop-90s.json,POP90-1021,願,Z8WlLPEJp0U,702260,2026-06-02,kept,90年代流行曲,lifeisgood181 / YouTube
Pop 90s,songlists/pop-90s.json,POP90-1022,伤心1999,8lTeVlxgj9s,677389,2026-06-02,kept,90年代流行曲,GM Lyric / YouTube
Pop 90s,songlists/pop-90s.json,POP90-1023,知道,p1lNM7mXfyM,663059,2026-06-02,kept,90年代流行曲,Timeless Music / YouTube
Pop 90s,songlists/pop-90s.json,POP90-1024,還隱隱作痛,0l1y1oWUlM8,658542,2026-06-02,kept,90年代流行曲,華研國際 / YouTube
Pop 90s,songlists/pop-90s.json,POP90-1025,張耀揚,BD-6R5foKrI,652463,2026-06-02,kept,90年代流行曲,Deepson Studio / YouTube
Pop 90s,songlists/pop-90s.json,POP90-1026,新龍門客棧,kccG6RNGVmQ,644848,2026-06-02,kept,90年代流行曲,滾石唱片 ROCK RECORDS / YouTube
Pop 90s,songlists/pop-90s.json,POP90-1027,今生無悔,6XllDvHn-vU,638251,2026-06-02,kept,90年代流行曲,Charray Forever / YouTube
Pop 90s,songlists/pop-90s.json,POP90-1028,慢慢,FsEgI3op7lI,632358,2026-06-02,kept,90年代流行曲,GM Lyric / YouTube
Pop 90s,songlists/pop-90s.json,POP90-1029,不要騙我,mHEN4ccNb2Y,628987,2026-06-02,kept,90年代流行曲,豐華唱片ForwardMusic / YouTube
Pop 90s,songlists/pop-90s.json,POP90-1030,高胜美 千年等一回,RLMTildbLYM,614055,2026-06-02,kept,90年代流行曲,亦浅予 / YouTube
Pop 90s,songlists/pop-90s.json,POP90-1031,未央歌,DyXtWpIq9CY,609616,2026-06-02,kept,90年代流行曲,福茂唱片 / YouTube
Pop 90s,songlists/pop-90s.json,POP90-1032,封锁我一生,mpTqDsyevNU,597444,2026-06-02,kept,90年代流行曲,GM Lyric / YouTube
Pop 90s,songlists/pop-90s.json,POP90-1033,咖啡,-GsAFlgnXOI,586963,2026-06-02,kept,90年代流行曲,GM Lyric / YouTube
Pop 90s,songlists/pop-90s.json,POP90-1034,谢谢你的爱,q5kcYWg25pI,579653,2026-06-02,kept,90年代流行曲,GM Lyric / YouTube
Pop 90s,songlists/pop-90s.json,POP90-1035,最好的地方,PwJW6aDZLMI,576432,2026-06-02,kept,90年代流行曲,王力宏 Wang Leehom / YouTube
Pop 90s,songlists/pop-90s.json,POP90-1036,比高音 比低音,XjwlXOUjAug,570825,2026-06-02,kept,90年代流行曲,seeme96 / YouTube
Pop 90s,songlists/pop-90s.json,POP90-1037,深秋的,olo07aO91z4,570650,2026-06-02,kept,90年代流行曲,I gyhuik / YouTube
Pop 90s,songlists/pop-90s.json,POP90-1038,来生缘,BBniz82L4wM,553553,2026-06-02,kept,90年代流行曲,GM Lyric / YouTube
Pop 90s,songlists/pop-90s.json,POP90-1039,煙雨斜陽,1DsQsqjIAUk,538365,2026-06-02,kept,90年代流行曲,Timeless Music / YouTube
Pop 90s,songlists/pop-90s.json,POP90-1040,你是我的,ymA66xLUsS4,526333,2026-06-02,kept,90年代流行曲,cocoleeVEVO / YouTube
Pop 90s,songlists/pop-90s.json,POP90-1041,我不是愛過就算的人,jGgERp6zumk,525861,2026-06-02,kept,90年代流行曲,William So - Topic / YouTube
Pop 90s,songlists/pop-90s.json,POP90-1042,月亮惹得祸,OO5uL-8lgos,511845,2026-06-02,kept,90年代流行曲,he yuanyuan / YouTube
Pop 90s,songlists/pop-90s.json,POP90-1043,空,NuReINHz5_Y,502104,2026-06-02,kept,90年代流行曲,英皇娛樂 eeg music / YouTube
Pop 90s,songlists/pop-90s.json,POP90-1044,沒有煙抽的日子,fovggphoRGM,497814,2026-06-02,removed-under-500k,90年代流行曲,滾石唱片 ROCK RECORDS / YouTube
Pop 90s,songlists/pop-90s.json,POP90-1045,因為你 所以我,z7rXTHc1n3g,466671,2026-06-02,removed-under-500k,90年代流行曲,Susi / YouTube
Pop 90s,songlists/pop-90s.json,POP90-1046,李琪,GfmH1FyKuKU,455153,2026-06-02,removed-under-500k,90年代流行曲,WEWE要快乐 / YouTube
Pop 90s,songlists/pop-90s.json,POP90-1047,人来人往,A32HOzcXPCI,454620,2026-06-02,removed-under-500k,90年代流行曲,GM Lyric / YouTube
Pop 90s,songlists/pop-90s.json,POP90-1048,愛上一個不回家的人,WB0A5m6BAHs,446088,2026-06-02,removed-under-500k,90年代流行曲,Timeless Music Hong Kong天碟 / YouTube
Pop 90s,songlists/pop-90s.json,POP90-1049,猴,O1UZ5Q35K1I,444292,2026-06-02,removed-under-500k,90年代流行曲,福茂唱片 / YouTube
Pop 90s,songlists/pop-90s.json,POP90-1050,21個人,UrHGPj8cE9g,440671,2026-06-02,removed-under-500k,90年代流行曲,chrisyuVEVO / YouTube
Pop 90s,songlists/pop-90s.json,POP90-1051,别问,enTQSfkipLc,437238,2026-06-02,removed-under-500k,90年代流行曲,GM Lyric / YouTube
Pop 90s,songlists/pop-90s.json,POP90-1052,忘了隱藏,sKV6dFTx3Vc,435317,2026-06-02,removed-under-500k,90年代流行曲,Miss / YouTube
Pop 90s,songlists/pop-90s.json,POP90-1053,我喜歡瘋狂,QIAMNnaD2jQ,415891,2026-06-02,removed-under-500k,90年代流行曲,googlejerry / YouTube
Pop 90s,songlists/pop-90s.json,POP90-1054,其實怕選擇‬,pmsKRwq7JFc,411310,2026-06-02,removed-under-500k,90年代流行曲,ViuTV / YouTube
Pop 90s,songlists/pop-90s.json,POP90-1055,為什麼你不再愛我,yeOf0jUM0tw,406677,2026-06-02,removed-under-500k,90年代流行曲,Geniehigh Channel / YouTube
Pop 90s,songlists/pop-90s.json,POP90-1056,我可以抱妳嗎,KyzIom4A4A8,403875,2026-06-02,removed-under-500k,90年代流行曲,华语歌曲频道 / YouTube
Pop 90s,songlists/pop-90s.json,POP90-1057,爱相随,G8uAzqoGR48,403818,2026-06-02,removed-under-500k,90年代流行曲,GM Lyric / YouTube
Pop 90s,songlists/pop-90s.json,POP90-1058,不如承諾來的簡單,P-yqcwn3DmM,391888,2026-06-02,removed-under-500k,90年代流行曲,Eason Chan / YouTube
Pop 90s,songlists/pop-90s.json,POP90-1059,我為什麼那麼愛你,p74SRstaMCk,382701,2026-06-02,removed-under-500k,90年代流行曲,华语歌曲频道 / YouTube
Pop 90s,songlists/pop-90s.json,POP90-1060,故事的角色,zY2BflHJAgw,379818,2026-06-02,removed-under-500k,90年代流行曲,GM Lyric / YouTube
Pop 90s,songlists/pop-90s.json,POP90-1061,愛情歲月,o8Nz9tzTHTU,361629,2026-06-02,removed-under-500k,90年代流行曲,EkinChengVEVO / YouTube
Pop 90s,songlists/pop-90s.json,POP90-1062,用心良苦 月亮惹的禍,14or7upwyyw,359080,2026-06-02,removed-under-500k,90年代流行曲,Vanessa Chiu / YouTube
Pop 90s,songlists/pop-90s.json,POP90-1063,几分伤心几分痴,rwYFCHAsHMc,356586,2026-06-02,removed-under-500k,90年代流行曲,GM Lyric / YouTube
Pop 90s,songlists/pop-90s.json,POP90-1064,醉在你懷中,PNPzfeidqLY,355635,2026-06-02,removed-under-500k,90年代流行曲,Timeless Music / YouTube
Pop 90s,songlists/pop-90s.json,POP90-1065,绝望的笑容,yxPat9YH8tI,354212,2026-06-02,removed-under-500k,90年代流行曲,GM Lyric / YouTube
Pop 90s,songlists/pop-90s.json,POP90-1066,玫瑰的名字,zG4DBQj9Pf4,350240,2026-06-02,removed-under-500k,90年代流行曲,wong441 / YouTube
Pop 90s,songlists/pop-90s.json,POP90-1067,無盡透明的思念,6yuTwzOjjxw,349845,2026-06-02,removed-under-500k,90年代流行曲,福茂唱片 / YouTube
Pop 90s,songlists/pop-90s.json,POP90-1068,白色戀人,SWXQhVxfjLs,349262,2026-06-02,removed-under-500k,90年代流行曲,chrisyuVEVO / YouTube
Pop 90s,songlists/pop-90s.json,POP90-1069,我是一只鱼,4h8ZMGzBBgs,348259,2026-06-02,removed-under-500k,90年代流行曲,GM Lyric / YouTube
Pop 90s,songlists/pop-90s.json,POP90-1070,情,nm7dyUTk7II,346150,2026-06-02,removed-under-500k,90年代流行曲,AMusic Official Channel / YouTube
Pop 90s,songlists/pop-90s.json,POP90-1071,愛你,SRAdC-YHmdc,344464,2026-06-02,removed-under-500k,90年代流行曲,Daniel Chan - Topic / YouTube
Pop 90s,songlists/pop-90s.json,POP90-1072,以為你都知道,iivSGwAk7FE,342910,2026-06-02,removed-under-500k,90年代流行曲,滾石唱片 ROCK RECORDS / YouTube
Pop 90s,songlists/pop-90s.json,POP90-1073,長途伴侶,kS_ktwyt4y4,341407,2026-06-02,removed-under-500k,90年代流行曲,lydia531 / YouTube
Pop 90s,songlists/pop-90s.json,POP90-1074,激勵軍心,FaY1d87nRKE,334360,2026-06-02,removed-under-500k,90年代流行曲,Tommy Chi諸葛風雲的異想世界 / YouTube
Pop 90s,songlists/pop-90s.json,POP90-1075,只要為我愛一天,RhNSs8dzdlI,330279,2026-06-02,removed-under-500k,90年代流行曲,Pure Asian Pop / YouTube
Pop 90s,songlists/pop-90s.json,POP90-1076,我親愛的你,okXynK_xcTM,330074,2026-06-02,removed-under-500k,90年代流行曲,滾石唱片 ROCK RECORDS / YouTube
Pop 90s,songlists/pop-90s.json,POP90-1077,缘尽,7c4WuabUwHs,329767,2026-06-02,removed-under-500k,90年代流行曲,GM Lyric / YouTube
Pop 90s,songlists/pop-90s.json,POP90-1078,风雨无阻,IDDZwCFv4iM,328280,2026-06-02,removed-under-500k,90年代流行曲,GM Lyric / YouTube
Pop 90s,songlists/pop-90s.json,POP90-1079,我愛花香不愛花,RnGIcqQIasw,327272,2026-06-02,removed-under-500k,90年代流行曲,LeonLaiVEVO / YouTube
Pop 90s,songlists/pop-90s.json,POP90-1080,卧虎藏龙,HuW6Ii6LBpY,322139,2026-06-02,removed-under-500k,90年代流行曲,taotao的vlog / YouTube
Pop 90s,songlists/pop-90s.json,POP90-1081,那人那地那天,2AdGTwKiEvA,319316,2026-06-02,removed-under-500k,90年代流行曲,Kelly Chen 陳慧琳 / YouTube
Pop 90s,songlists/pop-90s.json,POP90-1082,那谁,y7XGeZvsGHw,318641,2026-06-02,removed-under-500k,90年代流行曲,GM Lyric / YouTube
Pop 90s,songlists/pop-90s.json,POP90-1083,寫情書,doHx1QtMYdo,317787,2026-06-02,removed-under-500k,90年代流行曲,chrisyuVEVO / YouTube
Pop 90s,songlists/pop-90s.json,POP90-1084,敬啟者愛是全奉獻,W8PrYEcVSUM,315008,2026-06-02,removed-under-500k,90年代流行曲,Timeless Music Hong Kong天碟 / YouTube
Pop 90s,songlists/pop-90s.json,POP90-1085,麻將,ayGO8tBodso,309785,2026-06-02,removed-under-500k,90年代流行曲,豐華唱片ForwardMusic / YouTube
Pop 90s,songlists/pop-90s.json,POP90-1086,星夢情真,Zl3RoV4ec_s,306646,2026-06-02,removed-under-500k,90年代流行曲,KellyChenVEVO / YouTube
Pop 90s,songlists/pop-90s.json,POP90-1087,只給你,Ee44cfVVul0,306181,2026-06-02,removed-under-500k,90年代流行曲,Timeless Music / YouTube
Pop 90s,songlists/pop-90s.json,POP90-1088,烈愛成灰,tpz8mak4D-c,305929,2026-06-02,removed-under-500k,90年代流行曲,Kelly Chen 陳慧琳 / YouTube
Pop 90s,songlists/pop-90s.json,POP90-1089,打開你未來,98Xp47gMYSI,302654,2026-06-02,removed-under-500k,90年代流行曲,EkinChengVEVO / YouTube
Pop 90s,songlists/pop-90s.json,POP90-1090,愛恨纏綿,3I9gYghPHgI,302184,2026-06-02,removed-under-500k,90年代流行曲,efilehkorg / YouTube
Pop 90s,songlists/pop-90s.json,POP90-1091,我無所謂,1XanBJQ5bkA,298354,2026-06-02,removed-under-500k,90年代流行曲,华语歌曲频道 / YouTube
Pop 90s,songlists/pop-90s.json,POP90-1092,只有為你,I-uYflGePNM,297603,2026-06-02,removed-under-500k,90年代流行曲,HarlemYuVEVO / YouTube
Pop 90s,songlists/pop-90s.json,POP90-1093,愛已離開,cN-Q_4zHWIw,297463,2026-06-02,removed-under-500k,90年代流行曲,gn01665831 / YouTube
Pop 90s,songlists/pop-90s.json,POP90-1094,原諒我是我,tbVEgZEfsEk,296891,2026-06-02,removed-under-500k,90年代流行曲,treeman1686 / YouTube
Pop 90s,songlists/pop-90s.json,POP90-1095,大男人情歌,1RzBjC6UnAU,296805,2026-06-02,removed-under-500k,90年代流行曲,Timeless Music Hong Kong天碟 / YouTube
Pop 90s,songlists/pop-90s.json,POP90-1096,孤星泪,HCEv1KL2Dm0,295504,2026-06-02,removed-under-500k,90年代流行曲,GM Lyric / YouTube
Pop 90s,songlists/pop-90s.json,POP90-1097,心跳回憶,OXORiXleyI8,294992,2026-06-02,removed-under-500k,90年代流行曲,Timeless Music Hong Kong天碟 / YouTube
Pop 90s,songlists/pop-90s.json,POP90-1098,楊培安 大海,f3bYD-7ECko,294114,2026-06-02,removed-under-500k,90年代流行曲,擎天娛樂 / YouTube
Pop 90s,songlists/pop-90s.json,POP90-1099,不做你的愛人,f4VZtanjgE8,291702,2026-06-02,removed-under-500k,90年代流行曲,潮水音樂 Tide Music / YouTube
Pop 90s,songlists/pop-90s.json,POP90-1100,別來無恙,PmE8IUU-yF0,291667,2026-06-02,removed-under-500k,90年代流行曲,KellyChenVEVO / YouTube
Pop 90s,songlists/pop-90s.json,POP90-1101,我和秋天有個約會,mnOTXZXXi-U,290918,2026-06-02,removed-under-500k,90年代流行曲,KarenTongVEVO / YouTube
Pop 90s,songlists/pop-90s.json,POP90-1102,笑中有淚,ru6ZVp7DGhw,288722,2026-06-02,removed-under-500k,90年代流行曲,MiriamYeungVEVO / YouTube
Pop 90s,songlists/pop-90s.json,POP90-1103,中意他,mFdG0uEqsbY,286592,2026-06-02,removed-under-500k,90年代流行曲,Jeff Wu / YouTube
Pop 90s,songlists/pop-90s.json,POP90-1104,暖流,44T2c0fS13k,286410,2026-06-02,removed-under-500k,90年代流行曲,豐華唱片ForwardMusic / YouTube
Pop 90s,songlists/pop-90s.json,POP90-1105,失憶諒解備忘錄,p1Ph7Tj8uUU,286243,2026-06-02,removed-under-500k,90年代流行曲,Timeless Music Hong Kong天碟 / YouTube
Pop 90s,songlists/pop-90s.json,POP90-1106,伶仃,F7EBcYsMzmk,285592,2026-06-02,removed-under-500k,90年代流行曲,KellyChenVEVO / YouTube
Pop 90s,songlists/pop-90s.json,POP90-1107,如果天空要下雨,z2jmPxdpIt8,284705,2026-06-02,removed-under-500k,90年代流行曲,EkinChengVEVO / YouTube
Pop 90s,songlists/pop-90s.json,POP90-1108,月光愛人,XHSoDCLMGXI,283424,2026-06-02,removed-under-500k,90年代流行曲,My Music My Life / YouTube
Pop 90s,songlists/pop-90s.json,POP90-1109,小城故事,IbLnt1Uh39A,282611,2026-06-02,removed-under-500k,90年代流行曲,Timeless Music / YouTube
Pop 90s,songlists/pop-90s.json,POP90-1110,被愛的女人,ZJboCqe-jaA,282163,2026-06-02,removed-under-500k,90年代流行曲,CoCoLeeVideo / YouTube
Pop 90s,songlists/pop-90s.json,POP90-1111,葉子,yjywORYeJO0,279592,2026-06-02,removed-under-500k,90年代流行曲,福茂唱片 / YouTube
Pop 90s,songlists/pop-90s.json,POP90-1112,向全世界說愛你,R_a2sxJSrRg,276776,2026-06-02,removed-under-500k,90年代流行曲,華星唱片 Capital Artists Official Channel / YouTube
Pop 90s,songlists/pop-90s.json,POP90-1113,要知道你的感覺,OEvpsBXhfMs,275994,2026-06-02,removed-under-500k,90年代流行曲,宮士軒 / YouTube
Pop 90s,songlists/pop-90s.json,POP90-1114,少年的心,P_q6hGyq49s,275917,2026-06-02,removed-under-500k,90年代流行曲,Timeless Music / YouTube
Pop 90s,songlists/pop-90s.json,POP90-1115,對面的男孩看過來,-WrdNZ5jgIM,275379,2026-06-02,removed-under-500k,90年代流行曲,滾石唱片 ROCK RECORDS / YouTube
Pop 90s,songlists/pop-90s.json,POP90-1116,爱不完,Jcr-Bi168tQ,272600,2026-06-02,removed-under-500k,90年代流行曲,GM Lyric / YouTube
Pop 90s,songlists/pop-90s.json,POP90-1117,最深刻一次,G04_8yQdDXs,272296,2026-06-02,removed-under-500k,90年代流行曲,czar9sk / YouTube
Pop 90s,songlists/pop-90s.json,POP90-1118,未忘人,bO0oMZdP-FA,270768,2026-06-02,removed-under-500k,90年代流行曲,MarketNicheMV / YouTube
Pop 90s,songlists/pop-90s.json,POP90-1119,台北寂寞部屋,mhChxy77p9M,270590,2026-06-02,removed-under-500k,90年代流行曲,chrisyuVEVO / YouTube
Pop 90s,songlists/pop-90s.json,POP90-1120,野菊花,ERaXFYUCms8,269837,2026-06-02,removed-under-500k,90年代流行曲,Timeless Music / YouTube
Pop 90s,songlists/pop-90s.json,POP90-1121,囍帖街,UgtpoBVVUlQ,269192,2026-06-02,removed-under-500k,90年代流行曲,Timeless Music Hong Kong天碟 / YouTube
Pop 90s,songlists/pop-90s.json,POP90-1122,我也會愛上別人的,IBCRDDbfg60,267489,2026-06-02,removed-under-500k,90年代流行曲,滾石唱片 ROCK RECORDS / YouTube
Pop 90s,songlists/pop-90s.json,POP90-1123,不想獨自快樂,MVV2nqyldPs,266801,2026-06-02,removed-under-500k,90年代流行曲,C90s 港仔音樂 / YouTube
Pop 90s,songlists/pop-90s.json,POP90-1124,爱我别走,CMp-imo2xNw,266670,2026-06-02,removed-under-500k,90年代流行曲,江苏卫视官方频道China JiangsuTV Official Channel / YouTube
Pop 90s,songlists/pop-90s.json,POP90-1125,背叛無所謂,YBs4k4-MkiY,266108,2026-06-02,removed-under-500k,90年代流行曲,李翊君 LEE YI JUN 官方頻道 / YouTube
Pop 90s,songlists/pop-90s.json,POP90-1126,錯愛的呼喚,-uhJKgRoJeQ,265653,2026-06-02,removed-under-500k,90年代流行曲,Timeless Music Hong Kong天碟 / YouTube
Pop 90s,songlists/pop-90s.json,POP90-1127,情深的一句,hhnlsir1NKI,264065,2026-06-02,removed-under-500k,90年代流行曲,GM Lyric / YouTube
Pop 90s,songlists/pop-90s.json,POP90-1128,消失,X-7oAO9V5ds,263490,2026-06-02,removed-under-500k,90年代流行曲,福茂唱片 / YouTube
Pop 90s,songlists/pop-90s.json,POP90-1129,病人,Cy9z8OEf7lQ,262568,2026-06-02,removed-under-500k,90年代流行曲,Daniel Chan - Topic / YouTube
Pop 90s,songlists/pop-90s.json,POP90-1130,情人甲,jv8BfOGje6E,260103,2026-06-02,removed-under-500k,90年代流行曲,東亞唱片 East Asia Music Official Channel / YouTube
Pop 90s,songlists/pop-90s.json,POP90-1131,別舔傷口,OE21qLExp-4,259236,2026-06-02,removed-under-500k,90年代流行曲,AMusic Official Channel / YouTube
Pop 90s,songlists/pop-90s.json,POP90-1132,完全因你,5pTFTPp-qFY,257891,2026-06-02,removed-under-500k,90年代流行曲,sharemysongs / YouTube
Pop 90s,songlists/pop-90s.json,POP90-1133,連回憶都不給我嗎,GAgBxcszYXE,254624,2026-06-02,removed-under-500k,90年代流行曲,Timeless Music / YouTube
Pop 90s,songlists/pop-90s.json,POP90-1134,下一站天國,ldSuNyCEsUQ,254295,2026-06-02,removed-under-500k,90年代流行曲,Andrea Yang / YouTube
Pop 90s,songlists/pop-90s.json,POP90-1135,聊齋,FbdTDEcXyx8,254273,2026-06-02,removed-under-500k,90年代流行曲,TOM CHAN / YouTube
Pop 90s,songlists/pop-90s.json,POP90-1136,孤枕难眠,ZdQ-E_-p5NA,254193,2026-06-02,removed-under-500k,90年代流行曲,GM Lyric / YouTube
Pop 90s,songlists/pop-90s.json,POP90-1137,有過你,1Y4w7l0JE4s,251664,2026-06-02,removed-under-500k,90年代流行曲,東亞唱片 East Asia Music Official Channel / YouTube
Pop 90s,songlists/pop-90s.json,POP90-1138,玻璃,kh0E3j2xrl4,248738,2026-06-02,removed-under-500k,90年代流行曲,滾石唱片 ROCK RECORDS / YouTube
Pop 90s,songlists/pop-90s.json,POP90-1139,一剎天堂,7AE0-JmNAPc,248160,2026-06-02,removed-under-500k,90年代流行曲,Kelly Chen 陳慧琳 / YouTube
Pop 90s,songlists/pop-90s.json,POP90-1140,魔力,5DWu-W3pQ6M,243888,2026-06-02,removed-under-500k,90年代流行曲,福茂唱片 / YouTube
Pop 90s,songlists/pop-90s.json,POP90-1141,期待,GbwJzC4qOCw,243516,2026-06-02,removed-under-500k,90年代流行曲,豐華唱片ForwardMusic / YouTube
Pop 90s,songlists/pop-90s.json,POP90-1142,七月一號,NIPd_zO0EMA,243497,2026-06-02,removed-under-500k,90年代流行曲,chrisyuVEVO / YouTube
Pop 90s,songlists/pop-90s.json,POP90-1143,國王的新歌,jWlb2Xu9Gl4,242560,2026-06-02,removed-under-500k,90年代流行曲,Timeless Music Hong Kong天碟 / YouTube
Pop 90s,songlists/pop-90s.json,POP90-1144,一人獨得,nhVBU5hLnjo,242522,2026-06-02,removed-under-500k,90年代流行曲,東亞唱片 East Asia Music Official Channel / YouTube
Pop 90s,songlists/pop-90s.json,POP90-1145,幾多,wOr8zg-jI3g,240682,2026-06-02,removed-under-500k,90年代流行曲,EkinChengVEVO / YouTube
Pop 90s,songlists/pop-90s.json,POP90-1146,灰色雨滴,20nAOFM56qk,240239,2026-06-02,removed-under-500k,90年代流行曲,Hsu Viktor / YouTube
Pop 90s,songlists/pop-90s.json,POP90-1147,望鄉,Dnya8p8V4Gs,240115,2026-06-02,removed-under-500k,90年代流行曲,Timeless Music Hong Kong天碟 / YouTube
Pop 90s,songlists/pop-90s.json,POP90-1148,失樂園,OcitO94Z5go,240095,2026-06-02,removed-under-500k,90年代流行曲,陳淑樺 Sarah Chen / YouTube
Pop 90s,songlists/pop-90s.json,POP90-1149,分手天才,-RMGjF0hQyE,238015,2026-06-02,removed-under-500k,90年代流行曲,東亞唱片 East Asia Music Official Channel / YouTube
Pop 90s,songlists/pop-90s.json,POP90-1150,吻感,4wxZFF8-dJc,237694,2026-06-02,removed-under-500k,90年代流行曲,EkinChengVEVO / YouTube
Pop 90s,songlists/pop-90s.json,POP90-1151,心電感應,P9Erz1CbA_c,237508,2026-06-02,removed-under-500k,90年代流行曲,TingWeiMengVEVO / YouTube
Pop 90s,songlists/pop-90s.json,POP90-1152,單身逃亡,hP6FIj8_jJY,236317,2026-06-02,removed-under-500k,90年代流行曲,可登唱片/可登有聲 Coden Records / YouTube
Pop 90s,songlists/pop-90s.json,POP90-1153,心碎了無痕,g3KtfjJM2eE,235542,2026-06-02,removed-under-500k,90年代流行曲,Atlantisea / YouTube
Pop 90s,songlists/pop-90s.json,POP90-1154,某某,7yQnI-luh6Q,231505,2026-06-02,removed-under-500k,90年代流行曲,東亞唱片 East Asia Music Official Channel / YouTube
Pop 90s,songlists/pop-90s.json,POP90-1155,傷了三個心,aMMV0bMK410,231241,2026-06-02,removed-under-500k,90年代流行曲,華星唱片 Capital Artists Official Channel / YouTube
Pop 90s,songlists/pop-90s.json,POP90-1156,愛多錯多,Iktcl3hOk44,227558,2026-06-02,removed-under-500k,90年代流行曲,英皇娛樂 eeg music / YouTube
Pop 90s,songlists/pop-90s.json,POP90-1157,一世一次戀愛,IwY9bVv0c2c,227296,2026-06-02,removed-under-500k,90年代流行曲,華星唱片 Capital Artists Official Channel / YouTube
Pop 90s,songlists/pop-90s.json,POP90-1158,亂了星座,PyXPZulmJY0,226542,2026-06-02,removed-under-500k,90年代流行曲,Yiu Wing Live / YouTube
Pop 90s,songlists/pop-90s.json,POP90-1159,好朋友,y-jTEjYJD5g,226247,2026-06-02,removed-under-500k,90年代流行曲,華星唱片 Capital Artists Official Channel / YouTube
Pop 90s,songlists/pop-90s.json,POP90-1160,沿途有你,gWpgabisReI,225916,2026-06-02,removed-under-500k,90年代流行曲,GM Lyric / YouTube
Pop 90s,songlists/pop-90s.json,POP90-1161,藍色傘下等,rh1Q3NoQkxY,224681,2026-06-02,removed-under-500k,90年代流行曲,Amanda Lee - Topic / YouTube
Pop 90s,songlists/pop-90s.json,POP90-1162,紅雨,J0VT3J0GJXg,224537,2026-06-02,removed-under-500k,90年代流行曲,MongTingWeiVEVO / YouTube
Pop 90s,songlists/pop-90s.json,POP90-1163,B面第一首,Z0eK318EzNc,220933,2026-06-02,removed-under-500k,90年代流行曲,Gigi Leung 梁詠琪官方專屬頻道 / YouTube
Pop 90s,songlists/pop-90s.json,POP90-1164,回甘,MCzOD6KTOoU,220379,2026-06-02,removed-under-500k,90年代流行曲,英皇娛樂 eeg music / YouTube
Pop 90s,songlists/pop-90s.json,POP90-1165,你的淚光,gQmsThfzqaQ,219301,2026-06-02,removed-under-500k,90年代流行曲,華特音樂 / YouTube
Pop 90s,songlists/pop-90s.json,POP90-1166,仿如隔世,W18iqtG7XWk,219300,2026-06-02,removed-under-500k,90年代流行曲,kaz chan / YouTube
Pop 90s,songlists/pop-90s.json,POP90-1167,一路走來,IhSMoyTbiKo,217041,2026-06-02,removed-under-500k,90年代流行曲,東亞唱片 East Asia Music Official Channel / YouTube
Pop 90s,songlists/pop-90s.json,POP90-1168,一生痴心,0mnD4YUx3VQ,215466,2026-06-02,removed-under-500k,90年代流行曲,LeonLaiVEVO / YouTube
Pop 90s,songlists/pop-90s.json,POP90-1169,離人,T-KahWxfdIg,214111,2026-06-02,removed-under-500k,90年代流行曲,tomoyo262 / YouTube
Pop 90s,songlists/pop-90s.json,POP90-1170,最愛你的人,stSY9PgsJJU,211436,2026-06-02,removed-under-500k,90年代流行曲,華特音樂 / YouTube
Pop 90s,songlists/pop-90s.json,POP90-1171,仍然是最愛你,GPBSC4edaYk,211348,2026-06-02,removed-under-500k,90年代流行曲,vivian tin / YouTube
Pop 90s,songlists/pop-90s.json,POP90-1172,自由歌,E5-HooZ3OhY,211082,2026-06-02,removed-under-500k,90年代流行曲,Timeless Music / YouTube
Pop 90s,songlists/pop-90s.json,POP90-1173,输了你赢了世界又如何,ZcHyfy6Ei9M,210736,2026-06-02,removed-under-500k,90年代流行曲,综艺不下线 / YouTube
Pop 90s,songlists/pop-90s.json,POP90-1174,不是定理,AY0fej5xcxc,209403,2026-06-02,removed-under-500k,90年代流行曲,英皇娛樂 eeg music / YouTube
Pop 90s,songlists/pop-90s.json,POP90-1175,如果沒有你,pKNMIfF4Zg0,208482,2026-06-02,removed-under-500k,90年代流行曲,台灣索尼音樂 Sony Music Taiwan / YouTube
Pop 90s,songlists/pop-90s.json,POP90-1176,一個心跳的距離,78F2lpUXB-o,208226,2026-06-02,removed-under-500k,90年代流行曲,福茂唱片 / YouTube
Pop 90s,songlists/pop-90s.json,POP90-1177,其實我深深愛著你,mOR20TvfM0k,208139,2026-06-02,removed-under-500k,90年代流行曲,EddieNgVEVO / YouTube
Pop 90s,songlists/pop-90s.json,POP90-1178,隨時候命,s1hWVISQgmc,207501,2026-06-02,removed-under-500k,90年代流行曲,HK Songs / YouTube
Pop 90s,songlists/pop-90s.json,POP90-1179,思念,aQwzPqaTCkQ,206951,2026-06-02,removed-under-500k,90年代流行曲,華星唱片 Capital Artists Official Channel / YouTube
Pop 90s,songlists/pop-90s.json,POP90-1180,心領神會,3CdUPMRFYIE,206495,2026-06-02,removed-under-500k,90年代流行曲,莫文蔚 Karen Mok / YouTube
Pop 90s,songlists/pop-90s.json,POP90-1181,你的生日,dFUBZLtslMA,204874,2026-06-02,removed-under-500k,90年代流行曲,eileen580718 / YouTube
Pop 90s,songlists/pop-90s.json,POP90-1182,好好,IW3UoH-kEMM,204398,2026-06-02,removed-under-500k,90年代流行曲,green tea of watch綠茶婊 / YouTube
Pop 90s,songlists/pop-90s.json,POP90-1183,小玩意,c1b-yV1yos0,201857,2026-06-02,removed-under-500k,90年代流行曲,Timeless Music / YouTube
Pop 90s,songlists/pop-90s.json,POP90-1184,星期五檔案,XJQoYT2yQZs,201574,2026-06-02,removed-under-500k,90年代流行曲,KellyChenVEVO / YouTube
Pop 90s,songlists/pop-90s.json,POP90-1185,蝴蝶結,Bbpn95J6ax8,201306,2026-06-02,removed-under-500k,90年代流行曲,Timeless Music / YouTube
Pop 90s,songlists/pop-90s.json,POP90-1186,想見便遇見,Ar3bOrpPHk0,199618,2026-06-02,removed-under-500k,90年代流行曲,Aaron Kwok Amazing Channel / YouTube
Pop 90s,songlists/pop-90s.json,POP90-1187,男人壞,tbG-VgoLIFU,197294,2026-06-02,removed-under-500k,90年代流行曲,音樂（音 樂） / YouTube
Pop 90s,songlists/pop-90s.json,POP90-1188,准我愛你,I22Kjlz0i0U,197179,2026-06-02,removed-under-500k,90年代流行曲,DanielChanVEVO / YouTube
Pop 90s,songlists/pop-90s.json,POP90-1189,誰能丟掉傷心,yqdYdvSJv6Y,196451,2026-06-02,removed-under-500k,90年代流行曲,Timeless Music / YouTube
Pop 90s,songlists/pop-90s.json,POP90-1190,深邃與甜蜜,e3DfizZen-w,196197,2026-06-02,removed-under-500k,90年代流行曲,豐華唱片ForwardMusic / YouTube
Pop 90s,songlists/pop-90s.json,POP90-1191,罪人,BNJlNGB80RE,196024,2026-06-02,removed-under-500k,90年代流行曲,HackenLeeVEVO / YouTube
Pop 90s,songlists/pop-90s.json,POP90-1192,無聲雨,FmB7gSQ7XGE,194771,2026-06-02,removed-under-500k,90年代流行曲,滾石唱片 ROCK RECORDS / YouTube
Pop 90s,songlists/pop-90s.json,POP90-1193,地下鐵,kPF2jhYKA24,193405,2026-06-02,removed-under-500k,90年代流行曲,chrisyuVEVO / YouTube
Pop 90s,songlists/pop-90s.json,POP90-1194,友情岁月,qGLV_tmOx_Q,192751,2026-06-02,removed-under-500k,90年代流行曲,Music For A Better Life / YouTube
Pop 90s,songlists/pop-90s.json,POP90-1195,心情卡片,cPdCwAFJqM4,191638,2026-06-02,removed-under-500k,90年代流行曲,潮水音樂 Tide Music / YouTube
Pop 90s,songlists/pop-90s.json,POP90-1196,你是我的女人,_X05oVHFJqk,190019,2026-06-02,removed-under-500k,90年代流行曲,GM Lyric / YouTube
Pop 90s,songlists/pop-90s.json,POP90-1197,麻花辮子,9pBRYut-6ho,188498,2026-06-02,removed-under-500k,90年代流行曲,Timeless Music / YouTube
Pop 90s,songlists/pop-90s.json,POP90-1198,粉紅色的凸床,r8vQN3nV9Tc,188097,2026-06-02,removed-under-500k,90年代流行曲,滾石唱片 ROCK RECORDS / YouTube
Pop 90s,songlists/pop-90s.json,POP90-1199,愛缺,6zX4tmclUyc,187698,2026-06-02,removed-under-500k,90年代流行曲,豐華唱片ForwardMusic / YouTube
Pop 90s,songlists/pop-90s.json,POP90-1200,熟悉,yaHTWsxvXnA,187682,2026-06-02,removed-under-500k,90年代流行曲,HarlemYuVEVO / YouTube
Pop 90s,songlists/pop-90s.json,POP90-1201,雨後陽光,8ahw3AlsXrE,187425,2026-06-02,removed-under-500k,90年代流行曲,華星唱片 Capital Artists Official Channel / YouTube
Pop 90s,songlists/pop-90s.json,POP90-1202,殘夢,uBtiJ2rPru0,187139,2026-06-02,removed-under-500k,90年代流行曲,universalmusichk / YouTube
Pop 90s,songlists/pop-90s.json,POP90-1203,無聲的雨,JjJMIa0zcxw,185810,2026-06-02,removed-under-500k,90年代流行曲,孟庭葦工作室 / YouTube
Pop 90s,songlists/pop-90s.json,POP90-1204,看清楚,MdjdPl8n41U,184905,2026-06-02,removed-under-500k,90年代流行曲,AndyHuiVEVO / YouTube
Pop 90s,songlists/pop-90s.json,POP90-1205,我最搖擺,IA5Hdt_4rjg,183645,2026-06-02,removed-under-500k,90年代流行曲,HarlemYuVEVO / YouTube
Pop 90s,songlists/pop-90s.json,POP90-1206,二人行一日後,NnYgrJ-cn-o,183189,2026-06-02,removed-under-500k,90年代流行曲,AndyHuiVEVO / YouTube
Pop 90s,songlists/pop-90s.json,POP90-1207,神化,9ypLxS3Vb5c,183090,2026-06-02,removed-under-500k,90年代流行曲,Timeless Music Hong Kong天碟 / YouTube
Pop 90s,songlists/pop-90s.json,POP90-1208,等得太久,46plcaoGMR8,182871,2026-06-02,removed-under-500k,90年代流行曲,CassPhangVEVO / YouTube
Pop 90s,songlists/pop-90s.json,POP90-1209,忘了怎么说爱你,Zz-5WStch_Y,181460,2026-06-02,removed-under-500k,90年代流行曲,GM Lyric / YouTube
Pop 90s,songlists/pop-90s.json,POP90-1210,愛妳是我一生的理想,7m7qsboN_8Y,181146,2026-06-02,removed-under-500k,90年代流行曲,siubunbun / YouTube
Pop 90s,songlists/pop-90s.json,POP90-1211,天生溫柔,wWp5DNOAdm8,180578,2026-06-02,removed-under-500k,90年代流行曲,Timeless Music / YouTube
Pop 90s,songlists/pop-90s.json,POP90-1212,中国的孩子,qThVwjpRzE4,180231,2026-06-02,removed-under-500k,90年代流行曲,Alan Tan / YouTube
Pop 90s,songlists/pop-90s.json,POP90-1213,乘虚而入,jR_32EdLgq0,179690,2026-06-02,removed-under-500k,90年代流行曲,GM Lyric / YouTube
Pop 90s,songlists/pop-90s.json,POP90-1214,發現,U6hmddeHnXs,179640,2026-06-02,removed-under-500k,90年代流行曲,Music gives me Love / YouTube
Pop 90s,songlists/pop-90s.json,POP90-1215,不如不見,d1ANX-YvMM4,178428,2026-06-02,removed-under-500k,90年代流行曲,Sony Music Entertainment Hong Kong / YouTube
Pop 90s,songlists/pop-90s.json,POP90-1216,讓風吹,5Jvs50-JmSs,178181,2026-06-02,removed-under-500k,90年代流行曲,Timeless Music / YouTube
Pop 90s,songlists/pop-90s.json,POP90-1217,流水年華,hFeqltU8uzo,175873,2026-06-02,removed-under-500k,90年代流行曲,HarlemYuVEVO / YouTube
Pop 90s,songlists/pop-90s.json,POP90-1218,放心,8R0B8Jy-JmQ,175332,2026-06-02,removed-under-500k,90年代流行曲,艾迪昇傳播 / YouTube
Pop 90s,songlists/pop-90s.json,POP90-1219,寒舍,XqZArVMuRAQ,174025,2026-06-02,removed-under-500k,90年代流行曲,MiriamYeungVEVO / YouTube
Pop 90s,songlists/pop-90s.json,POP90-1220,愛永遠存在,SAPvSNkMyfg,172761,2026-06-02,removed-under-500k,90年代流行曲,Focus Music Official / YouTube
Pop 90s,songlists/pop-90s.json,POP90-1221,終身贊助,El5w27hMMOQ,172760,2026-06-02,removed-under-500k,90年代流行曲,東亞唱片 East Asia Music Official Channel / YouTube
Pop 90s,songlists/pop-90s.json,POP90-1222,鋼鐵男子,zjAPiMRswZ0,172225,2026-06-02,removed-under-500k,90年代流行曲,RONG XIANG CHUNG / YouTube
Pop 90s,songlists/pop-90s.json,POP90-1223,愛到最深處,H9KPlWFro_E,168970,2026-06-02,removed-under-500k,90年代流行曲,滾石唱片 ROCK RECORDS / YouTube
Pop 90s,songlists/pop-90s.json,POP90-1224,一直想對你說,J7dErgO13zg,167929,2026-06-02,removed-under-500k,90年代流行曲,Paye Tsai / YouTube
Pop 90s,songlists/pop-90s.json,POP90-1225,心動的瞬間,I0g6courIIk,166279,2026-06-02,removed-under-500k,90年代流行曲,華特音樂 / YouTube
Pop 90s,songlists/pop-90s.json,POP90-1226,往事,IGZdshq042g,165838,2026-06-02,removed-under-500k,90年代流行曲,MongTingWeiVEVO / YouTube
Pop 90s,songlists/pop-90s.json,POP90-1227,未完的小說,QJBnmif78N0,165282,2026-06-02,removed-under-500k,90年代流行曲,CassPhangVEVO / YouTube
Pop 90s,songlists/pop-90s.json,POP90-1228,雙魚的責任,Qse0LMVAzBE,165146,2026-06-02,removed-under-500k,90年代流行曲,Bill Bounce / YouTube
Pop 90s,songlists/pop-90s.json,POP90-1229,任性,772zeY6qa3U,164969,2026-06-02,removed-under-500k,90年代流行曲,MuSiC CC / YouTube
Pop 90s,songlists/pop-90s.json,POP90-1230,找鑰匙,XHYxrZHraa4,164456,2026-06-02,removed-under-500k,90年代流行曲,潮水音樂 Tide Music / YouTube
Pop 90s,songlists/pop-90s.json,POP90-1231,重新做人,qSLrRWvfG1o,163531,2026-06-02,removed-under-500k,90年代流行曲,華星唱片 Capital Artists Official Channel / YouTube
Pop 90s,songlists/pop-90s.json,POP90-1232,我是一棵秋天的樹,hh8Krfg2qmc,161038,2026-06-02,removed-under-500k,90年代流行曲,Timeless Music / YouTube
Pop 90s,songlists/pop-90s.json,POP90-1233,让懂你的人爱你,EX1PZM8gP2k,159898,2026-06-02,removed-under-500k,90年代流行曲,GM Lyric / YouTube
Pop 90s,songlists/pop-90s.json,POP90-1234,她爱了我好久,1kqbyhL19F8,159523,2026-06-02,removed-under-500k,90年代流行曲,GM Lyric / YouTube
Pop 90s,songlists/pop-90s.json,POP90-1235,想你,d8TVD4XXgTs,157851,2026-06-02,removed-under-500k,90年代流行曲,滾石唱片 ROCK RECORDS / YouTube
Pop 90s,songlists/pop-90s.json,POP90-1236,老人院,sXCLA1kNTnk,156503,2026-06-02,removed-under-500k,90年代流行曲,wa2 / YouTube
Pop 90s,songlists/pop-90s.json,POP90-1237,再吻我吧,B5t46CGazho,156459,2026-06-02,removed-under-500k,90年代流行曲,GM Lyric / YouTube
Pop 90s,songlists/pop-90s.json,POP90-1238,雪花,_-wVHq4mgaw,156069,2026-06-02,removed-under-500k,90年代流行曲,滾石唱片 ROCK RECORDS / YouTube
Pop 90s,songlists/pop-90s.json,POP90-1239,今生今世,uMX6D5haMDU,154378,2026-06-02,removed-under-500k,90年代流行曲,滾石唱片 ROCK RECORDS / YouTube
Pop 90s,songlists/pop-90s.json,POP90-1240,刀剑如梦,ONDMm5bv_6U,153889,2026-06-02,removed-under-500k,90年代流行曲,GM Lyric / YouTube
Pop 90s,songlists/pop-90s.json,POP90-1241,想你到心慌,OGYim51FA1s,153311,2026-06-02,removed-under-500k,90年代流行曲,張清芳 Stella / YouTube
Pop 90s,songlists/pop-90s.json,POP90-1242,山頂嘅朋友,f52D4_QyDNM,152680,2026-06-02,removed-under-500k,90年代流行曲,寰亞音樂 Media Asia Music Official Channel / YouTube
Pop 90s,songlists/pop-90s.json,POP90-1243,戏梦,moNqKUzajqE,152426,2026-06-02,removed-under-500k,90年代流行曲,GM Lyric / YouTube
Pop 90s,songlists/pop-90s.json,POP90-1244,飛花,tgjLN1q6RFs,151369,2026-06-02,removed-under-500k,90年代流行曲,C90s 港仔音樂 / YouTube
Pop 90s,songlists/pop-90s.json,POP90-1245,我的眼淚在顫抖,H-aVb82HaXg,151119,2026-06-02,removed-under-500k,90年代流行曲,滾石唱片 ROCK RECORDS / YouTube
Pop 90s,songlists/pop-90s.json,POP90-1246,進化,FLJsqbTJ9Sc,149554,2026-06-02,removed-under-500k,90年代流行曲,Leon Lai / YouTube
Pop 90s,songlists/pop-90s.json,POP90-1247,夜風鈴,-nuxf5MeRTs,149522,2026-06-02,removed-under-500k,90年代流行曲,CassPhangVEVO / YouTube
Pop 90s,songlists/pop-90s.json,POP90-1248,落淚的戲子,U9yINfK-u18,149446,2026-06-02,removed-under-500k,90年代流行曲,Timeless Music / YouTube
Pop 90s,songlists/pop-90s.json,POP90-1249,活著就是等待,CcLf48x02CA,148887,2026-06-02,removed-under-500k,90年代流行曲,KarenTongVEVO / YouTube
Pop 90s,songlists/pop-90s.json,POP90-1250,你最珍貴,_SODktUwNYo,11587718,2026-06-02,kept,90年代流行曲,JackyCheungVEVO / YouTube
Pop 90s,songlists/pop-90s.json,POP90-1251,張洪量,jVvTtuagceY,4632775,2026-06-02,kept,90年代流行曲,滾石唱片 ROCK RECORDS / YouTube
Pop 90s,songlists/pop-90s.json,POP90-1252,中国好声音 第四季,W0PpODrYm0E,4049631,2026-06-02,kept,90年代流行曲,LeonXL 李安 / YouTube
Pop 90s,songlists/pop-90s.json,POP90-1253,心淡,FBloNmck0K0,3677332,2026-06-02,kept,90年代流行曲,Anita Chan / YouTube
Pop 90s,songlists/pop-90s.json,POP90-1254,雨傘代表阮心肝,ChkAEw4zKYg,2238671,2026-06-02,kept,90年代流行曲,華特音樂 / YouTube
Pop 90s,songlists/pop-90s.json,POP90-1255,小,FkvTSc_yflI,2049414,2026-06-02,kept,90年代流行曲,塌塌娱塘趣事 / YouTube
Pop 90s,songlists/pop-90s.json,POP90-1256,十八,S7iYug_j5tI,1626391,2026-06-02,kept,90年代流行曲,My Weekend with Books周末读书天 / YouTube
Pop 90s,songlists/pop-90s.json,POP90-1257,浪跡天涯,2Pubj55B1Is,1605926,2026-06-02,kept,90年代流行曲,林玉璽(牧童) / YouTube
Pop 90s,songlists/pop-90s.json,POP90-1258,暗里着迷,irDqKNWFTWs,1449582,2026-06-02,kept,90年代流行曲,GM Lyric / YouTube
Pop 90s,songlists/pop-90s.json,POP90-1259,愛得太遲,k3_BJaXoEOo,1403901,2026-06-02,kept,90年代流行曲,Timeless Music Hong Kong天碟 / YouTube
Pop 90s,songlists/pop-90s.json,POP90-1260,散了吧,_CP77DeFAB8,1237077,2026-06-02,kept,90年代流行曲,TerryLinVEVO / YouTube
Pop 90s,songlists/pop-90s.json,POP90-1261,說聲珍重,zv1OdZwzO3I,1189480,2026-06-02,kept,90年代流行曲,Timeless Music / YouTube
Pop 90s,songlists/pop-90s.json,POP90-1262,青空,PBgbbnaWtYw,1114216,2026-06-02,kept,90年代流行曲,英皇娛樂 eeg music / YouTube
Pop 90s,songlists/pop-90s.json,POP90-1263,有你就夠了,OnUFHWqx0OA,917530,2026-06-02,kept,90年代流行曲,cocoleeVEVO / YouTube
Pop 90s,songlists/pop-90s.json,POP90-1264,最後一種快樂,ltZZHOe1qbA,829707,2026-06-02,kept,90年代流行曲,華研國際 / YouTube
Pop 90s,songlists/pop-90s.json,POP90-1265,盲盒,TkBeWWgyF7Y,621349,2026-06-02,kept,90年代流行曲,寰亞音樂 Media Asia Music Official Channel / YouTube
Pop 90s,songlists/pop-90s.json,POP90-1266,龍鬚糖,hhO4oNEVaJ4,583500,2026-06-02,kept,90年代流行曲,李克勤 Hacken Lee / YouTube
Pop 90s,songlists/pop-90s.json,POP90-1267,舊傷口,hJbiVAAmwB0,577564,2026-06-02,kept,90年代流行曲,nicvlog / YouTube
Pop 90s,songlists/pop-90s.json,POP90-1268,海角天涯,j3wmULjzEL4,554952,2026-06-02,kept,90年代流行曲,滾石唱片 ROCK RECORDS / YouTube
Pop 90s,songlists/pop-90s.json,POP90-1269,螢,sqkQvbVv7N8,552453,2026-06-02,kept,90年代流行曲,寰亞音樂 Media Asia Music Official Channel / YouTube
Pop 90s,songlists/pop-90s.json,POP90-1270,撻成一塊,lphsFDAAvCo,518613,2026-06-02,kept,90年代流行曲,diuhang / YouTube
Pop 90s,songlists/pop-90s.json,POP90-1271,星戰,XWvz7QzW1TQ,508528,2026-06-02,kept,90年代流行曲,古巨基 Leo Ku / YouTube
Pop 90s,songlists/pop-90s.json,POP90-1272,實屬巧合,rv3KQizx19g,500131,2026-06-02,kept,90年代流行曲,Shirley Kwan Fans Channel / YouTube
Pop 90s,songlists/pop-90s.json,POP90-1273,我是一隻小小鳥,iimGwKmbO4c,485153,2026-06-02,removed-under-500k,90年代流行曲,阿公 / YouTube
Pop 90s,songlists/pop-90s.json,POP90-1274,獨男,xb3d0Q2KzOc,481549,2026-06-02,removed-under-500k,90年代流行曲,英皇娛樂 eeg music / YouTube
Pop 90s,songlists/pop-90s.json,POP90-1275,滾,P87QZrjjcBs,473862,2026-06-02,removed-under-500k,90年代流行曲,Timeless Music Hong Kong天碟 / YouTube
Pop 90s,songlists/pop-90s.json,POP90-1276,請你放心,T6dTtBclnrI,453945,2026-06-02,removed-under-500k,90年代流行曲,沙克強 / YouTube
Pop 90s,songlists/pop-90s.json,POP90-1277,我恨我痴心,9FQSkHGp1fE,444974,2026-06-02,removed-under-500k,90年代流行曲,GM Lyric / YouTube
Pop 90s,songlists/pop-90s.json,POP90-1278,哭砂,dXetbdS11_U,440820,2026-06-02,removed-under-500k,90年代流行曲,华语歌曲频道 / YouTube
Pop 90s,songlists/pop-90s.json,POP90-1279,他喜歡的是你,briro5cTdg0,426495,2026-06-02,removed-under-500k,90年代流行曲,Gigi Leung - Topic / YouTube
Pop 90s,songlists/pop-90s.json,POP90-1280,騎吧！哈林小隊,F6VMNqKhnXs,426360,2026-06-02,removed-under-500k,90年代流行曲,福茂唱片 / YouTube
Pop 90s,songlists/pop-90s.json,POP90-1281,小城大事,b9OfkOtKTVM,419961,2026-06-02,removed-under-500k,90年代流行曲,MiriamYeungVEVO / YouTube
Pop 90s,songlists/pop-90s.json,POP90-1282,蒼蒼,nURGfExWtLw,403783,2026-06-02,removed-under-500k,90年代流行曲,潮水音樂 Tide Music / YouTube
Pop 90s,songlists/pop-90s.json,POP90-1283,不像你,378-KemlG38,401358,2026-06-02,removed-under-500k,90年代流行曲,Timeless Music / YouTube
Pop 90s,songlists/pop-90s.json,POP90-1284,一刻永恆,URK68DKVg9U,396388,2026-06-02,removed-under-500k,90年代流行曲,古巨基 Leo Ku / YouTube
Pop 90s,songlists/pop-90s.json,POP90-1285,我们这里还有鱼 魔霆痴狂,c70_LnK_oMs,389597,2026-06-02,removed-under-500k,90年代流行曲,GM Lyric / YouTube
Pop 90s,songlists/pop-90s.json,POP90-1286,心醉,pwa0l7jzYjA,381056,2026-06-02,removed-under-500k,90年代流行曲,Timeless Music / YouTube
Pop 90s,songlists/pop-90s.json,POP90-1287,絕望的笑容,CjOD3UQvoHo,374335,2026-06-02,removed-under-500k,90年代流行曲,Miss / YouTube
Pop 90s,songlists/pop-90s.json,POP90-1288,雨一直下,Mi66yGSqydM,360922,2026-06-02,removed-under-500k,90年代流行曲,Timeless Music / YouTube
Pop 90s,songlists/pop-90s.json,POP90-1289,塞車,-olEFyZJ77g,360227,2026-06-02,removed-under-500k,90年代流行曲,英皇娛樂 eeg music / YouTube
Pop 90s,songlists/pop-90s.json,POP90-1290,軟硬,34_v2KLLeAI,360111,2026-06-02,removed-under-500k,90年代流行曲,Angus Fung / YouTube
Pop 90s,songlists/pop-90s.json,POP90-1291,毀類,EoZy5UVw2lw,351423,2026-06-02,removed-under-500k,90年代流行曲,Timeless Music / YouTube
Pop 90s,songlists/pop-90s.json,POP90-1292,最愛是誰,lewcRm-dQkU,329192,2026-06-02,removed-under-500k,90年代流行曲,Andy Lau Supporter / YouTube
Pop 90s,songlists/pop-90s.json,POP90-1293,第二次分手,Qvom86_WTT4,327523,2026-06-02,removed-under-500k,90年代流行曲,华语歌曲频道 / YouTube
Pop 90s,songlists/pop-90s.json,POP90-1294,萬千寵愛在一身,LDIOUgpjLg0,318634,2026-06-02,removed-under-500k,90年代流行曲,VivianChowVEVO / YouTube
Pop 90s,songlists/pop-90s.json,POP90-1295,回來,XqDtqdlP5Oc,317732,2026-06-02,removed-under-500k,90年代流行曲,潮水音樂 Tide Music / YouTube
Pop 90s,songlists/pop-90s.json,POP90-1296,可否衝破,TLmGE1sOclo,312260,2026-06-02,removed-under-500k,90年代流行曲,滾石唱片 ROCK RECORDS / YouTube
Pop 90s,songlists/pop-90s.json,POP90-1297,再聽一次,ImGXLXGc6x4,309643,2026-06-02,removed-under-500k,90年代流行曲,cocoleeVEVO / YouTube
Pop 90s,songlists/pop-90s.json,POP90-1298,心血來潮,wbYrjc-jWio,305523,2026-06-02,removed-under-500k,90年代流行曲,Timeless Music Hong Kong天碟 / YouTube
Pop 90s,songlists/pop-90s.json,POP90-1299,當這地球沒有花,fImIaEnWuo0,300858,2026-06-02,removed-under-500k,90年代流行曲,華星唱片 Capital Artists Official Channel / YouTube
Pop 90s,songlists/pop-90s.json,POP90-1300,有没有一首歌会让你想起我,unrlAajNx9M,282048,2026-06-02,removed-under-500k,90年代流行曲,GM Lyric / YouTube
Pop 90s,songlists/pop-90s.json,POP90-1301,離別總是那麼突然,KpVHGSsxKkE,280218,2026-06-02,removed-under-500k,90年代流行曲,寬魚國際 Kwan's International / YouTube
Pop 90s,songlists/pop-90s.json,POP90-1302,迫不及待,_tDtUEkUG-Y,279638,2026-06-02,removed-under-500k,90年代流行曲,Stella Chang / YouTube
Pop 90s,songlists/pop-90s.json,POP90-1303,走路去紐約,IoRYvMCqg-Q,270483,2026-06-02,removed-under-500k,90年代流行曲,Melo Mango / YouTube
Pop 90s,songlists/pop-90s.json,POP90-1304,估計錯誤,gIzvvFlKWPY,269842,2026-06-02,removed-under-500k,90年代流行曲,英皇娛樂 eeg music / YouTube
Pop 90s,songlists/pop-90s.json,POP90-1305,誰會記得我,tFM1pjTtm5Q,263582,2026-06-02,removed-under-500k,90年代流行曲,Timeless Music Hong Kong天碟 / YouTube
Pop 90s,songlists/pop-90s.json,POP90-1306,而我知道,SpYTUog2yo0,254891,2026-06-02,removed-under-500k,90年代流行曲,Faye / YouTube
Pop 90s,songlists/pop-90s.json,POP90-1307,哭泣遊戲,GPrZPnm0JYQ,252548,2026-06-02,removed-under-500k,90年代流行曲,Timeless Music Hong Kong天碟 / YouTube
Pop 90s,songlists/pop-90s.json,POP90-1308,我自問,7eYcWB3ZgVc,251308,2026-06-02,removed-under-500k,90年代流行曲,Timeless Music Hong Kong天碟 / YouTube
Pop 90s,songlists/pop-90s.json,POP90-1309,吳大文,GVRjjM6cL-E,245428,2026-06-02,removed-under-500k,90年代流行曲,4K Music Make / YouTube
Pop 90s,songlists/pop-90s.json,POP90-1310,釵頭鳳,lDe7p4R1jXI,244591,2026-06-02,removed-under-500k,90年代流行曲,張清芳 Stella / YouTube
Pop 90s,songlists/pop-90s.json,POP90-1311,炒雞喜歡你,Wb1CY3rth8A,242377,2026-06-02,removed-under-500k,90年代流行曲,滾石唱片 ROCK RECORDS / YouTube
Pop 90s,songlists/pop-90s.json,POP90-1312,時日,_cEcJSfsTSY,237474,2026-06-02,removed-under-500k,90年代流行曲,EkinChengVEVO / YouTube
Pop 90s,songlists/pop-90s.json,POP90-1313,我變了,sSb-N8im8hM,234344,2026-06-02,removed-under-500k,90年代流行曲,豐華唱片ForwardMusic / YouTube
Pop 90s,songlists/pop-90s.json,POP90-1314,女人緣,8-PSgunB12E,232947,2026-06-02,removed-under-500k,90年代流行曲,張清芳 Stella / YouTube
Pop 90s,songlists/pop-90s.json,POP90-1315,宿命主義,lYaitPqTsVY,232018,2026-06-02,removed-under-500k,90年代流行曲,Timeless Music Hong Kong天碟 / YouTube
Pop 90s,songlists/pop-90s.json,POP90-1316,可能,Y65-u1tD4Wg,231163,2026-06-02,removed-under-500k,90年代流行曲,GM Lyric / YouTube
Pop 90s,songlists/pop-90s.json,POP90-1317,零下十度北京的街,-fhDo9B9dDU,230267,2026-06-02,removed-under-500k,90年代流行曲,Dave Wang (王傑) / YouTube
Pop 90s,songlists/pop-90s.json,POP90-1318,數到三就不哭,PMJ1RB72EBU,230146,2026-06-02,removed-under-500k,90年代流行曲,KellyChenVEVO / YouTube
Pop 90s,songlists/pop-90s.json,POP90-1319,當真就好,N_WVtlv2ypM,229471,2026-06-02,removed-under-500k,90年代流行曲,滾石唱片 ROCK RECORDS / YouTube
Pop 90s,songlists/pop-90s.json,POP90-1320,前所未見,M6VaJaYPcK0,229043,2026-06-02,removed-under-500k,90年代流行曲,KellyChenVEVO / YouTube
Pop 90s,songlists/pop-90s.json,POP90-1321,星空下的戀人,dG86QobTlY8,215918,2026-06-02,removed-under-500k,90年代流行曲,czar9sk / YouTube
Pop 90s,songlists/pop-90s.json,POP90-1322,家,SnRYN5JRJEA,208953,2026-06-02,removed-under-500k,90年代流行曲,滾石唱片 ROCK RECORDS / YouTube
Pop 90s,songlists/pop-90s.json,POP90-1323,失眠夜,98ltL7ArUGQ,202517,2026-06-02,removed-under-500k,90年代流行曲,JackyCheungVEVO / YouTube
Pop 90s,songlists/pop-90s.json,POP90-1324,等你說愛我,Z3-hHl10XrE,200130,2026-06-02,removed-under-500k,90年代流行曲,Timeless Music / YouTube
Pop 90s,songlists/pop-90s.json,POP90-1325,給你一些不給一些,WIPn9pPOZDE,197118,2026-06-02,removed-under-500k,90年代流行曲,TerryLinVEVO / YouTube
Pop 90s,songlists/pop-90s.json,POP90-1326,上一次流淚,pl8gVJvTeWc,177362,2026-06-02,removed-under-500k,90年代流行曲,Timeless Music Hong Kong天碟 / YouTube
Pop 90s,songlists/pop-90s.json,POP90-1327,位置,UmjdkkovYg8,176267,2026-06-02,removed-under-500k,90年代流行曲,华语歌曲频道 / YouTube
Pop 90s,songlists/pop-90s.json,POP90-1328,愛回家,LHR-9hhYvQE,170391,2026-06-02,removed-under-500k,90年代流行曲,Timeless Music Hong Kong天碟 / YouTube
Pop 90s,songlists/pop-90s.json,POP90-1329,再見童夢零,K4JPX_6P6ic,168192,2026-06-02,removed-under-500k,90年代流行曲,寰亞音樂 Media Asia Music Official Channel / YouTube
Pop 90s,songlists/pop-90s.json,POP90-1330,如果你爱我,FI1g9_d7Qyk,162694,2026-06-02,removed-under-500k,90年代流行曲,Longci30 / YouTube
Pop 90s,songlists/pop-90s.json,POP90-1331,想你是臨睡的習慣,qOdHMUPYGiM,159135,2026-06-02,removed-under-500k,90年代流行曲,华语歌曲频道 / YouTube
Pop 90s,songlists/pop-90s.json,POP90-1332,依然,UgHqjlNOnuQ,158092,2026-06-02,removed-under-500k,90年代流行曲,637 TWS / YouTube
Pop 90s,songlists/pop-90s.json,POP90-1333,你喜歡我的歌嗎,2ylqNRcEitM,155741,2026-06-02,removed-under-500k,90年代流行曲,張清芳 Stella / YouTube
Pop 90s,songlists/pop-90s.json,POP90-1334,每天想你一遍,lRdNrp9AK_s,151849,2026-06-02,removed-under-500k,90年代流行曲,TerryLinVEVO / YouTube
Pop 90s,songlists/pop-90s.json,POP90-1335,在我眼中開出玫瑰,uiQ97HzLOzg,148469,2026-06-02,removed-under-500k,90年代流行曲,JimmyLin 林志穎 / YouTube
Pop 90s,songlists/pop-90s.json,POP90-1336,不願一個人,S5fTt6Du5_k,148255,2026-06-02,removed-under-500k,90年代流行曲,華星唱片 Capital Artists Official Channel / YouTube
Pop 90s,songlists/pop-90s.json,POP90-1337,我需要的只是愛,1pi2w038Fto,147834,2026-06-02,removed-under-500k,90年代流行曲,華星唱片 Capital Artists Official Channel / YouTube
Pop 90s,songlists/pop-90s.json,POP90-1338,男人的一半是女人,dCIiqfChxog,146538,2026-06-02,removed-under-500k,90年代流行曲,華特音樂 / YouTube
Pop 90s,songlists/pop-90s.json,POP90-1339,少年狂想曲,n51wFzGTFC8,145882,2026-06-02,removed-under-500k,90年代流行曲,AThousandSplendid / YouTube
Pop 90s,songlists/pop-90s.json,POP90-1340,你沒有好結果,jRi_8coB-Pw,145760,2026-06-02,removed-under-500k,90年代流行曲,vivian tin / YouTube
Pop 90s,songlists/pop-90s.json,POP90-1341,償還,ozmow6_3xk0,145686,2026-06-02,removed-under-500k,90年代流行曲,Timeless Music / YouTube
Pop 90s,songlists/pop-90s.json,POP90-1342,天气的错,Ammi_67sgEk,144580,2026-06-02,removed-under-500k,90年代流行曲,quiphuong luu / YouTube
Pop 90s,songlists/pop-90s.json,POP90-1343,真感覺,41e8Do4xFms,144507,2026-06-02,removed-under-500k,90年代流行曲,KellyChenVEVO / YouTube
Pop 90s,songlists/pop-90s.json,POP90-1344,缠绵,S_u2FnH1NN4,141865,2026-06-02,removed-under-500k,90年代流行曲,GM Lyric / YouTube
Pop 90s,songlists/pop-90s.json,POP90-1345,怎麼天生不是女人,SXpE_3-9MBk,141508,2026-06-02,removed-under-500k,90年代流行曲,vivian tin / YouTube
Pop 90s,songlists/pop-90s.json,POP90-1346,永不退缩,iOKJWyvdE80,140395,2026-06-02,removed-under-500k,90年代流行曲,GM Lyric / YouTube
Pop 90s,songlists/pop-90s.json,POP90-1347,黃絲帶,fi22Mfr8S_M,139357,2026-06-02,removed-under-500k,90年代流行曲,Timeless Music / YouTube
Pop 90s,songlists/pop-90s.json,POP90-1348,感情用事,NILQE7F_HV4,137530,2026-06-02,removed-under-500k,90年代流行曲,EkinChengVEVO / YouTube
Pop 90s,songlists/pop-90s.json,POP90-1349,緣份的天空西雅圖的失眠人,PDzgrSUD5Pc,137504,2026-06-02,removed-under-500k,90年代流行曲,Stanley Chan / YouTube
Pop 90s,songlists/pop-90s.json,POP90-1350,不是因為寂寞,F_40ADK8jp8,137072,2026-06-02,removed-under-500k,90年代流行曲,滾石唱片 ROCK RECORDS / YouTube
Pop 90s,songlists/pop-90s.json,POP90-1351,空位,Lxu5YyxihGE,135675,2026-06-02,removed-under-500k,90年代流行曲,潮水音樂 Tide Music / YouTube
Pop 90s,songlists/pop-90s.json,POP90-1352,只是那個人,Z0EQARDon2g,135316,2026-06-02,removed-under-500k,90年代流行曲,chrisyuVEVO / YouTube
Pop 90s,songlists/pop-90s.json,POP90-1353,借你耳朵說愛你,WEORn4b2IwE,131547,2026-06-02,removed-under-500k,90年代流行曲,AndyHuiVEVO / YouTube
Pop 90s,songlists/pop-90s.json,POP90-1354,對你太在乎,Ng6hCiJxU4U,130858,2026-06-02,removed-under-500k,90年代流行曲,博美唱片BMA / YouTube
Pop 90s,songlists/pop-90s.json,POP90-1355,帶不走,DaDfc57d8tQ,128851,2026-06-02,removed-under-500k,90年代流行曲,英皇娛樂 eeg music / YouTube
Pop 90s,songlists/pop-90s.json,POP90-1356,傳情達意,aMBxvJRsfBw,128287,2026-06-02,removed-under-500k,90年代流行曲,Pure Asian Pop / YouTube
Pop 90s,songlists/pop-90s.json,POP90-1357,我心狂野,XkbMYCq-faw,125057,2026-06-02,removed-under-500k,90年代流行曲,Lok / YouTube
Pop 90s,songlists/pop-90s.json,POP90-1358,旧爱还是最美,v3rADjKl2MY,124886,2026-06-02,removed-under-500k,90年代流行曲,GM Lyric / YouTube
Pop 90s,songlists/pop-90s.json,POP90-1359,我为你伤心,x-X8HHY_Wvk,122561,2026-06-02,removed-under-500k,90年代流行曲,GM Lyric / YouTube
Pop 90s,songlists/pop-90s.json,POP90-1360,上海姑娘,B3HktkT4fPM,122504,2026-06-02,removed-under-500k,90年代流行曲,潮水音樂 Tide Music / YouTube
Pop 90s,songlists/pop-90s.json,POP90-1361,終於可結束,oz-LCUsXKrs,121805,2026-06-02,removed-under-500k,90年代流行曲,on09people / YouTube
Pop 90s,songlists/pop-90s.json,POP90-1362,南屏晚钟,KvxdALmL4yg,120206,2026-06-02,removed-under-500k,90年代流行曲,GM Lyric / YouTube
Pop 90s,songlists/pop-90s.json,POP90-1363,愛你的記憶,XQhf2KT5-SQ,119102,2026-06-02,removed-under-500k,90年代流行曲,福茂唱片 / YouTube
Pop 90s,songlists/pop-90s.json,POP90-1364,愛與情,NJ9rpxVM38k,119033,2026-06-02,removed-under-500k,90年代流行曲,Kenny / YouTube
Pop 90s,songlists/pop-90s.json,POP90-1365,十天又三天,C1oX-rIx0h4,118929,2026-06-02,removed-under-500k,90年代流行曲,豐華唱片ForwardMusic / YouTube
Pop 90s,songlists/pop-90s.json,POP90-1366,達明一派對,Ipxsc80r5Go,118080,2026-06-02,removed-under-500k,90年代流行曲,英皇娛樂 eeg music / YouTube
Pop 90s,songlists/pop-90s.json,POP90-1367,燈火闌珊處,qK0idPfzyKI,118024,2026-06-02,removed-under-500k,90年代流行曲,lulu Lucinda / YouTube
Pop 90s,songlists/pop-90s.json,POP90-1368,面子問題,yNN5hDMbofo,117951,2026-06-02,removed-under-500k,90年代流行曲,Timeless Music / YouTube
Pop 90s,songlists/pop-90s.json,POP90-1369,歸,kZRcc9cWcAc,117837,2026-06-02,removed-under-500k,90年代流行曲,Timeless Music / YouTube
Pop 90s,songlists/pop-90s.json,POP90-1370,天蠶變,6q96jrmkKP4,117692,2026-06-02,removed-under-500k,90年代流行曲,universalmusichk / YouTube
Pop 90s,songlists/pop-90s.json,POP90-1371,一廂情願,Pwd7xtTU9WA,117080,2026-06-02,removed-under-500k,90年代流行曲,英皇娛樂 eeg music / YouTube
Pop 90s,songlists/pop-90s.json,POP90-1372,終於明白,pmwEpT1Devk,116982,2026-06-02,removed-under-500k,90年代流行曲,华语歌曲频道 / YouTube
Pop 90s,songlists/pop-90s.json,POP90-1373,纏綿不盡,tYxuOJSfcHQ,116894,2026-06-02,removed-under-500k,90年代流行曲,czar9sk / YouTube
Pop 90s,songlists/pop-90s.json,POP90-1374,任逍遥,wRKmC3mGltY,116511,2026-06-02,removed-under-500k,90年代流行曲,GM Lyric / YouTube
Pop 90s,songlists/pop-90s.json,POP90-1375,快樂情人,gUUu0w9PlV0,115508,2026-06-02,removed-under-500k,90年代流行曲,KellyChenVEVO / YouTube
Pop 90s,songlists/pop-90s.json,POP90-1376,原來的樣子,7AuOJbCyHKI,114456,2026-06-02,removed-under-500k,90年代流行曲,Lingering111 / YouTube
Pop 90s,songlists/pop-90s.json,POP90-1377,謝謝你陪我那麼久,N1GktalXgk4,114232,2026-06-02,removed-under-500k,90年代流行曲,Kelly Chen 陳慧琳 / YouTube
Pop 90s,songlists/pop-90s.json,POP90-1378,你情人在那裡,gx3h_Lf2Les,111810,2026-06-02,removed-under-500k,90年代流行曲,英皇娛樂 eeg music / YouTube
Pop 90s,songlists/pop-90s.json,POP90-1379,爱似狂潮,EljjGpJHpbs,111035,2026-06-02,removed-under-500k,90年代流行曲,GM Lyric / YouTube
Pop 90s,songlists/pop-90s.json,POP90-1380,戀一世的愛,VYL3WYqaOQ8,110945,2026-06-02,removed-under-500k,90年代流行曲,czar9sk / YouTube
Pop 90s,songlists/pop-90s.json,POP90-1381,戒掉堅強,UgdIgHPHSE8,109708,2026-06-02,removed-under-500k,90年代流行曲,華特音樂 / YouTube
Pop 90s,songlists/pop-90s.json,POP90-1382,让我暖一些,bks8JjKeqWs,109016,2026-06-02,removed-under-500k,90年代流行曲,GM Lyric / YouTube
Pop 90s,songlists/pop-90s.json,POP90-1383,我是一片雲,_BlTSO_Ux5A,108494,2026-06-02,removed-under-500k,90年代流行曲,滾石唱片 ROCK RECORDS / YouTube
Pop 90s,songlists/pop-90s.json,POP90-1384,雨後,F1yD1TIgG6Y,107143,2026-06-02,removed-under-500k,90年代流行曲,潮水音樂 Tide Music / YouTube
Pop 90s,songlists/pop-90s.json,POP90-1385,最想念妳,FjPYio3jc3s,106952,2026-06-02,removed-under-500k,90年代流行曲,滾石唱片 ROCK RECORDS / YouTube
Pop 90s,songlists/pop-90s.json,POP90-1386,独立宣言,kyCehKbzVe4,106809,2026-06-02,removed-under-500k,90年代流行曲,GM Lyric / YouTube
Pop 90s,songlists/pop-90s.json,POP90-1387,風裡的夢,gebPywoBKHY,106800,2026-06-02,removed-under-500k,90年代流行曲,孟庭葦工作室 / YouTube
Pop 90s,songlists/pop-90s.json,POP90-1388,想愛沒有情,hHSmocvgLbE,106635,2026-06-02,removed-under-500k,90年代流行曲,Edith Hui / YouTube
Pop 90s,songlists/pop-90s.json,POP90-1389,三岔口,KOVJcLpPQCM,106073,2026-06-02,removed-under-500k,90年代流行曲,柯艾菲-媽媽 / YouTube
Pop 90s,songlists/pop-90s.json,POP90-1390,沒有回憶的冬季,aVrAQfhMQdI,105196,2026-06-02,removed-under-500k,90年代流行曲,hkweiming / YouTube
Pop 90s,songlists/pop-90s.json,POP90-1391,情人戰,J3Z4RQG2Dkc,104295,2026-06-02,removed-under-500k,90年代流行曲,KellyChenVEVO / YouTube
Pop 90s,songlists/pop-90s.json,POP90-1392,情來自有方,ENBSjtQgMEI,103531,2026-06-02,removed-under-500k,90年代流行曲,circelax / YouTube
Pop 90s,songlists/pop-90s.json,POP90-1393,在乎你感受,PaDk3VDVlf0,103296,2026-06-02,removed-under-500k,90年代流行曲,habi wing / YouTube
Pop 90s,songlists/pop-90s.json,POP90-1394,戀曲1990,IEfqoQux2TQ,102589,2026-06-02,removed-under-500k,90年代流行曲,华语歌曲频道 / YouTube
Pop 90s,songlists/pop-90s.json,POP90-1395,愛的戀歌,-sY61F6UbyQ,101852,2026-06-02,removed-under-500k,90年代流行曲,華特音樂 / YouTube
Pop 90s,songlists/pop-90s.json,POP90-1396,沒有愛哪有恨,PbGY3SYtB_w,101774,2026-06-02,removed-under-500k,90年代流行曲,Timeless Music / YouTube
Pop 90s,songlists/pop-90s.json,POP90-1397,感覺瞬間,XhTp4ziPfGE,100939,2026-06-02,removed-under-500k,90年代流行曲,zippazippi / YouTube
Pop 90s,songlists/pop-90s.json,POP90-1398,從你祝福中離開,z2xKhFNhgYQ,100204,2026-06-02,removed-under-500k,90年代流行曲,華星唱片 Capital Artists Official Channel / YouTube
Recent 25 Years Pop,songlists/pop-recent-25.json,POP25-001,Shall We Talk,YycDCuLIZnc,1913563,2026-05-26,kept,近25年熱門新歌,Eason Chan / YouTube / 流行曲題庫
Recent 25 Years Pop,songlists/pop-recent-25.json,POP25-002,野孩子,ECfztqRvnNc,3600173,2026-05-26,kept,近25年熱門新歌,Miriam Yeung 楊千嬅 : MY LIVE TV / YouTube / 流行曲題庫
Recent 25 Years Pop,songlists/pop-recent-25.json,POP25-003,終身美麗,KK9viFTvIIk,11963624,2026-05-26,kept,近25年熱門新歌,Timeless Music Hong Kong天碟 / YouTube / 流行曲題庫
Recent 25 Years Pop,songlists/pop-recent-25.json,POP25-004,痛愛,qkT4Mxmm92g,3776259,2026-05-26,kept,近25年熱門新歌,英皇娛樂 eeg music / YouTube / 流行曲題庫
Recent 25 Years Pop,songlists/pop-recent-25.json,POP25-005,玉蝴蝶,K6EXbouoZ2s,301259,2026-05-26,removed-under-500k,近25年熱門新歌,nicvlog / YouTube / 流行曲題庫
Recent 25 Years Pop,songlists/pop-recent-25.json,POP25-006,明年今日,8NJVNkzhJM4,12458532,2026-05-26,kept,近25年熱門新歌,英皇娛樂 eeg music / YouTube / 流行曲題庫
Recent 25 Years Pop,songlists/pop-recent-25.json,POP25-007,爭氣,euMdod3x8X4,3032129,2026-05-26,kept,近25年熱門新歌,英皇娛樂 eeg music / YouTube / 流行曲題庫
Recent 25 Years Pop,songlists/pop-recent-25.json,POP25-008,愛不釋手,WHLLyuWQWbk,8926,2026-05-26,removed-under-500k,近25年熱門新歌,C90s 港仔音樂 / YouTube / 流行曲題庫
Recent 25 Years Pop,songlists/pop-recent-25.json,POP25-009,可惜我是水瓶座,to9fBWaaHGI,9894459,2026-05-26,kept,近25年熱門新歌,PopSong Lyrics / YouTube / 流行曲題庫
Recent 25 Years Pop,songlists/pop-recent-25.json,POP25-010,十面埋伏,QGHB-5e37Fw,4517695,2026-05-26,kept,近25年熱門新歌,英皇娛樂 eeg music / YouTube / 流行曲題庫
Recent 25 Years Pop,songlists/pop-recent-25.json,POP25-011,愛與誠,z5NBt33b7iY,8895911,2026-05-26,kept,近25年熱門新歌,Timeless Music Hong Kong天碟 / YouTube / 流行曲題庫
Recent 25 Years Pop,songlists/pop-recent-25.json,POP25-012,小城大事,WJaufugjeSQ,1082904,2026-05-26,kept,近25年熱門新歌,Timeless Music Hong Kong天碟 / YouTube / 流行曲題庫
Recent 25 Years Pop,songlists/pop-recent-25.json,POP25-013,奇洛李維斯回信,mCkhBixL3gY,1138395,2026-05-26,kept,近25年熱門新歌,PopSong Lyrics / YouTube / 流行曲題庫
Recent 25 Years Pop,songlists/pop-recent-25.json,POP25-014,無賴,oUQ41c4gjsg,5062512,2026-05-26,kept,近25年熱門新歌,Timeless Music Hong Kong天碟 / YouTube / 流行曲題庫
Recent 25 Years Pop,songlists/pop-recent-25.json,POP25-015,好人,J5Z_mmC_HX4,150914,2026-05-26,removed-under-500k,近25年熱門新歌,Timeless Music Hong Kong天碟 / YouTube / 流行曲題庫
Recent 25 Years Pop,songlists/pop-recent-25.json,POP25-016,他約我去迪士尼,mul_r8bFPpU,145495,2026-05-26,removed-under-500k,近25年熱門新歌,637 TWS / YouTube / 流行曲題庫
Recent 25 Years Pop,songlists/pop-recent-25.json,POP25-017,愛得太遲,y5k8p3Bqz3Y,1108075,2026-05-26,kept,近25年熱門新歌,Timeless Music Hong Kong天碟 / YouTube / 流行曲題庫
Recent 25 Years Pop,songlists/pop-recent-25.json,POP25-018,最佳損友,P7ww9Lgk16I,4952109,2026-05-26,kept,近25年熱門新歌,HongKongSongs / YouTube / 流行曲題庫
Recent 25 Years Pop,songlists/pop-recent-25.json,POP25-019,感應,iRnhCh1CBZg,975022,2026-05-26,kept,近25年熱門新歌,英皇娛樂 eeg music / YouTube / 流行曲題庫
Recent 25 Years Pop,songlists/pop-recent-25.json,POP25-020,酷愛,wOUovyr0icE,6596375,2026-05-26,kept,近25年熱門新歌,HinsLiveinPassion / YouTube
Recent 25 Years Pop,songlists/pop-recent-25.json,POP25-021,電燈膽,IDywqSyQ3Mc,4299997,2026-05-26,kept,近25年熱門新歌,Timeless Music Hong Kong天碟 / YouTube / 流行曲題庫
Recent 25 Years Pop,songlists/pop-recent-25.json,POP25-022,囍帖街,40RaRER4IaI,6801577,2026-05-26,kept,近25年熱門新歌,Kay Tse 謝安琪 / YouTube / 流行曲題庫
Recent 25 Years Pop,songlists/pop-recent-25.json,POP25-023,櫻花樹下,A8TXcl84msY,26941,2026-05-26,removed-under-500k,近25年熱門新歌,Hins_Ivana Universe / YouTube / 流行曲題庫
Recent 25 Years Pop,songlists/pop-recent-25.json,POP25-024,愛不疚,FG0At3Liwdk,9362561,2026-05-26,kept,近25年熱門新歌,f a / YouTube / 流行曲題庫
Recent 25 Years Pop,songlists/pop-recent-25.json,POP25-025,你瞞我瞞,JWcuUHVD4Ng,39404346,2026-05-26,kept,近25年熱門新歌,陳柏宇 Jason Chan / YouTube / 流行曲題庫
Recent 25 Years Pop,songlists/pop-recent-25.json,POP25-026,七百年後,_NRf4HQw4MU,10862346,2026-05-26,kept,近25年熱門新歌,universalmusichk / YouTube / 流行曲題庫
Recent 25 Years Pop,songlists/pop-recent-25.json,POP25-027,年度之歌,n3VIUdMBfWQ,433965,2026-05-26,removed-under-500k,近25年熱門新歌,Kay Tse 謝安琪 / YouTube / 流行曲題庫
Recent 25 Years Pop,songlists/pop-recent-25.json,POP25-028,就算世界無童話,zOixTywhq3Q,921748,2026-05-26,kept,近25年熱門新歌,AMusic Official Channel / YouTube / 流行曲題庫
Recent 25 Years Pop,songlists/pop-recent-25.json,POP25-029,陀飛輪,URUIcYDq3_I,24786846,2026-05-26,kept,近25年熱門新歌,universalmusichk / YouTube / 流行曲題庫
Recent 25 Years Pop,songlists/pop-recent-25.json,POP25-030,天梯,eBvarz3DY00,22765640,2026-05-26,kept,近25年熱門新歌,KingdomCMusic / YouTube / 流行曲題庫
Recent 25 Years Pop,songlists/pop-recent-25.json,POP25-031,破相,S9oonBJeoRE,994506,2026-05-26,kept,近25年熱門新歌,容祖兒 Joey Yung / YouTube / 流行曲題庫
Recent 25 Years Pop,songlists/pop-recent-25.json,POP25-032,那些年,3_ImPGP9KeE,5868181,2026-05-26,kept,近25年熱門新歌,HISMUSICS / YouTube / 流行曲題庫
Recent 25 Years Pop,songlists/pop-recent-25.json,POP25-033,那誰,CJ4fKSmOf3U,18006157,2026-05-26,kept,近25年熱門新歌,東亞唱片 East Asia Music Official Channel / YouTube / 流行曲題庫
Recent 25 Years Pop,songlists/pop-recent-25.json,POP25-034,花千樹,mEzPhZd-T8c,8371414,2026-05-26,kept,近25年熱門新歌,容祖兒 Joey Yung / YouTube / 流行曲題庫
Recent 25 Years Pop,songlists/pop-recent-25.json,POP25-035,重口味,eqtGDY0llkI,5250440,2026-05-26,kept,近25年熱門新歌,universalmusichk / YouTube / 流行曲題庫
Recent 25 Years Pop,songlists/pop-recent-25.json,POP25-036,到此為止,lyH0QIwbN_4,23006113,2026-05-26,kept,近25年熱門新歌,warnermusichk / YouTube / 流行曲題庫
Recent 25 Years Pop,songlists/pop-recent-25.json,POP25-037,年少無知,25scZjvZCpA,1424759,2026-05-26,kept,近25年熱門新歌,TVB Music Group / YouTube / 流行曲題庫
Recent 25 Years Pop,songlists/pop-recent-25.json,POP25-038,任我行,oYw4uH80gcw,17446314,2026-05-26,kept,近25年熱門新歌,universalmusichk / YouTube / 流行曲題庫
Recent 25 Years Pop,songlists/pop-recent-25.json,POP25-039,青春頌,NPa2FCTqd3g,10935577,2026-05-26,kept,近25年熱門新歌,StarsShineOfficial / YouTube / 流行曲題庫
Recent 25 Years Pop,songlists/pop-recent-25.json,POP25-040,無盡,4PACFmxlHm8,22959589,2026-05-26,kept,近25年熱門新歌,Redline Music / YouTube / 流行曲題庫
Recent 25 Years Pop,songlists/pop-recent-25.json,POP25-041,青春常駐,sFjLsF_oA3E,7797240,2026-05-26,kept,近25年熱門新歌,英皇娛樂 eeg music / YouTube / 流行曲題庫
Recent 25 Years Pop,songlists/pop-recent-25.json,POP25-042,獨家村,q-PIx7GgOpM,53995,2026-05-26,removed-under-500k,近25年熱門新歌,C90s 港仔音樂 / YouTube / 流行曲題庫
Recent 25 Years Pop,songlists/pop-recent-25.json,POP25-043,越難越愛,fUiwiqs5JjM,35531001,2026-05-26,kept,近25年熱門新歌,TVB Music Group / YouTube / 流行曲題庫
Recent 25 Years Pop,songlists/pop-recent-25.json,POP25-044,羅生門,OfnhDUBWVl4,16850993,2026-05-26,kept,近25年熱門新歌,THE OFFICIAL JUNO MAK 麥浚龍 / YouTube / 流行曲題庫
Recent 25 Years Pop,songlists/pop-recent-25.json,POP25-045,最好的債,nG6WborlovE,2665758,2026-05-26,kept,近25年熱門新歌,寰亞音樂 Media Asia Music Official Channel / YouTube / 流行曲題庫
Recent 25 Years Pop,songlists/pop-recent-25.json,POP25-046,女神,Nv3KUcb5RHA,334920,2026-05-26,removed-under-500k,近25年熱門新歌,Neway Star Official Channel / YouTube / 流行曲題庫
Recent 25 Years Pop,songlists/pop-recent-25.json,POP25-047,你是你本身的傳奇,ok6SPasGb00,3129159,2026-05-26,kept,近25年熱門新歌,Charmaine Fong / YouTube / 流行曲題庫
Recent 25 Years Pop,songlists/pop-recent-25.json,POP25-048,四季,3aZS7On4etw,1606414,2026-05-26,kept,近25年熱門新歌,universalmusichk / YouTube / 流行曲題庫
Recent 25 Years Pop,songlists/pop-recent-25.json,POP25-049,有人共鳴,RRgGcZdJgyE,9107130,2026-05-26,kept,近25年熱門新歌,Sony Music Entertainment Hong Kong / YouTube / 流行曲題庫
Recent 25 Years Pop,songlists/pop-recent-25.json,POP25-050,長相廝守,sENLQMsYpHE,22713201,2026-05-26,kept,近25年熱門新歌,ToNick / YouTube / 流行曲題庫
Recent 25 Years Pop,songlists/pop-recent-25.json,POP25-051,天敵,viKPn4YiQo4,5875267,2026-05-26,kept,近25年熱門新歌,warnermusichk / YouTube / 流行曲題庫
Recent 25 Years Pop,songlists/pop-recent-25.json,POP25-052,難得一遇,b5Nqp8ZclKg,4300493,2026-05-26,kept,近25年熱門新歌,林奕匡 Phil Lam / YouTube / 流行曲題庫
Recent 25 Years Pop,songlists/pop-recent-25.json,POP25-053,漸漸,TNKQudtrR_Q,7985132,2026-05-26,kept,近25年熱門新歌,Eason Chan / YouTube / 流行曲題庫
Recent 25 Years Pop,songlists/pop-recent-25.json,POP25-054,未來見,Hroq64h65Os,17172530,2026-05-26,kept,近25年熱門新歌,RubberBand / YouTube / 流行曲題庫
Recent 25 Years Pop,songlists/pop-recent-25.json,POP25-055,一個女人和浴室,ALFWC_EpaEM,1192159,2026-05-26,kept,近25年熱門新歌,幻·國 imagine.nation / YouTube / 流行曲題庫
Recent 25 Years Pop,songlists/pop-recent-25.json,POP25-056,我們都是這樣長大的,kTzUwhPuIwg,18049760,2026-05-26,kept,近25年熱門新歌,寰亞音樂 Media Asia Music Official Channel / YouTube / 流行曲題庫
Recent 25 Years Pop,songlists/pop-recent-25.json,POP25-057,人話,ENB0BeZx4yw,2648451,2026-05-26,kept,近25年熱門新歌,Charmaine Fong / YouTube / 流行曲題庫
Recent 25 Years Pop,songlists/pop-recent-25.json,POP25-058,百年樹木,QE1piGBS1sI,10906061,2026-05-26,kept,近25年熱門新歌,張敬軒 Hins Cheung / YouTube / 流行曲題庫
Recent 25 Years Pop,songlists/pop-recent-25.json,POP25-059,銀河修理員,sg8V5BLMEhE,21239520,2026-05-26,kept,近25年熱門新歌,Dear Jane / YouTube / 流行曲題庫
Recent 25 Years Pop,songlists/pop-recent-25.json,POP25-060,一人之境,qWhavDVsMRc,16522413,2026-05-26,kept,近25年熱門新歌,林家謙 Terence Lam / YouTube / 流行曲題庫
Recent 25 Years Pop,songlists/pop-recent-25.json,POP25-061,呼吸有害,rWNgAbfpWYs,11245576,2026-05-26,kept,近25年熱門新歌,莫文蔚 Karen Mok / YouTube / 流行曲題庫
Recent 25 Years Pop,songlists/pop-recent-25.json,POP25-062,蒙著嘴說愛你,f5NzXpC8tdU,25755315,2026-05-26,kept,近25年熱門新歌,MIRROR / YouTube / 流行曲題庫
Recent 25 Years Pop,songlists/pop-recent-25.json,POP25-063,記憶棉,YZPFbnk_RS0,38935712,2026-05-26,kept,近25年熱門新歌,MC 張天賦 / YouTube / 流行曲題庫
Recent 25 Years Pop,songlists/pop-recent-25.json,POP25-064,E先生連環不幸事件,94W_1bgA1yg,16523,2026-05-26,removed-under-500k,近25年熱門新歌,C90s 港仔音樂 / YouTube / 流行曲題庫
Recent 25 Years Pop,songlists/pop-recent-25.json,POP25-065,Megahit,H5ivE_QZTcw,24298696,2026-05-26,kept,近25年熱門新歌,MIRROR / YouTube / 流行曲題庫
Recent 25 Years Pop,songlists/pop-recent-25.json,POP25-066,老派約會之必要,u14rrcxENDw,31103654,2026-05-26,kept,近25年熱門新歌,MC 張天賦 / YouTube / 流行曲題庫
Recent 25 Years Pop,songlists/pop-recent-25.json,POP25-067,人啊人,p8kyyGCEMCY,489296,2026-05-26,removed-under-500k,近25年熱門新歌,Eason Chan / YouTube / 流行曲題庫
Recent 25 Years Pop,songlists/pop-recent-25.json,POP25-068,葉落冰川,mB6IJXHi95A,537799,2026-05-26,kept,近25年熱門新歌,泳兒 Vincy Chan / YouTube / 流行曲題庫
Recent 25 Years Pop,songlists/pop-recent-25.json,POP25-069,作品的說話,S6hedDGVOGE,17257868,2026-05-26,kept,近25年熱門新歌,MIRROR / YouTube / 流行曲題庫
Recent 25 Years Pop,songlists/pop-recent-25.json,POP25-070,世一,ESmaELNy8GE,16301790,2026-05-26,kept,近25年熱門新歌,MC 張天賦 / YouTube / 流行曲題庫
Recent 25 Years Pop,songlists/pop-recent-25.json,POP25-071,隱形遊樂場,y9ntnHvD4tQ,12313797,2026-05-26,kept,近25年熱門新歌,張敬軒 Hins Cheung / YouTube / 流行曲題庫
Recent 25 Years Pop,songlists/pop-recent-25.json,POP25-072,為何嚴重到這樣,tHTTkZC4_Fw,1584383,2026-05-26,kept,近25年熱門新歌,Dear Jane / YouTube / 流行曲題庫
Recent 25 Years Pop,songlists/pop-recent-25.json,POP25-073,企好,_D_JFTnjB6Q,6186771,2026-05-26,kept,近25年熱門新歌,Gin Lee李幸倪 / YouTube / 流行曲題庫
Recent 25 Years Pop,songlists/pop-recent-25.json,POP25-074,黑玻璃,Rp4iHpTvBY8,17463871,2026-05-26,kept,近25年熱門新歌,洪嘉豪 Hung Kaho / YouTube / 流行曲題庫
Recent 25 Years Pop,songlists/pop-recent-25.json,POP25-075,好得太過份,DaQNnnU1DA4,9984064,2026-05-26,kept,近25年熱門新歌,MIRROR / YouTube / 流行曲題庫
Recent 25 Years Pop,songlists/pop-recent-25.json,POP25-076,普渡眾生,GUCoNfRmchM,9153594,2026-05-26,kept,近25年熱門新歌,林家謙 Terence Lam / YouTube / 流行曲題庫
Recent 25 Years Pop,songlists/pop-recent-25.json,POP25-077,說謊者,07rwyBuh2Mg,13739342,2026-05-26,kept,近25年熱門新歌,MC 張天賦 / YouTube / 流行曲題庫
Recent 25 Years Pop,songlists/pop-recent-25.json,POP25-078,四月物語,325j6LVzpYI,4496894,2026-05-26,kept,近25年熱門新歌,林家謙 Terence Lam / YouTube / 流行曲題庫
Recent 25 Years Pop,songlists/pop-recent-25.json,POP25-079,光年之外,T4SimnaiktU,304347750,2026-05-26,kept,近25年熱門新歌,GEMblog / YouTube
Recent 25 Years Pop,songlists/pop-recent-25.json,POP25-080,告白氣球,bu7nU9Mhpyo,278691489,2026-05-26,kept,近25年熱門新歌,周杰倫 Jay Chou / YouTube
Recent 25 Years Pop,songlists/pop-recent-25.json,POP25-081,以後別做朋友,Ew4VvF0DPMc,228826003,2026-05-26,kept,近25年熱門新歌,周興哲 Eric Chou / YouTube
Recent 25 Years Pop,songlists/pop-recent-25.json,POP25-082,怎麼了,Y2ge3KrdeWs,204128490,2026-05-26,kept,近25年熱門新歌,周興哲 Eric Chou / YouTube
Recent 25 Years Pop,songlists/pop-recent-25.json,POP25-083,如果可以,8MG--WuNW1Y,201897190,2026-05-26,kept,近25年熱門新歌,韋禮安 WeiBird / YouTube
Recent 25 Years Pop,songlists/pop-recent-25.json,POP25-084,浪子回頭,x3bDhtuC5yk,183206689,2026-05-26,kept,近25年熱門新歌,茄子蛋EggPlantEgg / YouTube
Recent 25 Years Pop,songlists/pop-recent-25.json,POP25-085,等你下課,kfXdP7nZIiE,152485578,2026-05-26,kept,近25年熱門新歌,周杰倫 Jay Chou / YouTube
Recent 25 Years Pop,songlists/pop-recent-25.json,POP25-086,倒數,ma7r2HGqwXs,151612963,2026-05-26,kept,近25年熱門新歌,GEMblog / YouTube
Recent 25 Years Pop,songlists/pop-recent-25.json,POP25-087,如果雨之後,gdGdO6KjF1I,143662833,2026-05-26,kept,近25年熱門新歌,周興哲 Eric Chou / YouTube
Recent 25 Years Pop,songlists/pop-recent-25.json,POP25-088,來自天堂的魔鬼,FWtbGkpdoP4,143486400,2026-05-26,kept,近25年熱門新歌,GEMblog / YouTube
Recent 25 Years Pop,songlists/pop-recent-25.json,POP25-089,浪流連,3Y0Ut5ozaKs,141223561,2026-05-26,kept,近25年熱門新歌,茄子蛋EggPlantEgg / YouTube
Recent 25 Years Pop,songlists/pop-recent-25.json,POP25-090,有一種悲傷,BRcudpJzy1I,112500772,2026-05-26,kept,近25年熱門新歌,A-Lin官方專屬頻道 / YouTube
Recent 25 Years Pop,songlists/pop-recent-25.json,POP25-091,想見你想見你想見你,4iRupuNet3Q,110295960,2026-05-26,kept,近25年熱門新歌,滾石唱片 ROCK RECORDS / YouTube
Recent 25 Years Pop,songlists/pop-recent-25.json,POP25-092,閣愛妳一擺,PJJhHihvDpo,103605701,2026-05-26,kept,近25年熱門新歌,茄子蛋EggPlantEgg / YouTube
Recent 25 Years Pop,songlists/pop-recent-25.json,POP25-093,夜曲,6Q0Pd53mojY,101536002,2026-05-26,kept,近25年熱門新歌,周杰倫 Jay Chou / YouTube
Recent 25 Years Pop,songlists/pop-recent-25.json,POP25-094,永不失聯的愛,WJK8486VjfU,100167752,2026-05-26,kept,近25年熱門新歌,周興哲 Eric Chou / YouTube
Recent 25 Years Pop,songlists/pop-recent-25.json,POP25-095,幾分之幾,HQ_mU73VhEQ,92099840,2026-05-26,kept,近25年熱門新歌,添翼音樂 TEAM EAR MUSIC / YouTube
Recent 25 Years Pop,songlists/pop-recent-25.json,POP25-096,魚仔,ybfWYpYhTQQ,91278785,2026-05-26,kept,近25年熱門新歌,添翼音樂 TEAM EAR MUSIC / YouTube
Recent 25 Years Pop,songlists/pop-recent-25.json,POP25-097,星火,3mEeKAdXAo4,88372620,2026-05-26,kept,近25年熱門新歌,華研國際 / YouTube
Recent 25 Years Pop,songlists/pop-recent-25.json,POP25-098,愛人錯過,6D79CYTxvOM,85102713,2026-05-26,kept,近25年熱門新歌,告五人Accusefive / YouTube
Recent 25 Years Pop,songlists/pop-recent-25.json,POP25-099,當男人戀愛時,0rp3pP2Xwhs,84996994,2026-05-26,kept,近25年熱門新歌,茄子蛋EggPlantEgg / YouTube
Recent 25 Years Pop,songlists/pop-recent-25.json,POP25-100,擱淺,YJfHuATJYsQ,80356611,2026-05-26,kept,近25年熱門新歌,周杰倫 Jay Chou / YouTube
Recent 25 Years Pop,songlists/pop-recent-25.json,POP25-101,刻在我心底的名字,m78lJuzftcc,80356174,2026-05-26,kept,近25年熱門新歌,添翼音樂 TEAM EAR MUSIC / YouTube
Recent 25 Years Pop,songlists/pop-recent-25.json,POP25-102,你不屬於我,6O_Zx9St9ik,79595589,2026-05-26,kept,近25年熱門新歌,周興哲 Eric Chou / YouTube
Recent 25 Years Pop,songlists/pop-recent-25.json,POP25-103,家家酒,T-Xk_xirUlo,79540321,2026-05-26,kept,近25年熱門新歌,相信音樂BinMusic / YouTube
Recent 25 Years Pop,songlists/pop-recent-25.json,POP25-104,說了再見,KKsioz-zaZY,68755034,2026-05-26,kept,近25年熱門新歌,周杰倫 Jay Chou / YouTube
Recent 25 Years Pop,songlists/pop-recent-25.json,POP25-105,手寫的從前,TMB6-YflpA4,67922894,2026-05-26,kept,近25年熱門新歌,周杰倫 Jay Chou / YouTube
Recent 25 Years Pop,songlists/pop-recent-25.json,POP25-106,句號,7XlqcS6B7WA,65736648,2026-05-26,kept,近25年熱門新歌,GEM鄧紫棋 / YouTube
Recent 25 Years Pop,songlists/pop-recent-25.json,POP25-107,終於了解自由,BVK_Q6KZSUI,61643790,2026-05-26,kept,近25年熱門新歌,周興哲 Eric Chou / YouTube
Recent 25 Years Pop,songlists/pop-recent-25.json,POP25-108,聽媽媽的話,_B8RaLCNUZw,60992543,2026-05-26,kept,近25年熱門新歌,周杰倫 Jay Chou / YouTube
Recent 25 Years Pop,songlists/pop-recent-25.json,POP25-109,愛情廢柴,2kdYSeoHChg,60756423,2026-05-26,kept,近25年熱門新歌,周杰倫 Jay Chou / YouTube
Recent 25 Years Pop,songlists/pop-recent-25.json,POP25-110,不愛我就拉倒,MAjY8mCTXWk,54033549,2026-05-26,kept,近25年熱門新歌,周杰倫 Jay Chou / YouTube
Recent 25 Years Pop,songlists/pop-recent-25.json,POP25-111,只是太愛你,k2rVffhNd0E,51268214,2026-05-26,kept,近25年熱門新歌,universalmusichk / YouTube
Recent 25 Years Pop,songlists/pop-recent-25.json,POP25-112,聽海,mLk61pfiHQ0,49193626,2026-05-26,kept,近25年熱門新歌,豐華唱片ForwardMusic / YouTube
Recent 25 Years Pop,songlists/pop-recent-25.json,POP25-113,至少我還記得,jIzOIsQWMfg,48539276,2026-05-26,kept,近25年熱門新歌,周興哲 Eric Chou / YouTube
Recent 25 Years Pop,songlists/pop-recent-25.json,POP25-114,填空,9Y15es8OY0U,47839083,2026-05-26,kept,近25年熱門新歌,相信音樂BinMusic / YouTube
Recent 25 Years Pop,songlists/pop-recent-25.json,POP25-115,紅塵客棧,L6joGUdc6y4,44409274,2026-05-26,kept,近25年熱門新歌,周杰倫 Jay Chou / YouTube
Recent 25 Years Pop,songlists/pop-recent-25.json,POP25-116,帶我去找夜生活,W9Fq1HC_5hg,42808133,2026-05-26,kept,近25年熱門新歌,告五人Accusefive / YouTube
Recent 25 Years Pop,songlists/pop-recent-25.json,POP25-117,新的心跳,vDR-e3W6ARc,42616788,2026-05-26,kept,近25年熱門新歌,GEMblog / YouTube
Recent 25 Years Pop,songlists/pop-recent-25.json,POP25-118,好朋友的祝福,LbDizRI5wrA,41767976,2026-05-26,kept,近25年熱門新歌,愛貝克思 avex taiwan / YouTube
Recent 25 Years Pop,songlists/pop-recent-25.json,POP25-119,摯友,vGqpGFH3vh8,41435047,2026-05-26,kept,近25年熱門新歌,A-Lin官方專屬頻道 / YouTube
Recent 25 Years Pop,songlists/pop-recent-25.json,POP25-120,聽爸爸的話,eS2T9IiOYbc,41082401,2026-05-26,kept,近25年熱門新歌,周杰倫 Jay Chou / YouTube
Recent 25 Years Pop,songlists/pop-recent-25.json,POP25-121,愛我的時候,bG563p_moiE,38611840,2026-05-26,kept,近25年熱門新歌,周興哲 Eric Chou / YouTube
Recent 25 Years Pop,songlists/pop-recent-25.json,POP25-122,愛你沒差,miBGaUagOz8,38591167,2026-05-26,kept,近25年熱門新歌,周杰倫 Jay Chou / YouTube
Recent 25 Years Pop,songlists/pop-recent-25.json,POP25-123,菊花台,PdjbRvvJAzg,37250574,2026-05-26,kept,近25年熱門新歌,周杰倫 Jay Chou / YouTube
Recent 25 Years Pop,songlists/pop-recent-25.json,POP25-124,離開你以後,37uw4W2MwgU,37217139,2026-05-26,kept,近25年熱門新歌,周興哲 Eric Chou / YouTube
Recent 25 Years Pop,songlists/pop-recent-25.json,POP25-125,然後呢,m9eoYjo5W8c,36336690,2026-05-26,kept,近25年熱門新歌,愛貝克思 avex taiwan / YouTube
Recent 25 Years Pop,songlists/pop-recent-25.json,POP25-126,塵埃,mDCmj_w9pPk,36326212,2026-05-26,kept,近25年熱門新歌,相信音樂BinMusic / YouTube
Recent 25 Years Pop,songlists/pop-recent-25.json,POP25-127,我怎麼哭了,0TLhN3fPjk0,35141772,2026-05-26,kept,近25年熱門新歌,滾石唱片 ROCK RECORDS / YouTube
Recent 25 Years Pop,songlists/pop-recent-25.json,POP25-128,你被寫在我的歌裡,UBRmadULoP0,34938775,2026-05-26,kept,近25年熱門新歌,蘇打綠 sodagreen / YouTube
Recent 25 Years Pop,songlists/pop-recent-25.json,POP25-129,不許你注定一人,UppBiK8xpeg,34923797,2026-05-26,kept,近25年熱門新歌,Dear Jane / YouTube
Recent 25 Years Pop,songlists/pop-recent-25.json,POP25-130,高山低谷,R2BUiErBRnY,34753003,2026-05-26,kept,近25年熱門新歌,Sony Music Entertainment Hong Kong / YouTube
Recent 25 Years Pop,songlists/pop-recent-25.json,POP25-131,最後一堂課,eZh1mC1vPgw,34744051,2026-05-26,kept,近25年熱門新歌,周興哲 Eric Chou / YouTube
Recent 25 Years Pop,songlists/pop-recent-25.json,POP25-132,霍元甲,wr-6wwt8RXk,34652460,2026-05-26,kept,近25年熱門新歌,周杰倫 Jay Chou / YouTube
Recent 25 Years Pop,songlists/pop-recent-25.json,POP25-133,哪裡只得我共你,wPGCIqt_klw,34234628,2026-05-26,kept,近25年熱門新歌,Dear Jane / YouTube
Recent 25 Years Pop,songlists/pop-recent-25.json,POP25-134,當我們一起走過,tAWPPcPaiQo,34212889,2026-05-26,kept,近25年熱門新歌,蘇打綠 sodagreen / YouTube
Recent 25 Years Pop,songlists/pop-recent-25.json,POP25-135,說愛你,Aq6KNRyvm-Y,33925908,2026-05-26,kept,近25年熱門新歌,JOLIN 蔡依林 / YouTube
Recent 25 Years Pop,songlists/pop-recent-25.json,POP25-136,對等關係,mQUek1GYfvs,33599518,2026-05-26,kept,近25年熱門新歌,李榮浩 Ronghao Li / YouTube
Recent 25 Years Pop,songlists/pop-recent-25.json,POP25-137,小情歌,in8NNzwFa-s,33580736,2026-05-26,kept,近25年熱門新歌,蘇打綠 sodagreen / YouTube
Recent 25 Years Pop,songlists/pop-recent-25.json,POP25-138,知足,_o0oeyCtoFA,33270293,2026-05-26,kept,近25年熱門新歌,滾石唱片 ROCK RECORDS / YouTube
Recent 25 Years Pop,songlists/pop-recent-25.json,POP25-139,尋人啟事,tp0tMGjylNQ,33150116,2026-05-26,kept,近25年熱門新歌,LaLa 徐佳瑩 / YouTube
Recent 25 Years Pop,songlists/pop-recent-25.json,POP25-140,烏梅子醬,IKMaaO9QtKw,32673059,2026-05-26,kept,近25年熱門新歌,李榮浩 Ronghao Li / YouTube
Recent 25 Years Pop,songlists/pop-recent-25.json,POP25-141,最偉大的作品,1emA1EFsPMM,31445431,2026-05-26,kept,近25年熱門新歌,周杰倫 Jay Chou / YouTube
Recent 25 Years Pop,songlists/pop-recent-25.json,POP25-142,東區東區,qVKLNfbpCZ0,31220917,2026-05-26,kept,近25年熱門新歌,相信音樂BinMusic / YouTube
Recent 25 Years Pop,songlists/pop-recent-25.json,POP25-143,怪美的,-wIHmPAvMBo,30989714,2026-05-26,kept,近25年熱門新歌,JOLIN 蔡依林 / YouTube
Recent 25 Years Pop,songlists/pop-recent-25.json,POP25-144,偉大的渺小,JwjBbWQs71k,30885594,2026-05-26,kept,近25年熱門新歌,JJ Lin林俊傑 / YouTube
Recent 25 Years Pop,songlists/pop-recent-25.json,POP25-145,唯一,vxucCfcMFCk,30845970,2026-05-26,kept,近25年熱門新歌,相信音樂BinMusic / YouTube
Recent 25 Years Pop,songlists/pop-recent-25.json,POP25-146,玫瑰少年,feOq6MWeUXA,30238727,2026-05-26,kept,近25年熱門新歌,JOLIN 蔡依林 / YouTube
Recent 25 Years Pop,songlists/pop-recent-25.json,POP25-147,反對無效,L67zi-8wBXo,29787771,2026-05-26,kept,近25年熱門新歌,MC 張天賦 / YouTube
Recent 25 Years Pop,songlists/pop-recent-25.json,POP25-148,最好的結局,E1tgHfuKMrs,29413039,2026-05-26,kept,近25年熱門新歌,相信音樂BinMusic / YouTube
Recent 25 Years Pop,songlists/pop-recent-25.json,POP25-149,傻笑,rKFtivD7Rvw,29023395,2026-05-26,kept,近25年熱門新歌,周杰倫 Jay Chou / YouTube
Recent 25 Years Pop,songlists/pop-recent-25.json,POP25-150,失落沙洲,Ie1KcGvBN_k,28744592,2026-05-26,kept,近25年熱門新歌,亞神音樂娛樂 / YouTube
Recent 25 Years Pop,songlists/pop-recent-25.json,POP25-151,致青春,ERUMIAuYBUI,28155972,2026-05-26,kept,近25年熱門新歌,滾石唱片 ROCK RECORDS / YouTube
Recent 25 Years Pop,songlists/pop-recent-25.json,POP25-152,披星戴月的想你,VpwAq7hiij0,27838679,2026-05-26,kept,近25年熱門新歌,告五人Accusefive / YouTube
Recent 25 Years Pop,songlists/pop-recent-25.json,POP25-153,親愛的無情孫小美,UXHTGeGkZwU,27473611,2026-05-26,kept,近25年熱門新歌,茄子蛋EggPlantEgg / YouTube
Recent 25 Years Pop,songlists/pop-recent-25.json,POP25-154,受夠,9rlo5K2r3Sg,26938487,2026-05-26,kept,近25年熱門新歌,周興哲 Eric Chou / YouTube
Recent 25 Years Pop,songlists/pop-recent-25.json,POP25-155,人質,o4JrzNdpKw4,26923077,2026-05-26,kept,近25年熱門新歌,Timeless Music / YouTube
Recent 25 Years Pop,songlists/pop-recent-25.json,POP25-156,想知道你在想什麼,kiSYRbMn67I,26389338,2026-05-26,kept,近25年熱門新歌,周興哲 Eric Chou / YouTube
Recent 25 Years Pop,songlists/pop-recent-25.json,POP25-157,傳聞,OTMAjoVW-uM,26218002,2026-05-26,kept,近25年熱門新歌,warnermusichk / YouTube
Recent 25 Years Pop,songlists/pop-recent-25.json,POP25-158,若無你我欲去佗位,785sf7xodmY,25839782,2026-05-26,kept,近25年熱門新歌,黃奇斌 Ng KiPin / YouTube
Recent 25 Years Pop,songlists/pop-recent-25.json,POP25-159,這款自作多情,UocMW7BG0ls,25585819,2026-05-26,kept,近25年熱門新歌,茄子蛋EggPlantEgg / YouTube
Recent 25 Years Pop,songlists/pop-recent-25.json,POP25-160,到底發生過什麼事,3euRDKzPS4M,25263097,2026-05-26,kept,近25年熱門新歌,Dear Jane / YouTube
Recent 25 Years Pop,songlists/pop-recent-25.json,POP25-161,下雨的夜晚,2cCligRwFoI,24889766,2026-05-26,kept,近25年熱門新歌,蘇打綠 sodagreen / YouTube
Recent 25 Years Pop,songlists/pop-recent-25.json,POP25-162,我是如此相信,TbFWYT9VGRk,24668155,2026-05-26,kept,近25年熱門新歌,周杰倫 Jay Chou / YouTube
Recent 25 Years Pop,songlists/pop-recent-25.json,POP25-163,重感情的廢物,jM3HXNusWA0,24338112,2026-05-26,kept,近25年熱門新歌,TRASH Band / YouTube
Recent 25 Years Pop,songlists/pop-recent-25.json,POP25-164,那一夜,ugVNDvnDDpA,24082259,2026-05-26,kept,近25年熱門新歌,GEMblog / YouTube
Recent 25 Years Pop,songlists/pop-recent-25.json,POP25-165,日不落,1GA8z-Wliew,23598210,2026-05-26,kept,近25年熱門新歌,JOLIN 蔡依林 / YouTube
Recent 25 Years Pop,songlists/pop-recent-25.json,POP25-166,再遇見,8PSvDdL2BPs,23407736,2026-05-26,kept,近25年熱門新歌,蘇打綠 sodagreen / YouTube
Recent 25 Years Pop,songlists/pop-recent-25.json,POP25-167,留一天與你喘息,uuV8wZ_P8r4,23163742,2026-05-26,kept,近25年熱門新歌,MIRROR / YouTube
Recent 25 Years Pop,songlists/pop-recent-25.json,POP25-168,無眠,qXv7POo5MNI,23104612,2026-05-26,kept,近25年熱門新歌,蘇打綠 sodagreen / YouTube
Recent 25 Years Pop,songlists/pop-recent-25.json,POP25-169,還在流浪,BSlMAJ7SkMA,23000273,2026-05-26,kept,近25年熱門新歌,周杰倫 Jay Chou / YouTube
Recent 25 Years Pop,songlists/pop-recent-25.json,POP25-170,交換餘生,mNQwhIx_0CM,22644160,2026-05-26,kept,近25年熱門新歌,JJ Lin林俊傑 / YouTube
Recent 25 Years Pop,songlists/pop-recent-25.json,POP25-171,我的宣言,z9zMcvn_xkI,22596874,2026-05-26,kept,近25年熱門新歌,warnermusichk / YouTube
Recent 25 Years Pop,songlists/pop-recent-25.json,POP25-172,紅顏如霜,APgx1k-2Tqc,22529686,2026-05-26,kept,近25年熱門新歌,周杰倫 Jay Chou / YouTube
Recent 25 Years Pop,songlists/pop-recent-25.json,POP25-173,矛盾一生,v0_cXepCVgg,22332328,2026-05-26,kept,近25年熱門新歌,JW 王灝兒 / YouTube
Recent 25 Years Pop,songlists/pop-recent-25.json,POP25-174,愛了很久的朋友,mJwyo5fH3jY,21816141,2026-05-26,kept,近25年熱門新歌,華研國際 / YouTube
Recent 25 Years Pop,songlists/pop-recent-25.json,POP25-175,麻雀,2l4x_TvBKiw,21739582,2026-05-26,kept,近25年熱門新歌,李榮浩 Ronghao Li / YouTube
Recent 25 Years Pop,songlists/pop-recent-25.json,POP25-176,忘記擁抱,m6kiNlnJ2Uk,21622632,2026-05-26,kept,近25年熱門新歌,A-Lin官方專屬頻道 / YouTube
Recent 25 Years Pop,songlists/pop-recent-25.json,POP25-177,aMEI,-x5odUXWjFk,21537612,2026-05-26,kept,近25年熱門新歌,聲動娛樂 Mei Entertainment / YouTube
Recent 25 Years Pop,songlists/pop-recent-25.json,POP25-178,女也,IBT0_3QUy98,20805456,2026-05-26,kept,近25年熱門新歌,相信音樂BinMusic / YouTube
Recent 25 Years Pop,songlists/pop-recent-25.json,POP25-179,你敢不敢,HLibG1_lcTk,20615081,2026-05-26,kept,近25年熱門新歌,LaLa 徐佳瑩 / YouTube
Recent 25 Years Pop,songlists/pop-recent-25.json,POP25-180,天空,hmyEkTioX5E,20606452,2026-05-26,kept,近25年熱門新歌,jolintsaiVEVO / YouTube
Recent 25 Years Pop,songlists/pop-recent-25.json,POP25-181,戒菸,V7hJgBcRDwM,20313512,2026-05-26,kept,近25年熱門新歌,李榮浩 Ronghao Li / YouTube
Recent 25 Years Pop,songlists/pop-recent-25.json,POP25-182,緊急聯絡人,mt56HEafeWU,20192720,2026-05-26,kept,近25年熱門新歌,Gareth.T / YouTube
Recent 25 Years Pop,songlists/pop-recent-25.json,POP25-183,無可避免,Wr4EEUPoUWs,20135998,2026-05-26,kept,近25年熱門新歌,Dear Jane / YouTube
Recent 25 Years Pop,songlists/pop-recent-25.json,POP25-184,經過一些秋與冬,nwObYQkSC8w,19722736,2026-05-26,kept,近25年熱門新歌,Dear Jane / YouTube
Recent 25 Years Pop,songlists/pop-recent-25.json,POP25-185,讓愛高飛,I3NFPlSmNu8,19698954,2026-05-26,kept,近25年熱門新歌,TVB Music Group / YouTube
Recent 25 Years Pop,songlists/pop-recent-25.json,POP25-186,我可以抱你嗎,oj3NFUBO1U8,19587458,2026-05-26,kept,近25年熱門新歌,豐華唱片ForwardMusic / YouTube
Recent 25 Years Pop,songlists/pop-recent-25.json,POP25-187,怨偶,TfpUB8sAheI,18787002,2026-05-26,kept,近25年熱門新歌,滾石唱片 ROCK RECORDS / YouTube
Recent 25 Years Pop,songlists/pop-recent-25.json,POP25-188,太陽與地球,i5YRIjxyJP8,18704088,2026-05-26,kept,近25年熱門新歌,添翼音樂 TEAM EAR MUSIC / YouTube
Recent 25 Years Pop,songlists/pop-recent-25.json,POP25-189,愛在身邊,u8L20-PLWgw,18498442,2026-05-26,kept,近25年熱門新歌,周興哲 Eric Chou / YouTube
Recent 25 Years Pop,songlists/pop-recent-25.json,POP25-190,哪裡都是你,yfn8sE9obWU,18447061,2026-05-26,kept,近25年熱門新歌,周杰倫 Jay Chou / YouTube
Recent 25 Years Pop,songlists/pop-recent-25.json,POP25-191,最初的記憶,vXXmNhmsHLY,18398461,2026-05-26,kept,近25年熱門新歌,LaLa 徐佳瑩 / YouTube
Recent 25 Years Pop,songlists/pop-recent-25.json,POP25-192,言不由衷,k8jAqe9QZ7I,18134191,2026-05-26,kept,近25年熱門新歌,LaLa 徐佳瑩 / YouTube
Recent 25 Years Pop,songlists/pop-recent-25.json,POP25-193,離開我的依賴,p13tH7Etlzc,17923128,2026-05-26,kept,近25年熱門新歌,SKRpresents 陶山音樂 / YouTube
Recent 25 Years Pop,songlists/pop-recent-25.json,POP25-194,愛在夏天,_zv8Y94eLYI,17459599,2026-05-26,kept,近25年熱門新歌,告五人Accusefive / YouTube
Recent 25 Years Pop,songlists/pop-recent-25.json,POP25-195,時光倒流一句話,qlvE_owkBwI,17144090,2026-05-26,kept,近25年熱門新歌,林家謙 Terence Lam / YouTube
Recent 25 Years Pop,songlists/pop-recent-25.json,POP25-196,看淡,XqCu-t8YWr4,16847599,2026-05-26,kept,近25年熱門新歌,華研國際 / YouTube
Recent 25 Years Pop,songlists/pop-recent-25.json,POP25-197,最愛的人傷我最深,bM70w2VT0So,16839516,2026-05-26,kept,近25年熱門新歌,豐華唱片ForwardMusic / YouTube
Recent 25 Years Pop,songlists/pop-recent-25.json,POP25-198,身騎白馬,VzXOT26_Da8,16475141,2026-05-26,kept,近25年熱門新歌,亞神音樂娛樂 / YouTube
Recent 25 Years Pop,songlists/pop-recent-25.json,POP25-199,未開始已經結束,HwlYipX78Qo,16364815,2026-05-26,kept,近25年熱門新歌,Dear Jane / YouTube
Recent 25 Years Pop,songlists/pop-recent-25.json,POP25-200,我的回憶不是我的,BKld0fxCu9k,16091207,2026-05-26,kept,近25年熱門新歌,英皇娛樂 eeg music / YouTube
Recent 25 Years Pop,songlists/pop-recent-25.json,POP25-201,用背脊唱情歌,falq0Gr3rc0,16014739,2026-05-26,kept,近25年熱門新歌,Gareth.T / YouTube
Recent 25 Years Pop,songlists/pop-recent-25.json,POP25-202,不是男人,bYWVIRbnRcQ,16003004,2026-05-26,kept,近25年熱門新歌,相信音樂BinMusic / YouTube
Recent 25 Years Pop,songlists/pop-recent-25.json,POP25-203,趁早,oufUB3LTjMQ,15857956,2026-05-26,kept,近25年熱門新歌,豐華唱片ForwardMusic / YouTube
Recent 25 Years Pop,songlists/pop-recent-25.json,POP25-204,鏡中鏡,JvMoytjPmJc,15789324,2026-05-26,kept,近25年熱門新歌,MIRROR / YouTube
Recent 25 Years Pop,songlists/pop-recent-25.json,POP25-205,只知感覺失了蹤,JFuFXngdUO4,15785303,2026-05-26,kept,近25年熱門新歌,Dear Jane / YouTube
Recent 25 Years Pop,songlists/pop-recent-25.json,POP25-206,大風吹,HqmpIQ9l-uA,15612087,2026-05-26,kept,近25年熱門新歌,No Party For Cao Dong 草東沒有派對 / YouTube
Recent 25 Years Pop,songlists/pop-recent-25.json,POP25-207,妥協,M00rcJ9gMEc,15609601,2026-05-26,kept,近25年熱門新歌,JOLIN 蔡依林 / YouTube
Recent 25 Years Pop,songlists/pop-recent-25.json,POP25-208,大人中,Q0W--O7aWBg,15495214,2026-05-26,kept,近25年熱門新歌,添翼音樂 TEAM EAR MUSIC / YouTube
Recent 25 Years Pop,songlists/pop-recent-25.json,POP25-209,超能力,-7uaa_ONFo0,15480919,2026-05-26,kept,近25年熱門新歌,GEM鄧紫棋 / YouTube
Recent 25 Years Pop,songlists/pop-recent-25.json,POP25-210,天涯過客,-gJzlOJ0Zoo,15283818,2026-05-26,kept,近25年熱門新歌,周杰倫 Jay Chou / YouTube
Recent 25 Years Pop,songlists/pop-recent-25.json,POP25-211,愛愛愛,812omgU1tHs,15219024,2026-05-26,kept,近25年熱門新歌,warnermusichk / YouTube
Recent 25 Years Pop,songlists/pop-recent-25.json,POP25-212,無人知曉,RtH0BAbUalk,15056360,2026-05-26,kept,近25年熱門新歌,Hebe Tien's Official Channel田馥甄官方專屬頻道 / YouTube
Recent 25 Years Pop,songlists/pop-recent-25.json,POP25-213,我不需要每一個人都愛我,bZ1nTf_jVKw,14784362,2026-05-26,kept,近25年熱門新歌,八三夭 831 / YouTube
Recent 25 Years Pop,songlists/pop-recent-25.json,POP25-214,驗傷,NGHLVq1Qu18,14742893,2026-05-26,kept,近25年熱門新歌,warnermusichk / YouTube
Recent 25 Years Pop,songlists/pop-recent-25.json,POP25-215,我不離開,ekkOp3vsqA8,14736126,2026-05-26,kept,近25年熱門新歌,戴愛玲 Princess Ai / YouTube
Recent 25 Years Pop,songlists/pop-recent-25.json,POP25-216,寧靜海,mfjMLJEWQ8w,14732869,2026-05-26,kept,近25年熱門新歌,MIRROR / YouTube
Recent 25 Years Pop,songlists/pop-recent-25.json,POP25-217,陳凱詠,8wB0S5nZMJw,14624823,2026-05-26,kept,近25年熱門新歌,universalmusichk / YouTube
Recent 25 Years Pop,songlists/pop-recent-25.json,POP25-218,如果能幸福,Qx8DWG8x4S4,14622686,2026-05-26,kept,近25年熱門新歌,周興哲 Eric Chou / YouTube
Recent 25 Years Pop,songlists/pop-recent-25.json,POP25-219,不可愛教主,63kYZhp-FtU,14182084,2026-05-26,kept,近25年熱門新歌,MIRROR / YouTube
Recent 25 Years Pop,songlists/pop-recent-25.json,POP25-220,風箏,EvW1WO3gHrg,14176374,2026-05-26,kept,近25年熱門新歌,Redline Music / YouTube
Recent 25 Years Pop,songlists/pop-recent-25.json,POP25-221,鯨落,fH7jpaDQ6AQ,14099369,2026-05-26,kept,近25年熱門新歌,MIRROR / YouTube
Recent 25 Years Pop,songlists/pop-recent-25.json,POP25-222,無與倫比的美麗,NA4otP-v6iI,13893582,2026-05-26,kept,近25年熱門新歌,蘇打綠 sodagreen / YouTube
Recent 25 Years Pop,songlists/pop-recent-25.json,POP25-223,紅豆,3nG--h_EJyc,13772906,2026-05-26,kept,近25年熱門新歌,Timeless Music / YouTube
Recent 25 Years Pop,songlists/pop-recent-25.json,POP25-224,憨人,1j_mpwKmlJg,13703728,2026-05-26,kept,近25年熱門新歌,滾石唱片 ROCK RECORDS / YouTube
Recent 25 Years Pop,songlists/pop-recent-25.json,POP25-225,床邊故事,-7r6VqSllNg,13660566,2026-05-26,kept,近25年熱門新歌,周杰倫 Jay Chou / YouTube
Recent 25 Years Pop,songlists/pop-recent-25.json,POP25-226,我只在乎你,FZSVQRLVFy0,13650859,2026-05-26,kept,近25年熱門新歌,GEMblog / YouTube
Recent 25 Years Pop,songlists/pop-recent-25.json,POP25-227,小諧星,LoHKilN1-Ug,13572580,2026-05-26,kept,近25年熱門新歌,MIRROR / YouTube
Recent 25 Years Pop,songlists/pop-recent-25.json,POP25-228,幸福之歌,7TefwmjpAqo,13563899,2026-05-26,kept,近25年熱門新歌,Redline Music / YouTube
Recent 25 Years Pop,songlists/pop-recent-25.json,POP25-229,錯過的煙火,9tN1xixvYOc,13455854,2026-05-26,kept,近25年熱門新歌,周杰倫 Jay Chou / YouTube
Recent 25 Years Pop,songlists/pop-recent-25.json,POP25-230,我看著你的時候,U_WUmCQno3c,13412083,2026-05-26,kept,近25年熱門新歌,李榮浩 Ronghao Li / YouTube
Recent 25 Years Pop,songlists/pop-recent-25.json,POP25-231,廿四味 24,7jpMwwn4V04,13313741,2026-05-26,kept,近25年熱門新歌,24HERBS / YouTube
Recent 25 Years Pop,songlists/pop-recent-25.json,POP25-232,我懷念的,3Xj6QoLmoF0,13267072,2026-05-26,kept,近25年熱門新歌,Timeless Music / YouTube
Recent 25 Years Pop,songlists/pop-recent-25.json,POP25-233,忘不記,nU4jIUZF_AI,13167966,2026-05-26,kept,近25年熱門新歌,相信音樂BinMusic / YouTube
Recent 25 Years Pop,songlists/pop-recent-25.json,POP25-234,小伙子,BxsW2sBw3pM,12997386,2026-05-26,kept,近25年熱門新歌,Redline Music / YouTube
Recent 25 Years Pop,songlists/pop-recent-25.json,POP25-235,耳朵,wFqUAw_NYvs,12721341,2026-05-26,kept,近25年熱門新歌,李榮浩 Ronghao Li / YouTube
Recent 25 Years Pop,songlists/pop-recent-25.json,POP25-236,還記得,caGhQ2tXAiM,12651046,2026-05-26,kept,近25年熱門新歌,warnermusichk / YouTube
Recent 25 Years Pop,songlists/pop-recent-25.json,POP25-237,一去不返,fS-aC4zCQmE,12649611,2026-05-26,kept,近25年熱門新歌,Dear Jane / YouTube
Recent 25 Years Pop,songlists/pop-recent-25.json,POP25-238,逆時車站,YUezFrfUxqg,12402468,2026-05-26,kept,近25年熱門新歌,洪嘉豪 Hung Kaho / YouTube
Recent 25 Years Pop,songlists/pop-recent-25.json,POP25-239,站在高崗上,i-bu47QpWWc,12308091,2026-05-26,kept,近25年熱門新歌,豐華唱片ForwardMusic / YouTube
Recent 25 Years Pop,songlists/pop-recent-25.json,POP25-240,相信愛,GzheEyoZ5Ok,12294444,2026-05-26,kept,近25年熱門新歌,周興哲 Eric Chou / YouTube
Recent 25 Years Pop,songlists/pop-recent-25.json,POP25-241,百年不合,OOEC34Ndb1o,12237669,2026-05-26,kept,近25年熱門新歌,warnermusichk / YouTube
Recent 25 Years Pop,songlists/pop-recent-25.json,POP25-242,下一位前度,inYU6vMBwtI,12136102,2026-05-26,kept,近25年熱門新歌,林家謙 Terence Lam / YouTube
Recent 25 Years Pop,songlists/pop-recent-25.json,POP25-243,一雙手,pR6C3yTiSbQ,12109556,2026-05-26,kept,近25年熱門新歌,PhillamVEVO / YouTube
Recent 25 Years Pop,songlists/pop-recent-25.json,POP25-244,永順街39號,iqFi-2EIOO8,12008596,2026-05-26,kept,近25年熱門新歌,MIRROR / YouTube
Recent 25 Years Pop,songlists/pop-recent-25.json,POP25-245,Fly Away,ko7PJcHDxik,11998231,2026-05-26,kept,近25年熱門新歌,GEM鄧紫棋 / YouTube
Recent 25 Years Pop,songlists/pop-recent-25.json,POP25-246,主角光環,ShS8UQPUlzc,11738702,2026-05-26,kept,近25年熱門新歌,洪嘉豪 Hung Kaho / YouTube
Recent 25 Years Pop,songlists/pop-recent-25.json,POP25-247,馬德里不思議,E7Tz8kWaGhA,11690287,2026-05-26,kept,近25年熱門新歌,JOLIN 蔡依林 / YouTube
Recent 25 Years Pop,songlists/pop-recent-25.json,POP25-248,浪漫殺死巨蟹座,8qS_WqScQ7Q,11684473,2026-05-26,kept,近25年熱門新歌,MIRROR / YouTube
Recent 25 Years Pop,songlists/pop-recent-25.json,POP25-249,親愛的對象,5mNrRVp-SBc,11619917,2026-05-26,kept,近25年熱門新歌,JOLIN 蔡依林 / YouTube
Recent 25 Years Pop,songlists/pop-recent-25.json,POP25-250,日常,_vGN_dFtAQI,11593269,2026-05-26,kept,近25年熱門新歌,茄子蛋EggPlantEgg / YouTube
Recent 25 Years Pop,songlists/pop-recent-25.json,POP25-251,小心地滑,FlsxLlozYdw,11457566,2026-05-26,kept,近25年熱門新歌,MC 張天賦 / YouTube
Recent 25 Years Pop,songlists/pop-recent-25.json,POP25-252,幸福在歌唱,jeRu6h4XbUU,11441559,2026-05-26,kept,近25年熱門新歌,A-Lin官方專屬頻道 / YouTube
Recent 25 Years Pop,songlists/pop-recent-25.json,POP25-253,對的時間點,gORotxnPczg,11390717,2026-05-26,kept,近25年熱門新歌,JJ Lin林俊傑 / YouTube
Recent 25 Years Pop,songlists/pop-recent-25.json,POP25-254,血腥愛情故事,5O7hdU7ptmY,11320424,2026-05-26,kept,近25年熱門新歌,聲動娛樂 Mei Entertainment / YouTube
Recent 25 Years Pop,songlists/pop-recent-25.json,POP25-255,賽勒斯的愛,RyhF6pAAlPM,11220489,2026-05-26,kept,近25年熱門新歌,張敬軒 Hins Cheung / YouTube
Recent 25 Years Pop,songlists/pop-recent-25.json,POP25-256,天空沒有極限,gCQuEakOEFo,11217141,2026-05-26,kept,近25年熱門新歌,GEM鄧紫棋 / YouTube
Recent 25 Years Pop,songlists/pop-recent-25.json,POP25-257,及時行樂,ocxIKEbKOFs,11113726,2026-05-26,kept,近25年熱門新歌,洪嘉豪 Hung Kaho / YouTube
Recent 25 Years Pop,songlists/pop-recent-25.json,POP25-258,孤獨,CvgNQmXqX9M,11059309,2026-05-26,kept,近25年熱門新歌,GEM鄧紫棋 / YouTube
Recent 25 Years Pop,songlists/pop-recent-25.json,POP25-259,青春告別式,4Ch6C-U6dcs,10977373,2026-05-26,kept,近25年熱門新歌,張敬軒 Hins Cheung / YouTube
Recent 25 Years Pop,songlists/pop-recent-25.json,POP25-260,一表人才,Xksy4opi9s8,10945731,2026-05-26,kept,近25年熱門新歌,MIRROR / YouTube
Recent 25 Years Pop,songlists/pop-recent-25.json,POP25-261,哀的美敦書,9miY1Nkq3tE,10904818,2026-05-26,kept,近25年熱門新歌,Dear Jane / YouTube
Recent 25 Years Pop,songlists/pop-recent-25.json,POP25-262,幸福太短,2UArpayTTGA,10870557,2026-05-26,kept,近25年熱門新歌,A-Lin官方專屬頻道 / YouTube
Recent 25 Years Pop,songlists/pop-recent-25.json,POP25-263,心之科學,_ULjdb75WJw,10773939,2026-05-26,kept,近25年熱門新歌,容祖兒 Joey Yung / YouTube
Recent 25 Years Pop,songlists/pop-recent-25.json,POP25-264,我不難過,GDsyUtdS1YM,10719471,2026-05-26,kept,近25年熱門新歌,Timeless Music / YouTube
Recent 25 Years Pop,songlists/pop-recent-25.json,POP25-265,懸日,Nf1C1fSJG_8,10711675,2026-05-26,kept,近25年熱門新歌,Hebe Tien's Official Channel田馥甄官方專屬頻道 / YouTube
Recent 25 Years Pop,songlists/pop-recent-25.json,POP25-266,幸福額度,lWd7YUSzTMg,10633372,2026-05-26,kept,近25年熱門新歌,蘇打綠 sodagreen / YouTube
Recent 25 Years Pop,songlists/pop-recent-25.json,POP25-267,因為是你,1a7V8zwbD8o,10584396,2026-05-26,kept,近25年熱門新歌,韋禮安 WeiBird / YouTube
Recent 25 Years Pop,songlists/pop-recent-25.json,POP25-268,你不會一輩子的愛上我,M8vhBqXpXH4,10493107,2026-05-26,kept,近25年熱門新歌,Tyson Yoshi / YouTube
Recent 25 Years Pop,songlists/pop-recent-25.json,POP25-269,將軍令,_XYcCNY-ass,10477463,2026-05-26,kept,近25年熱門新歌,相信音樂BinMusic / YouTube
Recent 25 Years Pop,songlists/pop-recent-25.json,POP25-270,好想好想你,P6QXo88IG2c,10445932,2026-05-26,kept,近25年熱門新歌,GEM鄧紫棋 / YouTube
Recent 25 Years Pop,songlists/pop-recent-25.json,POP25-271,不關你的事,o5bMvBVhnWQ,10421424,2026-05-26,kept,近25年熱門新歌,滾石唱片 ROCK RECORDS / YouTube
Recent 25 Years Pop,songlists/pop-recent-25.json,POP25-272,雙雙,exnXygiEBlo,10381657,2026-05-26,kept,近25年熱門新歌,universalmusichk / YouTube
Recent 25 Years Pop,songlists/pop-recent-25.json,POP25-273,因為愛,d7YJ_fOcOks,10348134,2026-05-26,kept,近25年熱門新歌,福茂唱片 / YouTube
Recent 25 Years Pop,songlists/pop-recent-25.json,POP25-274,無力挽回,SnTZjs8pJXI,10287666,2026-05-26,kept,近25年熱門新歌,warnermusichk / YouTube
Recent 25 Years Pop,songlists/pop-recent-25.json,POP25-275,一樣美麗,-GD5oWucV3Y,10169750,2026-05-26,kept,近25年熱門新歌,周興哲 Eric Chou / YouTube
Recent 25 Years Pop,songlists/pop-recent-25.json,POP25-276,演員,XaN3kUz4KSw,10141298,2026-05-26,kept,近25年熱門新歌,薛之謙 JokerXue / YouTube
Recent 25 Years Pop,songlists/pop-recent-25.json,POP25-277,不難,jCYm_qzcMYw,10128376,2026-05-26,kept,近25年熱門新歌,LaLa 徐佳瑩 / YouTube
Recent 25 Years Pop,songlists/pop-recent-25.json,POP25-278,面具,p0NmAmbCr4I,10092856,2026-05-26,kept,近25年熱門新歌,福茂唱片 / YouTube
Recent 25 Years Pop,songlists/pop-recent-25.json,POP25-279,國際孤獨等級,MbD7TAlBFDc,10066231,2026-05-26,kept,近25年熱門新歌,Gareth.T / YouTube
Recent 25 Years Pop,songlists/pop-recent-25.json,POP25-280,小時候,xpT7av-kiXg,10004233,2026-05-26,kept,近25年熱門新歌,蘇打綠 sodagreen / YouTube
Recent 25 Years Pop,songlists/pop-recent-25.json,POP25-281,留下來的人,SDlY5WXq4bA,9991172,2026-05-26,kept,近25年熱門新歌,寰亞音樂 Media Asia Music Official Channel / YouTube
Recent 25 Years Pop,songlists/pop-recent-25.json,POP25-282,永遠飛行模式,gDFtTf5zAww,9948040,2026-05-26,kept,近25年熱門新歌,Dear Jane / YouTube
Recent 25 Years Pop,songlists/pop-recent-25.json,POP25-283,下雨天,G9Xz4Z1P_dE,9901021,2026-05-26,kept,近25年熱門新歌,音樂安利站 Beats Music / YouTube
Recent 25 Years Pop,songlists/pop-recent-25.json,POP25-284,一加一,EGgtmKF7saI,9884811,2026-05-26,kept,近25年熱門新歌,universalmusichk / YouTube
Recent 25 Years Pop,songlists/pop-recent-25.json,POP25-285,不為誰而作的歌,f5s2ujeJ-TA,9783439,2026-05-26,kept,近25年熱門新歌,吳n / YouTube
Recent 25 Years Pop,songlists/pop-recent-25.json,POP25-286,說走就走,NH43WjeoVgs,9762229,2026-05-26,kept,近25年熱門新歌,周杰倫 Jay Chou / YouTube
Recent 25 Years Pop,songlists/pop-recent-25.json,POP25-287,孤雛,ZyORtO7kTaw,9702882,2026-05-26,kept,近25年熱門新歌,universalmusichk / YouTube
Recent 25 Years Pop,songlists/pop-recent-25.json,POP25-288,I Do,wIgduzASI6A,9652620,2026-05-26,kept,近25年熱門新歌,周杰倫 Jay Chou / YouTube
Recent 25 Years Pop,songlists/pop-recent-25.json,POP25-289,太陽之子,Hgnpi3eBQ9o,9601849,2026-05-26,kept,近25年熱門新歌,周杰倫 Jay Chou / YouTube
Recent 25 Years Pop,songlists/pop-recent-25.json,POP25-290,愚人節快樂,QVIrAWjB2ZU,9599082,2026-05-26,kept,近25年熱門新歌,添翼音樂 TEAM EAR MUSIC / YouTube
Recent 25 Years Pop,songlists/pop-recent-25.json,POP25-291,慢慢等,smaCyk6HIuA,9424008,2026-05-26,kept,近25年熱門新歌,福茂唱片 / YouTube
Recent 25 Years Pop,songlists/pop-recent-25.json,POP25-292,在你身邊,tHmsHgQSsbo,9341971,2026-05-26,kept,近25年熱門新歌,福茂唱片 / YouTube
Recent 25 Years Pop,songlists/pop-recent-25.json,POP25-293,安徒生的錯,VKhim8w5XQ0,9293175,2026-05-26,kept,近25年熱門新歌,PhillamVEVO / YouTube
Recent 25 Years Pop,songlists/pop-recent-25.json,POP25-294,遇见,crAxGj6ABk0,16052360,2026-06-02,kept,近25年熱門新歌,GM Lyric / YouTube
Recent 25 Years Pop,songlists/pop-recent-25.json,POP25-295,太空人,kRxk9v0bsC0,9204189,2026-05-26,kept,近25年熱門新歌,吳青峰 Wu Qing Feng / YouTube
Recent 25 Years Pop,songlists/pop-recent-25.json,POP25-296,想念你想我,WIwn0DkcFEA,9013802,2026-05-26,kept,近25年熱門新歌,周興哲 Eric Chou / YouTube
Recent 25 Years Pop,songlists/pop-recent-25.json,POP25-297,倒影,a0AyNzV3yk8,8989898,2026-05-26,kept,近25年熱門新歌,周杰倫 Jay Chou / YouTube
Recent 25 Years Pop,songlists/pop-recent-25.json,POP25-298,老街,XadF4AbmHeA,8966943,2026-05-26,kept,近25年熱門新歌,daybyday / YouTube
Recent 25 Years Pop,songlists/pop-recent-25.json,POP25-299,反方向的鐘,fuM1aVCGR8c,8935509,2026-05-26,kept,近25年熱門新歌,周杰倫 Jay Chou / YouTube
Recent 25 Years Pop,songlists/pop-recent-25.json,POP25-300,小時候的我們,lxsOcRm3dsU,8922149,2026-05-26,kept,近25年熱門新歌,周興哲 Eric Chou / YouTube
Recent 25 Years Pop,songlists/pop-recent-25.json,POP25-301,窮小子,V9avzVX0GCc,8742915,2026-05-26,kept,近25年熱門新歌,洪嘉豪 Hung Kaho / YouTube
Recent 25 Years Pop,songlists/pop-recent-25.json,POP25-302,地球上的最後一朵花,YIZCano1dP0,8708673,2026-05-26,kept,近25年熱門新歌,MIRROR / YouTube
Recent 25 Years Pop,songlists/pop-recent-25.json,POP25-303,抱一抱一下,K3R2JTNk3us,8665118,2026-05-26,kept,近25年熱門新歌,八三夭 831 / YouTube
Recent 25 Years Pop,songlists/pop-recent-25.json,POP25-304,規則就是用來打破的,Ryjh-YcO4ag,8579864,2026-05-26,kept,近25年熱門新歌,八三夭 831 / YouTube
Recent 25 Years Pop,songlists/pop-recent-25.json,POP25-305,寂寞男孩,iMMQqAEzmV0,8548538,2026-05-26,kept,近25年熱門新歌,Marz23 / YouTube
Recent 25 Years Pop,songlists/pop-recent-25.json,POP25-306,兩個你,qj5k19iT63A,8410433,2026-05-26,kept,近25年熱門新歌,GEM鄧紫棋 / YouTube
Recent 25 Years Pop,songlists/pop-recent-25.json,POP25-307,就是愛,nwcHdFQ-fq8,8330751,2026-05-26,kept,近25年熱門新歌,jolintsaiVEVO / YouTube
Recent 25 Years Pop,songlists/pop-recent-25.json,POP25-308,雙截棍,OR-0wptI_u0,8315746,2026-05-26,kept,近25年熱門新歌,周杰倫 Jay Chou / YouTube
Recent 25 Years Pop,songlists/pop-recent-25.json,POP25-309,月球下的人,W73UOP-SVfo,8290254,2026-05-26,kept,近25年熱門新歌,universalmusichk / YouTube
Recent 25 Years Pop,songlists/pop-recent-25.json,POP25-310,仍在,JIVzKKQ4Uds,8285402,2026-05-26,kept,近25年熱門新歌,MIRROR / YouTube
Recent 25 Years Pop,songlists/pop-recent-25.json,POP25-311,某種老朋友,bvhbM0JGsx4,8248622,2026-05-26,kept,近25年熱門新歌,林家謙 Terence Lam / YouTube
Recent 25 Years Pop,songlists/pop-recent-25.json,POP25-312,掉進海的眼淚,AmVxtzQPurY,8130623,2026-05-26,kept,近25年熱門新歌,洪嘉豪 Hung Kaho / YouTube
Recent 25 Years Pop,songlists/pop-recent-25.json,POP25-313,垃圾車,nIe3FLKNwTA,8117094,2026-05-26,kept,近25年熱門新歌,滾石唱片 ROCK RECORDS / YouTube
Recent 25 Years Pop,songlists/pop-recent-25.json,POP25-314,另一個諾貝爾,wq5WWRe7uHc,8098172,2026-05-26,kept,近25年熱門新歌,MIRROR / YouTube
Recent 25 Years Pop,songlists/pop-recent-25.json,POP25-315,痛快的哀艷,A6g0ncregRc,8076384,2026-05-26,kept,近25年熱門新歌,蘇打綠 sodagreen / YouTube
Recent 25 Years Pop,songlists/pop-recent-25.json,POP25-316,命硬,E9BgBB0JQ8E,8048517,2026-05-26,kept,近25年熱門新歌,Timeless Music Hong Kong天碟 / YouTube
Recent 25 Years Pop,songlists/pop-recent-25.json,POP25-317,逆光,JCqJcK3v4q0,8001407,2026-05-26,kept,近25年熱門新歌,Timeless Music / YouTube
Recent 25 Years Pop,songlists/pop-recent-25.json,POP25-318,熊麻吉,uRaxsfx-O4Y,7974679,2026-05-26,kept,近25年熱門新歌,滾石唱片 ROCK RECORDS / YouTube
Recent 25 Years Pop,songlists/pop-recent-25.json,POP25-319,隔牆有耳,fisaIfuxues,7894722,2026-05-26,kept,近25年熱門新歌,MC 張天賦 / YouTube
Recent 25 Years Pop,songlists/pop-recent-25.json,POP25-320,在空中的這一秒,jZrDc9HDfx0,7889732,2026-05-26,kept,近25年熱門新歌,林家謙 Terence Lam / YouTube
Recent 25 Years Pop,songlists/pop-recent-25.json,POP25-321,三年二班,_trE3M24kQY,7878352,2026-05-26,kept,近25年熱門新歌,周杰倫 Jay Chou / YouTube
Recent 25 Years Pop,songlists/pop-recent-25.json,POP25-322,新斗羅大陸,N9Pi50O7ZR4,7731269,2026-05-26,kept,近25年熱門新歌,相信音樂BinMusic / YouTube
Recent 25 Years Pop,songlists/pop-recent-25.json,POP25-323,你不是第一個離開的人,F4vGFscB_fg,7712199,2026-05-26,kept,近25年熱門新歌,GEM鄧紫棋 / YouTube
Recent 25 Years Pop,songlists/pop-recent-25.json,POP25-324,愛琴海,ZLldhJXp7iw,7584509,2026-05-26,kept,近25年熱門新歌,周杰倫 Jay Chou / YouTube
Recent 25 Years Pop,songlists/pop-recent-25.json,POP25-325,聽不到,U-C0Z3ys_C8,7557148,2026-05-26,kept,近25年熱門新歌,滾石唱片 ROCK RECORDS / YouTube
Recent 25 Years Pop,songlists/pop-recent-25.json,POP25-326,白果,N2pHRj07BlM,7453453,2026-05-26,kept,近25年熱門新歌,MIRROR / YouTube
Recent 25 Years Pop,songlists/pop-recent-25.json,POP25-327,你也有今天,jhR1d6Cssic,7422925,2026-05-26,kept,近25年熱門新歌,JOLIN 蔡依林 / YouTube
Recent 25 Years Pop,songlists/pop-recent-25.json,POP25-328,岩巉,eUjogRMPTQU,7402430,2026-05-26,kept,近25年熱門新歌,MIRROR / YouTube
Recent 25 Years Pop,songlists/pop-recent-25.json,POP25-329,小心碰頭,7P76AY8DtqY,7354722,2026-05-26,kept,近25年熱門新歌,MC 張天賦 / YouTube
Recent 25 Years Pop,songlists/pop-recent-25.json,POP25-330,最難的是相遇,5sbFn-FPdAk,7333530,2026-05-26,kept,近25年熱門新歌,吳青峰 Wu Qing Feng / YouTube
Recent 25 Years Pop,songlists/pop-recent-25.json,POP25-331,四面楚歌,JljURsMOLmc,7299774,2026-05-26,kept,近25年熱門新歌,周杰倫 Jay Chou / YouTube
Recent 25 Years Pop,songlists/pop-recent-25.json,POP25-332,我要快樂？,NilgON1msY8,7227728,2026-05-26,kept,近25年熱門新歌,Timeless Music / YouTube
Recent 25 Years Pop,songlists/pop-recent-25.json,POP25-333,不喜歡沒有你的地方,UihvcESfV3Y,7214204,2026-05-26,kept,近25年熱門新歌,周興哲 Eric Chou / YouTube
Recent 25 Years Pop,songlists/pop-recent-25.json,POP25-334,母系社會,IE-G5W--RhE,7208250,2026-05-26,kept,近25年熱門新歌,聲動娛樂 Mei Entertainment / YouTube
Recent 25 Years Pop,songlists/pop-recent-25.json,POP25-335,先哭為敬,NwRPoas89Oo,7110766,2026-05-26,kept,近25年熱門新歌,寰亞音樂 Media Asia Music Official Channel / YouTube
Recent 25 Years Pop,songlists/pop-recent-25.json,POP25-336,離開台北,T_AFMCpQgkI,7097137,2026-05-26,kept,近25年熱門新歌,TRASH Band / YouTube
Recent 25 Years Pop,songlists/pop-recent-25.json,POP25-337,黑月,YKRfaH3xkgk,7096155,2026-05-26,kept,近25年熱門新歌,MIRROR / YouTube
Recent 25 Years Pop,songlists/pop-recent-25.json,POP25-338,蝸牛,0iahm62GqEo,7076353,2026-05-26,kept,近25年熱門新歌,MIRROR / YouTube
Recent 25 Years Pop,songlists/pop-recent-25.json,POP25-339,真話的清高,D5frN9bPlUo,7069177,2026-05-26,kept,近25年熱門新歌,TVB Music Group / YouTube
Recent 25 Years Pop,songlists/pop-recent-25.json,POP25-340,分手需要練習的,XbZbW983N1Y,7056187,2026-05-26,kept,近25年熱門新歌,愛貝克思 avex taiwan / YouTube
Recent 25 Years Pop,songlists/pop-recent-25.json,POP25-341,醉赤壁,1fgmcZ3VLMc,7024144,2026-05-26,kept,近25年熱門新歌,音樂歌詞MusicLyrics / YouTube
Recent 25 Years Pop,songlists/pop-recent-25.json,POP25-342,小宇宙,1PyWsk_9Fd8,6981041,2026-05-26,kept,近25年熱門新歌,蘇打綠 sodagreen / YouTube
Recent 25 Years Pop,songlists/pop-recent-25.json,POP25-343,罪惡感,yRWXRTcfnhk,6953951,2026-05-26,kept,近25年熱門新歌,A-Lin官方專屬頻道 / YouTube
Recent 25 Years Pop,songlists/pop-recent-25.json,POP25-344,再不再見,1kenSheA9o0,6898394,2026-05-26,kept,近25年熱門新歌,寰亞音樂 Media Asia Music Official Channel / YouTube
Recent 25 Years Pop,songlists/pop-recent-25.json,POP25-345,偷情,bZQ5pJMnauQ,6883213,2026-05-26,kept,近25年熱門新歌,universalmusichk / YouTube
Recent 25 Years Pop,songlists/pop-recent-25.json,POP25-346,繞路,mcJB9H0Nvbc,6856152,2026-05-26,kept,近25年熱門新歌,A-Lin官方專屬頻道 / YouTube
Recent 25 Years Pop,songlists/pop-recent-25.json,POP25-347,懷疑人生,Lmm6dfPiJDM,6789426,2026-05-26,kept,近25年熱門新歌,MC 張天賦 / YouTube
Recent 25 Years Pop,songlists/pop-recent-25.json,POP25-348,你們的幸福,oYgMRIIVX3w,6781090,2026-05-26,kept,近25年熱門新歌,universalmusichk / YouTube
Recent 25 Years Pop,songlists/pop-recent-25.json,POP25-349,人類群星閃耀時,cWQ99uzuqJ8,6780053,2026-05-26,kept,近25年熱門新歌,MIRROR / YouTube
Recent 25 Years Pop,songlists/pop-recent-25.json,POP25-350,年輪說,7M8GD3pHLek,6765988,2026-05-26,kept,近25年熱門新歌,吳青峰 Wu Qing Feng / YouTube
Recent 25 Years Pop,songlists/pop-recent-25.json,POP25-351,慢靈魂,2n7EP62ocHM,6670240,2026-05-26,kept,近25年熱門新歌,添翼音樂 TEAM EAR MUSIC / YouTube
Recent 25 Years Pop,songlists/pop-recent-25.json,POP25-352,願與愁,MISqtaNt1vg,6651500,2026-05-26,kept,近25年熱門新歌,JJ Lin林俊傑 / YouTube
Recent 25 Years Pop,songlists/pop-recent-25.json,POP25-353,在月台上等你,CButi-4oCaQ,6539909,2026-05-26,kept,近25年熱門新歌,warnermusichk / YouTube
Recent 25 Years Pop,songlists/pop-recent-25.json,POP25-354,薄情歌,RjLDdIr_aDI,6509760,2026-05-26,kept,近25年熱門新歌,寰亞音樂 Media Asia Music Official Channel / YouTube
Recent 25 Years Pop,songlists/pop-recent-25.json,POP25-355,你要不要吃哈密瓜,TRDV0xw3j4Y,6428245,2026-05-26,kept,近25年熱門新歌,告五人Accusefive / YouTube
Recent 25 Years Pop,songlists/pop-recent-25.json,POP25-356,來互相傷害,sqV-JIEavgU,6378094,2026-05-26,kept,近25年熱門新歌,八三夭 831 / YouTube
Recent 25 Years Pop,songlists/pop-recent-25.json,POP25-357,神奇的糊塗魔藥,jrP24ZSYHts,6356408,2026-05-26,kept,近25年熱門新歌,林家謙 Terence Lam / YouTube
Recent 25 Years Pop,songlists/pop-recent-25.json,POP25-358,最好是,_Ah6fSDHTq4,6353712,2026-05-26,kept,近25年熱門新歌,JJ Lin林俊傑 / YouTube
Recent 25 Years Pop,songlists/pop-recent-25.json,POP25-359,捉妖記,zUhxzZkCixI,6346004,2026-05-26,kept,近25年熱門新歌,JOLIN 蔡依林 / YouTube
Recent 25 Years Pop,songlists/pop-recent-25.json,POP25-360,以孤獨命名,TnCUUWXCL-M,6344881,2026-05-26,kept,近25年熱門新歌,MIRROR / YouTube
Recent 25 Years Pop,songlists/pop-recent-25.json,POP25-361,追光者,GIKmtqjlvuA,6335001,2026-05-26,kept,近25年熱門新歌,陳歆 / YouTube
Recent 25 Years Pop,songlists/pop-recent-25.json,POP25-362,心中無別人,EitgfC3gg7M,6282770,2026-05-26,kept,近25年熱門新歌,滾石唱片 ROCK RECORDS / YouTube
Recent 25 Years Pop,songlists/pop-recent-25.json,POP25-363,兩個自己,9drLLoyt_bc,6133110,2026-05-26,kept,近25年熱門新歌,GEM鄧紫棋 / YouTube
Recent 25 Years Pop,songlists/pop-recent-25.json,POP25-364,靈魂相認,PZSp9mTgx6E,6114736,2026-05-26,kept,近25年熱門新歌,英皇娛樂 eeg music / YouTube
Recent 25 Years Pop,songlists/pop-recent-25.json,POP25-365,終止戀愛,ck6cdBuI0qM,6113300,2026-05-26,kept,近25年熱門新歌,EKids / YouTube
Recent 25 Years Pop,songlists/pop-recent-25.json,POP25-366,租購,rD2IXdpwmkc,6099176,2026-05-26,kept,近25年熱門新歌,薛之謙 JokerXue / YouTube
Recent 25 Years Pop,songlists/pop-recent-25.json,POP25-367,多少年,pRtvIGsmJoQ,6075206,2026-05-26,kept,近25年熱門新歌,JW 王灝兒 / YouTube
Recent 25 Years Pop,songlists/pop-recent-25.json,POP25-368,人類不宜飛行,Bbihv6KKXNY,6073726,2026-05-26,kept,近25年熱門新歌,Dear Jane / YouTube
Recent 25 Years Pop,songlists/pop-recent-25.json,POP25-369,有心人,WhJtXSIzfG8,6055962,2026-05-26,kept,近25年熱門新歌,GEMblog / YouTube
Recent 25 Years Pop,songlists/pop-recent-25.json,POP25-370,其實,YT3HI5hyMi4,6055464,2026-05-26,kept,近25年熱門新歌,薛之謙 JokerXue / YouTube
Recent 25 Years Pop,songlists/pop-recent-25.json,POP25-371,小白,fooyt-XpRCY,5968026,2026-05-26,kept,近25年熱門新歌,warnermusichk / YouTube
Recent 25 Years Pop,songlists/pop-recent-25.json,POP25-372,她的睫毛,gqzlB7Gla2E,5963057,2026-05-26,kept,近25年熱門新歌,周杰倫 Jay Chou / YouTube
Recent 25 Years Pop,songlists/pop-recent-25.json,POP25-373,正式開始,beugiCFkmVQ,5938372,2026-05-26,kept,近25年熱門新歌,MIRROR / YouTube
Recent 25 Years Pop,songlists/pop-recent-25.json,POP25-374,突然好想你,hCU0NbG9aOA,5935493,2026-05-26,kept,近25年熱門新歌,evin K / YouTube
Recent 25 Years Pop,songlists/pop-recent-25.json,POP25-375,遇上你之前的我,osB_fLYdkkM,5879862,2026-05-26,kept,近25年熱門新歌,Gareth.T / YouTube
Recent 25 Years Pop,songlists/pop-recent-25.json,POP25-376,歌頌者,Hk11G2oECSY,5830452,2026-05-26,kept,近25年熱門新歌,吳青峰 Wu Qing Feng / YouTube
Recent 25 Years Pop,songlists/pop-recent-25.json,POP25-377,諷刺的情書,o2zUZmUmwUg,5759117,2026-05-26,kept,近25年熱門新歌,Hebe Tien's Official Channel田馥甄官方專屬頻道 / YouTube
Recent 25 Years Pop,songlists/pop-recent-25.json,POP25-378,牛仔很忙,9o20U91aJdg,5747258,2026-05-26,kept,近25年熱門新歌,周杰倫 Jay Chou / YouTube
Recent 25 Years Pop,songlists/pop-recent-25.json,POP25-379,有你聽我的故事,mw8bM7IPJto,5738731,2026-05-26,kept,近25年熱門新歌,林家謙 Terence Lam / YouTube
Recent 25 Years Pop,songlists/pop-recent-25.json,POP25-380,聖馬力諾之心,06DLtL10XdA,5705088,2026-05-26,kept,近25年熱門新歌,Dear Jane / YouTube
Recent 25 Years Pop,songlists/pop-recent-25.json,POP25-381,致我,qed7secMXV4,5666126,2026-05-26,kept,近25年熱門新歌,MIRROR / YouTube
Recent 25 Years Pop,songlists/pop-recent-25.json,POP25-382,我們沒開始,ShUcwdlwzhI,5657213,2026-05-26,kept,近25年熱門新歌,周興哲 Eric Chou / YouTube
Recent 25 Years Pop,songlists/pop-recent-25.json,POP25-383,這天,eg_YNQGphaA,5651769,2026-05-26,kept,近25年熱門新歌,蘇打綠 sodagreen / YouTube
Recent 25 Years Pop,songlists/pop-recent-25.json,POP25-384,泡沫,CQEXldyfGGM,5649082,2026-05-26,kept,近25年熱門新歌,陳歆 / YouTube
Recent 25 Years Pop,songlists/pop-recent-25.json,POP25-385,甘心替代你,7Janb9y34EY,5599758,2026-05-26,kept,近25年熱門新歌,Gin Lee李幸倪 / YouTube
Recent 25 Years Pop,songlists/pop-recent-25.json,POP25-386,拼命無恙,41AdjEHgi4g,5563177,2026-05-26,kept,近25年熱門新歌,林家謙 Terence Lam / YouTube
Recent 25 Years Pop,songlists/pop-recent-25.json,POP25-387,比莉,YnfLgQTcR5M,5532451,2026-05-26,kept,近25年熱門新歌,GT / YouTube
Recent 25 Years Pop,songlists/pop-recent-25.json,POP25-388,最後一次,pIMxN6Ep9-k,5525748,2026-05-26,kept,近25年熱門新歌,Dear Jane / YouTube
Recent 25 Years Pop,songlists/pop-recent-25.json,POP25-389,今生今世,nDYUfomU2V8,5505464,2026-05-26,kept,近25年熱門新歌,universalmusichk / YouTube
Recent 25 Years Pop,songlists/pop-recent-25.json,POP25-390,夠鐘,Dj_sPrVTKBQ,5499712,2026-05-26,kept,近25年熱門新歌,Pakho Chau - Topic / YouTube
Recent 25 Years Pop,songlists/pop-recent-25.json,POP25-391,問好,PtZBK0M4hW4,5496610,2026-05-26,kept,近25年熱門新歌,universalmusichk / YouTube
Recent 25 Years Pop,songlists/pop-recent-25.json,POP25-392,這麼近那麼遠,NHCBj_Ei92U,5482999,2026-05-26,kept,近25年熱門新歌,容祖兒 Joey Yung / YouTube
Recent 25 Years Pop,songlists/pop-recent-25.json,POP25-393,超溫馨,YPJljJJzKFo,5378954,2026-05-26,kept,近25年熱門新歌,Gareth.T / YouTube
Recent 25 Years Pop,songlists/pop-recent-25.json,POP25-394,近未來,j6qKJjSeIo4,5350954,2026-05-26,kept,近25年熱門新歌,蘇打綠 sodagreen / YouTube
Recent 25 Years Pop,songlists/pop-recent-25.json,POP25-395,你呢,FTOapmOLB_M,5350265,2026-05-26,kept,近25年熱門新歌,家家 JiaJia / YouTube
Recent 25 Years Pop,songlists/pop-recent-25.json,POP25-396,最後晚餐,mIxp4R_ysCc,5338390,2026-05-26,kept,近25年熱門新歌,Supper Moment / YouTube
Recent 25 Years Pop,songlists/pop-recent-25.json,POP25-397,祝你幸福,OcdvLe8DWqQ,5322415,2026-05-26,kept,近25年熱門新歌,李榮浩 Ronghao Li / YouTube
Recent 25 Years Pop,songlists/pop-recent-25.json,POP25-398,污糟兒,L-UehndXVYs,5295868,2026-05-26,kept,近25年熱門新歌,洪嘉豪 Hung Kaho / YouTube
Recent 25 Years Pop,songlists/pop-recent-25.json,POP25-399,好想約你♡,xkLBTGAaTiQ,5280774,2026-05-26,kept,近25年熱門新歌,TVB Music Group / YouTube
Recent 25 Years Pop,songlists/pop-recent-25.json,POP25-400,我不想你想你了,8ySMekbQva8,5241290,2026-05-26,kept,近25年熱門新歌,八三夭 831 / YouTube
Recent 25 Years Pop,songlists/pop-recent-25.json,POP25-401,給缺席的人唱首歌,YjgeLmX-6HE,5161553,2026-05-26,kept,近25年熱門新歌,Jay Fung 馮允謙 / YouTube
Recent 25 Years Pop,songlists/pop-recent-25.json,POP25-402,愛的羅曼死,WlL0DsoqmEM,5124039,2026-05-26,kept,近25年熱門新歌,JOLIN 蔡依林 / YouTube
Recent 25 Years Pop,songlists/pop-recent-25.json,POP25-403,他舉起右手點名,cuEja-aL1Uk,5120799,2026-05-26,kept,近25年熱門新歌,蘇打綠 sodagreen / YouTube
Recent 25 Years Pop,songlists/pop-recent-25.json,POP25-404,第一天,y3lP_gPjlUo,5037774,2026-05-26,kept,近25年熱門新歌,Timeless Music / YouTube
Recent 25 Years Pop,songlists/pop-recent-25.json,POP25-405,寂寞就如,HMkrXFIs6XQ,5025119,2026-05-26,kept,近25年熱門新歌,THE OFFICIAL JUNO MAK 麥浚龍 / YouTube
Recent 25 Years Pop,songlists/pop-recent-25.json,POP25-406,好不容易,caxiOmSWWEM,49925388,2026-06-02,kept,近25年熱門新歌,相信音樂BinMusic / YouTube
Recent 25 Years Pop,songlists/pop-recent-25.json,POP25-407,一直走,2q0M6emwgJA,4955903,2026-05-26,kept,近25年熱門新歌,A-Lin官方專屬頻道 / YouTube
Recent 25 Years Pop,songlists/pop-recent-25.json,POP25-408,皆可,fT9BZh4LeO0,4952592,2026-05-26,kept,近25年熱門新歌,Hebe Tien's Official Channel田馥甄官方專屬頻道 / YouTube
Recent 25 Years Pop,songlists/pop-recent-25.json,POP25-409,無誠勿愛,YBwnUPcN47Q,4942127,2026-05-26,kept,近25年熱門新歌,滾石唱片 ROCK RECORDS / YouTube
Recent 25 Years Pop,songlists/pop-recent-25.json,POP25-410,理性與任性之間,xMLuHGu-BPU,4928703,2026-05-26,kept,近25年熱門新歌,universalmusichk / YouTube
Recent 25 Years Pop,songlists/pop-recent-25.json,POP25-411,柔軟,qjSsdOoMhcY,4916717,2026-05-26,kept,近25年熱門新歌,吳青峰 Wu Qing Feng / YouTube
Recent 25 Years Pop,songlists/pop-recent-25.json,POP25-412,年少有為,Dnj5Tcpev0Q,166264251,2026-05-26,kept,近25年熱門新歌,李榮浩 Ronghao Li / YouTube
Recent 25 Years Pop,songlists/pop-recent-25.json,POP25-413,沒了妳,HQDDlgGy2hg,126178904,2026-05-26,kept,近25年熱門新歌,SKRpresents 陶山音樂 / YouTube
Recent 25 Years Pop,songlists/pop-recent-25.json,POP25-414,喜歡你,4OqXWzekVw4,112841044,2026-05-26,kept,近25年熱門新歌,GEMblog / YouTube
Recent 25 Years Pop,songlists/pop-recent-25.json,POP25-415,後來,t0igPuDjYUE,105637415,2026-05-26,kept,近25年熱門新歌,滾石唱片 ROCK RECORDS / YouTube
Recent 25 Years Pop,songlists/pop-recent-25.json,POP25-416,兜圈,Mqr-kjvXsk8,99891419,2026-05-26,kept,近25年熱門新歌,華研國際 / YouTube
Recent 25 Years Pop,songlists/pop-recent-25.json,POP25-417,成全,JfnQ8qtcDyQ,94509953,2026-05-26,kept,近25年熱門新歌,華研國際 / YouTube
Recent 25 Years Pop,songlists/pop-recent-25.json,POP25-418,寂寞寂寞就好,DyFIzKYQQYE,91682447,2026-05-26,kept,近25年熱門新歌,華研國際 / YouTube
Recent 25 Years Pop,songlists/pop-recent-25.json,POP25-419,還是要幸福,1CcQDuuhdXA,84907048,2026-05-26,kept,近25年熱門新歌,華研國際 / YouTube
Recent 25 Years Pop,songlists/pop-recent-25.json,POP25-420,命運,LWmVK8K2QhM,75219049,2026-05-26,kept,近25年熱門新歌,相信音樂BinMusic / YouTube
Recent 25 Years Pop,songlists/pop-recent-25.json,POP25-421,乾杯,qX2GsMj7154,61252492,2026-05-26,kept,近25年熱門新歌,相信音樂BinMusic / YouTube
Recent 25 Years Pop,songlists/pop-recent-25.json,POP25-422,不醉不會,7gQxgKaiPzk,60209436,2026-05-26,kept,近25年熱門新歌,華研國際 / YouTube
Recent 25 Years Pop,songlists/pop-recent-25.json,POP25-423,我的路,mNMH7SLGDOw,57440139,2026-05-26,kept,近25年熱門新歌,玖壹壹 / YouTube
Recent 25 Years Pop,songlists/pop-recent-25.json,POP25-424,怪情歌,pGNnHRLVR6c,55086097,2026-05-26,kept,近25年熱門新歌,林宥嘉 Yoga Lin / YouTube
Recent 25 Years Pop,songlists/pop-recent-25.json,POP25-425,離開的一路上,3hLESh77fSg,52776777,2026-05-26,kept,近25年熱門新歌,理想混蛋 Bestards / YouTube
Recent 25 Years Pop,songlists/pop-recent-25.json,POP25-426,終於結束的起點,Jv3zvWZlXkk,42900583,2026-05-26,kept,近25年熱門新歌,相信音樂BinMusic / YouTube
Recent 25 Years Pop,songlists/pop-recent-25.json,POP25-427,雨愛,oec9R5ypf-o,38770463,2026-05-26,kept,近25年熱門新歌,rainieyangVEVO / YouTube
Recent 25 Years Pop,songlists/pop-recent-25.json,POP25-428,心內的話,qV--s0Hc_wo,33657113,2026-05-26,kept,近25年熱門新歌,玖壹壹 / YouTube
Recent 25 Years Pop,songlists/pop-recent-25.json,POP25-429,下一個天亮,AEUmLttrY5s,32212139,2026-05-26,kept,近25年熱門新歌,福茂唱片 / YouTube
Recent 25 Years Pop,songlists/pop-recent-25.json,POP25-430,挪威的森林,ShYLgpfW7aU,29754574,2026-05-26,kept,近25年熱門新歌,相信音樂BinMusic / YouTube
Recent 25 Years Pop,songlists/pop-recent-25.json,POP25-431,長途夜車,c9PEYJdwdwI,26522318,2026-05-26,kept,近25年熱門新歌,滅火器 Fire EX. / YouTube
Recent 25 Years Pop,songlists/pop-recent-25.json,POP25-432,大眠,VS1lvYuW3LQ,25874134,2026-05-26,kept,近25年熱門新歌,UNIVERSAL MUSIC TAIWAN 環球音樂 / YouTube
Recent 25 Years Pop,songlists/pop-recent-25.json,POP25-433,失憶的金魚,kn6_RH1t7_I,23898344,2026-05-26,kept,近25年熱門新歌,Rainie Yang's Official Channel楊丞琳官方專屬頻道 / YouTube
Recent 25 Years Pop,songlists/pop-recent-25.json,POP25-434,王妃,qnDlH_S4Fak,23750726,2026-05-26,kept,近25年熱門新歌,華納音樂 Warner Music Taiwan / YouTube
Recent 25 Years Pop,songlists/pop-recent-25.json,POP25-435,戀人未滿,jL6D7rqk4SQ,23672238,2026-05-26,kept,近25年熱門新歌,華研國際 / YouTube
Recent 25 Years Pop,songlists/pop-recent-25.json,POP25-436,頑固,YKiMrg6rgYQ,23484531,2026-05-26,kept,近25年熱門新歌,相信音樂BinMusic / YouTube
Recent 25 Years Pop,songlists/pop-recent-25.json,POP25-437,渺小,BClZoVLwZCE,22028826,2026-05-26,kept,近25年熱門新歌,華研國際 / YouTube
Recent 25 Years Pop,songlists/pop-recent-25.json,POP25-438,不是因為天氣晴朗才愛你,9_068Ekk_fs,20713361,2026-05-26,kept,近25年熱門新歌,理想混蛋 Bestards / YouTube
Recent 25 Years Pop,songlists/pop-recent-25.json,POP25-439,愛上你,kPUc7w3G-WM,20661634,2026-05-26,kept,近25年熱門新歌,華研國際 / YouTube
Recent 25 Years Pop,songlists/pop-recent-25.json,POP25-440,十七,i8cptH7f7lE,20409553,2026-05-26,kept,近25年熱門新歌,HIMSHERO / YouTube
Recent 25 Years Pop,songlists/pop-recent-25.json,POP25-441,我想我不會愛你,jmvsxBwpnIQ,19752236,2026-05-26,kept,近25年熱門新歌,華研國際 / YouTube
Recent 25 Years Pop,songlists/pop-recent-25.json,POP25-442,盛夏之約,6Xu-TGL-_qk,19239078,2026-05-26,kept,近25年熱門新歌,相信音樂BinMusic / YouTube
Recent 25 Years Pop,songlists/pop-recent-25.json,POP25-443,時候不早,levtdfsgdpE,18453908,2026-05-26,kept,近25年熱門新歌,MC 張天賦 / YouTube
Recent 25 Years Pop,songlists/pop-recent-25.json,POP25-444,匿名的好友,s9hGDIpwfXw,17920729,2026-05-26,kept,近25年熱門新歌,rainieyangVEVO / YouTube
Recent 25 Years Pop,songlists/pop-recent-25.json,POP25-445,安靜了,xChME6md5kg,17627417,2026-05-26,kept,近25年熱門新歌,華研國際 / YouTube
Recent 25 Years Pop,songlists/pop-recent-25.json,POP25-446,不哭,OC1QZH5Oi5A,17444507,2026-05-26,kept,近25年熱門新歌,Timeless Music / YouTube
Recent 25 Years Pop,songlists/pop-recent-25.json,POP25-447,最重要的決定,RmrVpCVoVJU,17044725,2026-05-26,kept,近25年熱門新歌,福茂唱片 / YouTube
Recent 25 Years Pop,songlists/pop-recent-25.json,POP25-448,理想情人,2O2bBhjudXw,16382043,2026-05-26,kept,近25年熱門新歌,rainieyangVEVO / YouTube
Recent 25 Years Pop,songlists/pop-recent-25.json,POP25-449,九九,To7qHHaTl0s,15530142,2026-05-26,kept,近25年熱門新歌,SKRpresents 陶山音樂 / YouTube
Recent 25 Years Pop,songlists/pop-recent-25.json,POP25-450,華納,N9yS6lll1rk,15370085,2026-05-26,kept,近25年熱門新歌,潘瑋柏官方頻道Will Pan / YouTube
Recent 25 Years Pop,songlists/pop-recent-25.json,POP25-451,其實我們值得幸福,n47PIx7IqeQ,15273776,2026-05-26,kept,近25年熱門新歌,Rainie Yang's Official Channel楊丞琳官方專屬頻道 / YouTube
Recent 25 Years Pop,songlists/pop-recent-25.json,POP25-452,流星雨,T--M_M2NvhM,14825588,2026-05-26,kept,近25年熱門新歌,相信音樂BinMusic / YouTube
Recent 25 Years Pop,songlists/pop-recent-25.json,POP25-453,在青春迷失的咖啡館,M-JniYT3_pE,14042431,2026-05-26,kept,近25年熱門新歌,UNIVERSAL MUSIC TAIWAN 環球音樂 / YouTube
Recent 25 Years Pop,songlists/pop-recent-25.json,POP25-454,少女,Vs9A65M3v-k,13667406,2026-05-26,kept,近25年熱門新歌,華研國際 / YouTube
Recent 25 Years Pop,songlists/pop-recent-25.json,POP25-455,自然醒,jUb1XQzNiCI,12859295,2026-05-26,kept,近25年熱門新歌,華研國際 / YouTube
Recent 25 Years Pop,songlists/pop-recent-25.json,POP25-456,點水,BjtOxuT8Zec,12807496,2026-05-26,kept,近25年熱門新歌,Rainie Yang's Official Channel楊丞琳官方專屬頻道 / YouTube
Recent 25 Years Pop,songlists/pop-recent-25.json,POP25-457,皮囊,WNdB7rBpGhk,12733732,2026-05-26,kept,近25年熱門新歌,蕭敬騰 Jam Hsiao / YouTube
Recent 25 Years Pop,songlists/pop-recent-25.json,POP25-458,女醫明妃傳,-n2TXWcCzjo,12444919,2026-05-26,kept,近25年熱門新歌,LaLa 徐佳瑩 / YouTube
Recent 25 Years Pop,songlists/pop-recent-25.json,POP25-459,觸電,a5Fsia3hKyo,12195343,2026-05-26,kept,近25年熱門新歌,華研國際 / YouTube
Recent 25 Years Pop,songlists/pop-recent-25.json,POP25-460,如煙,Qd9YGu3FWgc,12177432,2026-05-26,kept,近25年熱門新歌,相信音樂BinMusic / YouTube
Recent 25 Years Pop,songlists/pop-recent-25.json,POP25-461,觀眾,k2Dj3uZVfok,11594737,2026-05-26,kept,近25年熱門新歌,Rainie Yang's Official Channel楊丞琳官方專屬頻道 / YouTube
Recent 25 Years Pop,songlists/pop-recent-25.json,POP25-462,阿飛的小蝴蝶,vNR3MlBBDZo,10891610,2026-05-26,kept,近25年熱門新歌,華納音樂 Warner Music Taiwan / YouTube
Recent 25 Years Pop,songlists/pop-recent-25.json,POP25-463,猴籠,033JQZV8cJU,10526146,2026-05-26,kept,近25年熱門新歌,蕭敬騰 Jam Hsiao / YouTube
Recent 25 Years Pop,songlists/pop-recent-25.json,POP25-464,藍色的你,nL_VoX0ZR0E,10344808,2026-05-26,kept,近25年熱門新歌,相信音樂BinMusic / YouTube
Recent 25 Years Pop,songlists/pop-recent-25.json,POP25-465,為你寫下這首情歌,V9sWPHGbESM,10226010,2026-05-26,kept,近25年熱門新歌,相信音樂BinMusic / YouTube
Recent 25 Years Pop,songlists/pop-recent-25.json,POP25-466,遠在眼前的你,pTQO9AktIV8,10141381,2026-05-26,kept,近25年熱門新歌,UNIVERSAL MUSIC TAIWAN 環球音樂 / YouTube
Recent 25 Years Pop,songlists/pop-recent-25.json,POP25-467,一眼萬年,IhUGIZjOwWs,10110579,2026-05-26,kept,近25年熱門新歌,華研國際 / YouTube
Recent 25 Years Pop,songlists/pop-recent-25.json,POP25-468,我想要佔據你,IT35gZlLYXQ,10060407,2026-05-26,kept,近25年熱門新歌,相信音樂BinMusic / YouTube
Recent 25 Years Pop,songlists/pop-recent-25.json,POP25-469,獨一無二,kchgp0E-P4w,9827660,2026-05-26,kept,近25年熱門新歌,ShowLoVEVO / YouTube
Recent 25 Years Pop,songlists/pop-recent-25.json,POP25-470,趁少年,Sj8vtJYlHOg,9288200,2026-05-26,kept,近25年熱門新歌,動力火車 Power Station官方專屬頻道 / YouTube
Recent 25 Years Pop,songlists/pop-recent-25.json,POP25-471,你不會,KuAaj0OC-Zs,8641804,2026-05-26,kept,近25年熱門新歌,華研國際 / YouTube
Recent 25 Years Pop,songlists/pop-recent-25.json,POP25-472,夠了,ExT-8Z6_iSc,8380029,2026-05-26,kept,近25年熱門新歌,Show Lo's Official Channel羅志祥官方專屬頻道 / YouTube
Recent 25 Years Pop,songlists/pop-recent-25.json,POP25-473,天堂島,IBq5USw6AoQ,8211128,2026-05-26,kept,近25年熱門新歌,ØZI / YouTube
Recent 25 Years Pop,songlists/pop-recent-25.json,POP25-474,還是會,eGNqW9sybyU,8061205,2026-05-26,kept,近25年熱門新歌,福茂唱片 / YouTube
Recent 25 Years Pop,songlists/pop-recent-25.json,POP25-475,認真如初,04ThjOzaETs,7994203,2026-05-26,kept,近25年熱門新歌,jasonchanVEVO / YouTube
Recent 25 Years Pop,songlists/pop-recent-25.json,POP25-476,全是愛,UlUy1f66lII,7911040,2026-05-26,kept,近25年熱門新歌,蕭敬騰 Jam Hsiao / YouTube
Recent 25 Years Pop,songlists/pop-recent-25.json,POP25-477,一念之間,AfFpsCz-aoY,7878920,2026-05-26,kept,近25年熱門新歌,相信音樂BinMusic / YouTube
Recent 25 Years Pop,songlists/pop-recent-25.json,POP25-478,無情的情書,pPr8vkMAe9w,7730046,2026-05-26,kept,近25年熱門新歌,華研國際 / YouTube
Recent 25 Years Pop,songlists/pop-recent-25.json,POP25-479,小丑,PdcheAL3J9I,7609842,2026-05-26,kept,近25年熱門新歌,潘瑋柏官方頻道Will Pan / YouTube
Recent 25 Years Pop,songlists/pop-recent-25.json,POP25-480,說你愛我,LaiZQ1z_nRQ,7318313,2026-05-26,kept,近25年熱門新歌,華研國際 / YouTube
Recent 25 Years Pop,songlists/pop-recent-25.json,POP25-481,美麗新世界,QDiSck_imgw,6749481,2026-05-26,kept,近25年熱門新歌,華研國際 / YouTube
Recent 25 Years Pop,songlists/pop-recent-25.json,POP25-482,倒帶,m0mFZMco_PA,5595714,2026-05-26,kept,近25年熱門新歌,華納音樂 Warner Music Taiwan / YouTube
Recent 25 Years Pop,songlists/pop-recent-25.json,POP25-483,永遠都在,a8-9we0HjA4,5557842,2026-05-26,kept,近25年熱門新歌,HIMSHERO / YouTube
Recent 25 Years Pop,songlists/pop-recent-25.json,POP25-484,伯樂,Q8XCxvpMYKQ,5041282,2026-05-26,kept,近25年熱門新歌,華研國際 / YouTube
Recent 25 Years Pop,songlists/pop-recent-25.json,POP25-485,愛情句型,wvrQU9VCts0,5028030,2026-05-26,kept,近25年熱門新歌,UNIVERSAL MUSIC TAIWAN 環球音樂 / YouTube
Recent 25 Years Pop,songlists/pop-recent-25.json,POP25-486,忘了我也不錯,ePNzWWfaX6k,4961555,2026-05-26,kept,近25年熱門新歌,UNIVERSAL MUSIC TAIWAN 環球音樂 / YouTube
Recent 25 Years Pop,songlists/pop-recent-25.json,POP25-487,男人背後,FdeE0b9OFBE,4537081,2026-05-26,kept,近25年熱門新歌,Pakho Chau周柏豪 / YouTube
Recent 25 Years Pop,songlists/pop-recent-25.json,POP25-488,圈套,ZWcmGnbs2lQ,4355417,2026-05-26,kept,近25年熱門新歌,相信音樂BinMusic / YouTube
Recent 25 Years Pop,songlists/pop-recent-25.json,POP25-489,我愛雨夜花,nDdGUuWxXGE,4119722,2026-05-26,kept,近25年熱門新歌,華研國際 / YouTube
Recent 25 Years Pop,songlists/pop-recent-25.json,POP25-490,飲勝,2iOTunnAXqg,4041248,2026-05-26,kept,近25年熱門新歌,Namewee / YouTube
Recent 25 Years Pop,songlists/pop-recent-25.json,POP25-491,獨善其身,6V9iNXXol1Q,4019230,2026-05-26,kept,近25年熱門新歌,華研國際 / YouTube
Recent 25 Years Pop,songlists/pop-recent-25.json,POP25-492,你流淚所以我流淚,Hn1gk94I4zA,3870755,2026-05-26,kept,近25年熱門新歌,Dear Jane / YouTube
Recent 25 Years Pop,songlists/pop-recent-25.json,POP25-493,第一滴淚,07tZdoZjS78,3812131,2026-05-26,kept,近25年熱門新歌,华语歌曲频道 / YouTube
Recent 25 Years Pop,songlists/pop-recent-25.json,POP25-494,Gigi,6tDVANFrRsI,3700690,2026-05-26,kept,近25年熱門新歌,TVB Music Group / YouTube
Recent 25 Years Pop,songlists/pop-recent-25.json,POP25-495,有故事的人,iM_KHFyPa_o,3624083,2026-05-26,kept,近25年熱門新歌,hongkongmv / YouTube
Recent 25 Years Pop,songlists/pop-recent-25.json,POP25-496,少年維特的煩惱,koMitB0qU38,3609918,2026-05-26,kept,近25年熱門新歌,Rainie Yang's Official Channel楊丞琳官方專屬頻道 / YouTube
Recent 25 Years Pop,songlists/pop-recent-25.json,POP25-497,你都有今日,8CSDHJKznjQ,3519511,2026-05-26,kept,近25年熱門新歌,MIRROR / YouTube
Recent 25 Years Pop,songlists/pop-recent-25.json,POP25-498,波斯貓,wpq30k3cYFY,3513494,2026-05-26,kept,近25年熱門新歌,華研國際 / YouTube
Recent 25 Years Pop,songlists/pop-recent-25.json,POP25-499,姊妹,OO60xtWjLRw,3338870,2026-05-26,kept,近25年熱門新歌,豐華唱片ForwardMusic / YouTube
Recent 25 Years Pop,songlists/pop-recent-25.json,POP25-500,一所懸命,KJDtNy8TLaA,3103829,2026-05-26,kept,近25年熱門新歌,MIRROR / YouTube
Recent 25 Years Pop,songlists/pop-recent-25.json,POP25-501,水星逆行,KsEJ60ECj5Y,3084371,2026-05-26,kept,近25年熱門新歌,滾石唱片 ROCK RECORDS / YouTube
Recent 25 Years Pop,songlists/pop-recent-25.json,POP25-502,玩偶奇遇記,J8HTK1ff-ak,2990092,2026-05-26,kept,近25年熱門新歌,MIRROR / YouTube
Recent 25 Years Pop,songlists/pop-recent-25.json,POP25-503,一起去跑步,m99Py_8NtZE,2976012,2026-05-26,kept,近25年熱門新歌,相信音樂BinMusic / YouTube
Recent 25 Years Pop,songlists/pop-recent-25.json,POP25-504,一點點,trfYUpA369o,2947653,2026-05-26,kept,近25年熱門新歌,吳青峰 Wu Qing Feng / YouTube
Recent 25 Years Pop,songlists/pop-recent-25.json,POP25-505,殘酷遊戲,FdSdiF8fu8c,2795799,2026-05-26,kept,近25年熱門新歌,AMusic Official Channel / YouTube
Recent 25 Years Pop,songlists/pop-recent-25.json,POP25-506,黑夜的星,dUWvqjefEd4,2768636,2026-05-26,kept,近25年熱門新歌,TRASH Band / YouTube
Recent 25 Years Pop,songlists/pop-recent-25.json,POP25-507,壞與更壞,0MMhVTiiZDI,2727237,2026-05-26,kept,近25年熱門新歌,華研國際 / YouTube
Recent 25 Years Pop,songlists/pop-recent-25.json,POP25-508,最好的時光,L8IeVzD6Yaw,2720398,2026-05-26,kept,近25年熱門新歌,Hebe Tien's Official Channel田馥甄官方專屬頻道 / YouTube
Recent 25 Years Pop,songlists/pop-recent-25.json,POP25-509,沙燕之歌,nsA3ue-hihE,2704547,2026-05-26,kept,近25年熱門新歌,GoldenSceneHK / YouTube
Recent 25 Years Pop,songlists/pop-recent-25.json,POP25-510,也許我不會活多一歲,GDYRoLDyRWU,2607426,2026-05-26,kept,近25年熱門新歌,Dear Jane / YouTube
Recent 25 Years Pop,songlists/pop-recent-25.json,POP25-511,日落,wVpUg6tP6_M,2397887,2026-05-26,kept,近25年熱門新歌,孫燕姿 Sun Yanzi / YouTube
Recent 25 Years Pop,songlists/pop-recent-25.json,POP25-512,最動人一次,ABS7egaOjBc,2378810,2026-05-26,kept,近25年熱門新歌,TVB Music Group / YouTube
Recent 25 Years Pop,songlists/pop-recent-25.json,POP25-513,獨佔神話,L8DUzSX6zgs,2339639,2026-05-26,kept,近25年熱門新歌,jolintsaiVEVO / YouTube
Recent 25 Years Pop,songlists/pop-recent-25.json,POP25-514,流浪者之歌,g4S62wqdlRg,2312450,2026-05-26,kept,近25年熱門新歌,添翼音樂 TEAM EAR MUSIC / YouTube
Recent 25 Years Pop,songlists/pop-recent-25.json,POP25-515,嫁妝,4qDb6Cs-TvA,2244056,2026-05-26,kept,近25年熱門新歌,福茂唱片 / YouTube
Recent 25 Years Pop,songlists/pop-recent-25.json,POP25-516,你就是我無可替代,2YBaUgxfGYg,2151165,2026-05-26,kept,近25年熱門新歌,八三夭 831 / YouTube
Recent 25 Years Pop,songlists/pop-recent-25.json,POP25-517,粉碎糖果屋,FjS50ATT1v0,2124088,2026-05-26,kept,近25年熱門新歌,PER SE / YouTube
Recent 25 Years Pop,songlists/pop-recent-25.json,POP25-518,阿波羅,O2VV7ODIGVc,2044172,2026-05-26,kept,近25年熱門新歌,MIRROR / YouTube
Recent 25 Years Pop,songlists/pop-recent-25.json,POP25-519,無用,MGTJlcQ6V4k,1983451,2026-05-26,kept,近25年熱門新歌,華研國際 / YouTube
Recent 25 Years Pop,songlists/pop-recent-25.json,POP25-520,衝動,5N9_f6df1Nw,1941905,2026-05-26,kept,近25年熱門新歌,Timeless Music / YouTube
Recent 25 Years Pop,songlists/pop-recent-25.json,POP25-521,因為你,XN7rKLpBKxs,1918452,2026-05-26,kept,近25年熱門新歌,warnermusichk / YouTube
Recent 25 Years Pop,songlists/pop-recent-25.json,POP25-522,王者之聲,E1L4auoz3Bc,1909850,2026-05-26,kept,近25年熱門新歌,潘瑋柏官方頻道Will Pan / YouTube
Recent 25 Years Pop,songlists/pop-recent-25.json,POP25-523,Cloud,VHt8upfvSQ8,1772545,2026-05-26,kept,近25年熱門新歌,寰亞音樂 Media Asia Music Official Channel / YouTube
Recent 25 Years Pop,songlists/pop-recent-25.json,POP25-524,感情寄生族,pRlP2J0qvw4,1769667,2026-05-26,kept,近25年熱門新歌,張敬軒 Hins Cheung / YouTube
Recent 25 Years Pop,songlists/pop-recent-25.json,POP25-525,牽手,yw4brt787zg,1733196,2026-05-26,kept,近25年熱門新歌,豐華唱片ForwardMusic / YouTube
Recent 25 Years Pop,songlists/pop-recent-25.json,POP25-526,沒有翅膀的人,1RAJ3SvyBus,1597465,2026-05-26,kept,近25年熱門新歌,八三夭 831 / YouTube
Recent 25 Years Pop,songlists/pop-recent-25.json,POP25-527,二期大樓,14_6ClBQdKk,1544742,2026-05-26,kept,近25年熱門新歌,MIRROR / YouTube
Recent 25 Years Pop,songlists/pop-recent-25.json,POP25-528,老媽最常說的十句話,ivoxDQLM7nw,1500249,2026-05-26,kept,近25年熱門新歌,八三夭 831 / YouTube
Recent 25 Years Pop,songlists/pop-recent-25.json,POP25-529,飯戲攻心,ddWE5Wg5Jos,1494162,2026-05-26,kept,近25年熱門新歌,安樂影片 Edko Films Ltd. / YouTube
Recent 25 Years Pop,songlists/pop-recent-25.json,POP25-530,神愛世人,QIWasCe4IU8,1488363,2026-05-26,kept,近25年熱門新歌,鄧小巧 Tang Siu Hau / YouTube
Recent 25 Years Pop,songlists/pop-recent-25.json,POP25-531,忠孝東路走九遍,hYRD31ME1KU,1483025,2026-05-26,kept,近25年熱門新歌,华语歌曲频道 / YouTube
Recent 25 Years Pop,songlists/pop-recent-25.json,POP25-532,拾荒,L4NHrCj6FwM,1460118,2026-05-26,kept,近25年熱門新歌,華研國際 / YouTube
Recent 25 Years Pop,songlists/pop-recent-25.json,POP25-533,單戀這件小事,GS3h_qm5E6E,1378916,2026-05-26,kept,近25年熱門新歌,Gin Lee李幸倪 / YouTube
Recent 25 Years Pop,songlists/pop-recent-25.json,POP25-534,邊一個發明了返工,Fx_EEfKUouY,1279692,2026-05-26,kept,近25年熱門新歌,my little airport / YouTube
Recent 25 Years Pop,songlists/pop-recent-25.json,POP25-535,天黑黑,OswWbP4qEso,1271628,2026-05-26,kept,近25年熱門新歌,添翼音樂 TEAM EAR MUSIC / YouTube
Recent 25 Years Pop,songlists/pop-recent-25.json,POP25-536,38一朵花,su3CXKREjVM,1195425,2026-05-26,kept,近25年熱門新歌,A-Lin官方專屬頻道 / YouTube
Recent 25 Years Pop,songlists/pop-recent-25.json,POP25-537,蜂蜜人蔘,jI8nFU95K7s,1184934,2026-05-26,kept,近25年熱門新歌,sodagreen_aka_oaeen / YouTube
Recent 25 Years Pop,songlists/pop-recent-25.json,POP25-538,睜一隻眼閉一隻眼,kZ0tZWUrTd8,1183493,2026-05-26,kept,近25年熱門新歌,金曲年代GOLDEN ERA / YouTube
Recent 25 Years Pop,songlists/pop-recent-25.json,POP25-539,隨時隨地,p2NC-XAleRU,1175859,2026-05-26,kept,近25年熱門新歌,Gin Lee李幸倪 / YouTube
Recent 25 Years Pop,songlists/pop-recent-25.json,POP25-540,河濱公園,q8xQuzdpZpU,1151443,2026-05-26,kept,近25年熱門新歌,華研國際 / YouTube
Recent 25 Years Pop,songlists/pop-recent-25.json,POP25-541,跟你分擔失落比較快樂,arrPAxdMdmQ,1120656,2026-05-26,kept,近25年熱門新歌,洪嘉豪 Hung Kaho / YouTube
Recent 25 Years Pop,songlists/pop-recent-25.json,POP25-542,轉機,MEbEV-zAE1g,1092331,2026-05-26,kept,近25年熱門新歌,Faye / YouTube
Recent 25 Years Pop,songlists/pop-recent-25.json,POP25-543,我若不曾愛過你,qNqNcvDSoc0,1041822,2026-05-26,kept,近25年熱門新歌,Hebe Tien's Official Channel田馥甄官方專屬頻道 / YouTube
Recent 25 Years Pop,songlists/pop-recent-25.json,POP25-544,無底洞,nkCYq7-ITFI,1002269,2026-05-26,kept,近25年熱門新歌,Timeless Music / YouTube
Recent 25 Years Pop,songlists/pop-recent-25.json,POP25-545,生命之花,0vOjR_GXg5I,985226,2026-05-26,kept,近25年熱門新歌,Timeless Music Hong Kong天碟 / YouTube
Recent 25 Years Pop,songlists/pop-recent-25.json,POP25-546,我所看見的未來,X7t5kqcFYwg,964550,2026-05-26,kept,近25年熱門新歌,jasonchanVEVO / YouTube
Recent 25 Years Pop,songlists/pop-recent-25.json,POP25-547,身外之物,MFTwxAZIEBk,882942,2026-05-26,kept,近25年熱門新歌,八三夭 831 / YouTube
Recent 25 Years Pop,songlists/pop-recent-25.json,POP25-548,王灝兒,5Dj9-W2Jvns,881616,2026-05-26,kept,近25年熱門新歌,TVB Music Group / YouTube
Recent 25 Years Pop,songlists/pop-recent-25.json,POP25-549,曖昧,EWv76g9PhTQ,817675,2026-05-26,kept,近25年熱門新歌,歌詞先生 / YouTube
Recent 25 Years Pop,songlists/pop-recent-25.json,POP25-550,收到收到,2LBdRVZZPiA,811920,2026-05-26,kept,近25年熱門新歌,Jay Fung 馮允謙 / YouTube
Recent 25 Years Pop,songlists/pop-recent-25.json,POP25-551,最後情人,weAi0OMDWhE,790552,2026-05-26,kept,近25年熱門新歌,容祖兒 Joey Yung / YouTube
Recent 25 Years Pop,songlists/pop-recent-25.json,POP25-552,拖延症,ZSEtVdsxO48,775306,2026-05-26,kept,近25年熱門新歌,ØZI / YouTube
Recent 25 Years Pop,songlists/pop-recent-25.json,POP25-553,空隙,5TVLXDWLQZA,713149,2026-05-26,kept,近25年熱門新歌,thisisyoyotube / YouTube
Recent 25 Years Pop,songlists/pop-recent-25.json,POP25-554,雨時多雲偶陣晴,EjmAaU8Tzy0,705841,2026-05-26,kept,近25年熱門新歌,添翼音樂 TEAM EAR MUSIC / YouTube
Recent 25 Years Pop,songlists/pop-recent-25.json,POP25-555,可再遇見,BQH5L8x1Djw,704313,2026-05-26,kept,近25年熱門新歌,officialKOLORvids / YouTube
Recent 25 Years Pop,songlists/pop-recent-25.json,POP25-556,今天睡在這裡,_o1Ya_f-ANw,639192,2026-05-26,kept,近25年熱門新歌,添翼音樂 TEAM EAR MUSIC / YouTube
Recent 25 Years Pop,songlists/pop-recent-25.json,POP25-557,再一次就好,5IOt2_hqq0U,637419,2026-05-26,kept,近25年熱門新歌,持修ChihSiou / YouTube
Recent 25 Years Pop,songlists/pop-recent-25.json,POP25-558,可靠我,XQ_tYZGbgmc,632701,2026-05-26,kept,近25年熱門新歌,jasonchanVEVO / YouTube
Recent 25 Years Pop,songlists/pop-recent-25.json,POP25-559,再見二丁目,oSkBr9kAUeU,624008,2026-05-26,kept,近25年熱門新歌,Lyricsmaker / YouTube
Recent 25 Years Pop,songlists/pop-recent-25.json,POP25-560,想知道現在你好不好,XYFTQ9tfvKw,582798,2026-05-26,kept,近25年熱門新歌,福茂唱片 / YouTube
Recent 25 Years Pop,songlists/pop-recent-25.json,POP25-561,靈感床,u9LkbzYswH8,574295,2026-05-26,kept,近25年熱門新歌,Supper Moment / YouTube
Recent 25 Years Pop,songlists/pop-recent-25.json,POP25-562,一晃眼,EzgmfQijkSo,573947,2026-05-26,kept,近25年熱門新歌,warnermusichk / YouTube
Recent 25 Years Pop,songlists/pop-recent-25.json,POP25-563,進退,WrJVW9Z43OA,567399,2026-05-26,kept,近25年熱門新歌,officialKOLORvids / YouTube
Recent 25 Years Pop,songlists/pop-recent-25.json,POP25-564,再見寧靜海,gJS2sooWk9Y,562233,2026-05-26,kept,近25年熱門新歌,ChillGOOD TV / YouTube
Recent 25 Years Pop,songlists/pop-recent-25.json,POP25-565,答案,RMlkjNdSceE,553709,2026-05-26,kept,近25年熱門新歌,MIRROR / YouTube
Recent 25 Years Pop,songlists/pop-recent-25.json,POP25-566,阿茲海默,9wNkBJpzpZQ,550616,2026-05-26,kept,近25年熱門新歌,吳青峰 Wu Qing Feng / YouTube
Recent 25 Years Pop,songlists/pop-recent-25.json,POP25-567,安静了,g6yeU66e_DI,545764,2026-05-26,kept,近25年熱門新歌,GM Lyric / YouTube
Recent 25 Years Pop,songlists/pop-recent-25.json,POP25-568,反轉地球,4ZB7TE1O7Vo,537980,2026-05-26,kept,近25年熱門新歌,Will Pan - Topic / YouTube
Recent 25 Years Pop,songlists/pop-recent-25.json,POP25-569,雜技,5sYkIDYNz1Y,531724,2026-05-26,kept,近25年熱門新歌,AMusic Official Channel / YouTube
Recent 25 Years Pop,songlists/pop-recent-25.json,POP25-570,越唱越強,1Qw3IB2UIso,526431,2026-05-26,kept,近25年熱門新歌,英皇娛樂 eeg music / YouTube
Recent 25 Years Pop,songlists/pop-recent-25.json,POP25-571,全世界失眠,V1ZgP9o6N5s,526037,2026-05-26,kept,近25年熱門新歌,福茂唱片 / YouTube
Recent 25 Years Pop,songlists/pop-recent-25.json,POP25-572,配角,rch1UIHXyaE,512636,2026-05-26,kept,近25年熱門新歌,StarsShineOfficial / YouTube
Recent 25 Years Pop,songlists/pop-recent-25.json,POP25-573,月居人,fltY_7gFHJ0,494544,2026-05-26,removed-under-500k,近25年熱門新歌,MIRROR / YouTube
Recent 25 Years Pop,songlists/pop-recent-25.json,POP25-574,連名帶姓,qf09H2xFq2s,107184928,2026-05-26,kept,近25年熱門新歌,聲動娛樂 Mei Entertainment / YouTube
Recent 25 Years Pop,songlists/pop-recent-25.json,POP25-575,愛著愛著就永遠,fJWN7wtvaJ0,71713479,2026-05-26,kept,近25年熱門新歌,華研國際 / YouTube
Recent 25 Years Pop,songlists/pop-recent-25.json,POP25-576,魔鬼中的天使,na_xv5iFt2Y,70670390,2026-05-26,kept,近25年熱門新歌,華研國際 / YouTube
Recent 25 Years Pop,songlists/pop-recent-25.json,POP25-577,再會中港路,lgLF1eMF-zI,50647806,2026-05-26,kept,近25年熱門新歌,玖壹壹 / YouTube
Recent 25 Years Pop,songlists/pop-recent-25.json,POP25-578,不該,_VxLOj3TB5k,184739082,2026-05-26,kept,近25年熱門新歌,周杰倫 Jay Chou / YouTube
Recent 25 Years Pop,songlists/pop-recent-25.json,POP25-579,再見,Lhel0tzHE08,163371448,2026-05-26,kept,近25年熱門新歌,GEMblog / YouTube
Recent 25 Years Pop,songlists/pop-recent-25.json,POP25-580,差不多姑娘,s4pxJ-1QLQg,53916100,2026-05-26,kept,近25年熱門新歌,GEM鄧紫棋 / YouTube
Recent 25 Years Pop,songlists/pop-recent-25.json,POP25-581,終究還是因為愛,fl1Wbd-ldMQ,45750954,2026-05-26,kept,近25年熱門新歌,TRASH Band / YouTube
Recent 25 Years Pop,songlists/pop-recent-25.json,POP25-582,說謊,ftfJRzW0MPo,45507676,2026-05-26,kept,近25年熱門新歌,華研國際 / YouTube
Recent 25 Years Pop,songlists/pop-recent-25.json,POP25-583,浪費,LTzy8NF3BDo,36657507,2026-05-26,kept,近25年熱門新歌,華研國際 / YouTube
Recent 25 Years Pop,songlists/pop-recent-25.json,POP25-584,最熟悉的陌生人,C5mI0TqrJ-4,35743199,2026-05-26,kept,近25年熱門新歌,Timeless Music / YouTube
Recent 25 Years Pop,songlists/pop-recent-25.json,POP25-585,透明,-CwoylxqVPA,35294877,2026-05-26,kept,近25年熱門新歌,GEM鄧紫棋 / YouTube
Recent 25 Years Pop,songlists/pop-recent-25.json,POP25-586,喜歡寂寞,AUv4_lsYb6U,33569604,2026-05-26,kept,近25年熱門新歌,蘇打綠 sodagreen / YouTube
Recent 25 Years Pop,songlists/pop-recent-25.json,POP25-587,天真有邪,hrdQ_6K6oXk,33070136,2026-05-26,kept,近25年熱門新歌,華研國際 / YouTube
Recent 25 Years Pop,songlists/pop-recent-25.json,POP25-588,讓我為你唱情歌,atGbcYTjZCY,33031181,2026-05-26,kept,近25年熱門新歌,蕭敬騰 Jam Hsiao / YouTube
Recent 25 Years Pop,songlists/pop-recent-25.json,POP25-589,只能想念你,VEYVQmgWsIg,31997801,2026-05-26,kept,近25年熱門新歌,華納音樂 Warner Music Taiwan / YouTube
Recent 25 Years Pop,songlists/pop-recent-25.json,POP25-590,心牆,VhCRokYVF1I,31054956,2026-05-26,kept,近25年熱門新歌,福茂唱片 / YouTube
Recent 25 Years Pop,songlists/pop-recent-25.json,POP25-591,凡人歌,OsUr8N7t4zc,31007994,2026-05-26,kept,近25年熱門新歌,相信音樂BinMusic / YouTube
Recent 25 Years Pop,songlists/pop-recent-25.json,POP25-592,癡情玫瑰花,YI4PoIMn0nE,30489562,2026-05-26,kept,近25年熱門新歌,大禾國際傳媒【Channel 1】 Harvest International Media / YouTube
Recent 25 Years Pop,songlists/pop-recent-25.json,POP25-593,不具名的悲傷,HfO2yMfLsw0,28820452,2026-05-26,kept,近25年熱門新歌,Show Lo's Official Channel羅志祥官方專屬頻道 / YouTube
Recent 25 Years Pop,songlists/pop-recent-25.json,POP25-594,想自由,NuiAOSii_sk,27649616,2026-05-26,kept,近25年熱門新歌,華研國際 / YouTube
Recent 25 Years Pop,songlists/pop-recent-25.json,POP25-595,摩天動物園,A6gIat5xLWI,22699383,2026-05-26,kept,近25年熱門新歌,GEM鄧紫棋 / YouTube
Recent 25 Years Pop,songlists/pop-recent-25.json,POP25-596,雙面夏娃,6VCpmBYAKXI,21988578,2026-05-26,kept,近25年熱門新歌,福茂唱片 / YouTube
Recent 25 Years Pop,songlists/pop-recent-25.json,POP25-597,愛在西元前,5XK2C9w6oVk,25208966,2026-05-26,kept,近25年熱門新歌,周杰倫 Jay Chou / YouTube
Recent 25 Years Pop,songlists/pop-recent-25.json,POP25-598,浪漫來襲,jTcLJYVzFo8,20531606,2026-05-26,kept,近25年熱門新歌,loveelva0824 / YouTube
Recent 25 Years Pop,songlists/pop-recent-25.json,POP25-599,如果我們還在一起,mBB_67OxXIo,19855399,2026-05-26,kept,近25年熱門新歌,相信音樂BinMusic / YouTube
Recent 25 Years Pop,songlists/pop-recent-25.json,POP25-600,怎麼說我不愛你,Nfo7ayzhg2Q,19224431,2026-05-26,kept,近25年熱門新歌,華納音樂 Warner Music Taiwan / YouTube
Recent 25 Years Pop,songlists/pop-recent-25.json,POP25-601,餘波盪漾,LEdrjjMfe-Q,18199137,2026-05-26,kept,近25年熱門新歌,華研國際 / YouTube
Recent 25 Years Pop,songlists/pop-recent-25.json,POP25-602,愛不單行,iBrOFd1wDuQ,18061617,2026-05-26,kept,近25年熱門新歌,Timeless Music / YouTube
Recent 25 Years Pop,songlists/pop-recent-25.json,POP25-603,小幸運,_sQSXwdtxlY,202857044,2026-05-26,kept,近25年熱門新歌,玉春雷娛樂文創 / YouTube
Recent 25 Years Pop,songlists/pop-recent-25.json,POP25-604,七里香,L229QDxDakU,104453881,2026-05-26,kept,近25年熱門新歌,周杰倫 Jay Chou / YouTube
Recent 25 Years Pop,songlists/pop-recent-25.json,POP25-605,青花瓷,DYptgVvkVLQ,93453072,2026-05-26,kept,近25年熱門新歌,周杰倫 Jay Chou / YouTube
Recent 25 Years Pop,songlists/pop-recent-25.json,POP25-606,分手快樂,k_l7FVsqUyM,53882736,2026-05-26,kept,近25年熱門新歌,滾石唱片 ROCK RECORDS / YouTube
Recent 25 Years Pop,songlists/pop-recent-25.json,POP25-607,愛很簡單,lhtaCBSL9AE,35316342,2026-05-26,kept,近25年熱門新歌,Xian Jennifer / YouTube
Recent 25 Years Pop,songlists/pop-recent-25.json,POP25-608,睫毛彎彎,NAODcPQcy9U,23840938,2026-05-26,kept,近25年熱門新歌,愛貝克思 avex taiwan / YouTube
Recent 25 Years Pop,songlists/pop-recent-25.json,POP25-609,就是愛你,WRwarsqzZ_M,18003993,2026-05-26,kept,近25年熱門新歌,Timeless Music / YouTube
Recent 25 Years Pop,songlists/pop-recent-25.json,POP25-610,大城小愛,sU_ByeHJtw8,17616764,2026-05-26,kept,近25年熱門新歌,leehomwangVEVO / YouTube
Recent 25 Years Pop,songlists/pop-recent-25.json,POP25-611,很愛很愛你,3znMCsScCxo,14203297,2026-05-26,kept,近25年熱門新歌,滾石唱片 ROCK RECORDS / YouTube
Recent 25 Years Pop,songlists/pop-recent-25.json,POP25-612,如果你也聽說,TVjsnSJlULg,12755104,2026-05-26,kept,近25年熱門新歌,Timeless Music / YouTube
Recent 25 Years Pop,songlists/pop-recent-25.json,POP25-613,你曾是少年,crIP7PuC8Bc,12238303,2026-05-26,kept,近25年熱門新歌,華研國際 / YouTube
Recent 25 Years Pop,songlists/pop-recent-25.json,POP25-614,第一次愛的人,jWTmveuepAQ,7232838,2026-05-26,kept,近25年熱門新歌,湖南国际频道 Hunan TV International  Official Channel / YouTube
Recent 25 Years Pop,songlists/pop-recent-25.json,POP25-615,小美滿,9vT5ni5WDCY,5484486,2026-05-26,kept,近25年熱門新歌,YOYOROCK 滾石移動 / YouTube
Recent 25 Years Pop,songlists/pop-recent-25.json,POP25-616,化身孤島的鯨,ALuJdb96_Fs,1907347,2026-05-26,kept,近25年熱門新歌,Zhou Shen - Topic / YouTube
Recent 25 Years Pop,songlists/pop-recent-25.json,POP25-617,只字不提,Ij_9xW9Bc6U,1857521,2026-05-26,kept,近25年熱門新歌,周深粉丝后援会Zhou Shen Fan Club / YouTube
Recent 25 Years Pop,songlists/pop-recent-25.json,POP25-618,繁花依舊,Jig8P2DMXfg,1628396,2026-05-26,kept,近25年熱門新歌,TME_official / YouTube
Recent 25 Years Pop,songlists/pop-recent-25.json,POP25-619,花開忘憂,NmWfCy9xUsc,627527,2026-05-26,kept,近25年熱門新歌,湖南国际频道 Hunan TV International  Official Channel / YouTube
Recent 25 Years Pop,songlists/pop-recent-25.json,POP25-620,我好想你,P_pyfLArjQg,78012492,2026-06-02,kept,近25年熱門新歌,蘇打綠 sodagreen / YouTube
Recent 25 Years Pop,songlists/pop-recent-25.json,POP25-621,很久以後,2BEFukvLZfI,72154737,2026-06-02,kept,近25年熱門新歌,GEM鄧紫棋 / YouTube
Recent 25 Years Pop,songlists/pop-recent-25.json,POP25-622,頑童,hDj47GTTjpQ,56176315,2026-06-02,kept,近25年熱門新歌,滾石唱片 ROCK RECORDS / YouTube
Recent 25 Years Pop,songlists/pop-recent-25.json,POP25-623,我很快樂,Ezd_DLawfHI,55823378,2026-06-02,kept,近25年熱門新歌,周興哲 Eric Chou / YouTube
Recent 25 Years Pop,songlists/pop-recent-25.json,POP25-624,妳不愛我,Ou92wShJaAU,54891890,2026-06-02,kept,近25年熱門新歌,玖壹壹 / YouTube
Recent 25 Years Pop,songlists/pop-recent-25.json,POP25-625,愛久見人心,RkQy3NlG1eo,41796509,2026-06-02,kept,近25年熱門新歌,UNIVERSAL MUSIC TAIWAN 環球音樂 / YouTube
Recent 25 Years Pop,songlists/pop-recent-25.json,POP25-626,捲菸,S4JLJVVjevI,40465964,2026-06-02,kept,近25年熱門新歌,美秀集團 Amazing Show / YouTube
Recent 25 Years Pop,songlists/pop-recent-25.json,POP25-627,愛情教會我們的事,k8A3aQhOfqc,38134944,2026-06-02,kept,近25年熱門新歌,周興哲 Eric Chou / YouTube
Recent 25 Years Pop,songlists/pop-recent-25.json,POP25-628,傻子,xi6wOaZ61-U,33660300,2026-06-02,kept,近25年熱門新歌,華研國際 / YouTube
Recent 25 Years Pop,songlists/pop-recent-25.json,POP25-629,蒲公英的约定,LVpYT6r4Pis,27650604,2026-06-02,kept,近25年熱門新歌,CHIH HSIEN LI / YouTube
Recent 25 Years Pop,songlists/pop-recent-25.json,POP25-630,俠女闖天關,nWb_X3ZJQjw,25160604,2026-06-02,kept,近25年熱門新歌,滾石唱片 ROCK RECORDS / YouTube
Recent 25 Years Pop,songlists/pop-recent-25.json,POP25-631,倉頡,hiKYufVEUtI,24743975,2026-06-02,kept,近25年熱門新歌,相信音樂BinMusic / YouTube
Recent 25 Years Pop,songlists/pop-recent-25.json,POP25-632,夢幻女神朱碧石,ZwIw1WiJ-cs,19930896,2026-06-02,kept,近25年熱門新歌,Show Lo's Official Channel羅志祥官方專屬頻道 / YouTube
Recent 25 Years Pop,songlists/pop-recent-25.json,POP25-633,貞女烈女豪放女,XPD-0b66Wv4,19772947,2026-06-02,kept,近25年熱門新歌,滾石唱片 ROCK RECORDS / YouTube
Recent 25 Years Pop,songlists/pop-recent-25.json,POP25-634,天機,kz6fybUvGJM,19717579,2026-06-02,kept,近25年熱門新歌,相信音樂BinMusic / YouTube
Recent 25 Years Pop,songlists/pop-recent-25.json,POP25-635,隔離,LGz4CGazqNQ,18436472,2026-06-02,kept,近25年熱門新歌,universalmusichk / YouTube
Recent 25 Years Pop,songlists/pop-recent-25.json,POP25-636,我們沒有在一起,CfYG8Q3ZpMA,18165030,2026-06-02,kept,近25年熱門新歌,相信音樂BinMusic / YouTube
Recent 25 Years Pop,songlists/pop-recent-25.json,POP25-637,如果的事,kQOgXPuluEY,17667289,2026-06-02,kept,近25年熱門新歌,福茂唱片 / YouTube
Recent 25 Years Pop,songlists/pop-recent-25.json,POP25-638,不得不愛,wuwbok3wlGE,17470888,2026-06-02,kept,近25年熱門新歌,WillPanVEVO / YouTube
Recent 25 Years Pop,songlists/pop-recent-25.json,POP25-639,牆外,WCLlFA9SiDI,17346343,2026-06-02,kept,近25年熱門新歌,Namewee / YouTube
Recent 25 Years Pop,songlists/pop-recent-25.json,POP25-640,普通朋友,3L3Me4JXVqE,17092022,2026-06-02,kept,近25年熱門新歌,Timeless Music / YouTube
Recent 25 Years Pop,songlists/pop-recent-25.json,POP25-641,鄭中基,migZH5LJ-D0,16914164,2026-06-02,kept,近25年熱門新歌,Day_13y_Day / YouTube
Recent 25 Years Pop,songlists/pop-recent-25.json,POP25-642,就這樣,eGr3nLMwbAk,16882857,2026-06-02,kept,近25年熱門新歌,李榮浩 Ronghao Li / YouTube
Recent 25 Years Pop,songlists/pop-recent-25.json,POP25-643,別勉強,6XSoVmT0qXo,16463580,2026-06-02,kept,近25年熱門新歌,GEM鄧紫棋 / YouTube
Recent 25 Years Pop,songlists/pop-recent-25.json,POP25-644,打呼,MAwrmh6LVDw,16050583,2026-06-02,kept,近25年熱門新歌,潘瑋柏官方頻道Will Pan / YouTube
Recent 25 Years Pop,songlists/pop-recent-25.json,POP25-645,希望你回來,vjF0B0holLk,16024766,2026-06-02,kept,近25年熱門新歌,TRASH Band / YouTube
Recent 25 Years Pop,songlists/pop-recent-25.json,POP25-646,看我七十二變,B94n5Lbj4aw,15490210,2026-06-02,kept,近25年熱門新歌,jolintsaiVEVO / YouTube
Recent 25 Years Pop,songlists/pop-recent-25.json,POP25-647,到不了,d8Vawln8Vt8,15449446,2026-06-02,kept,近25年熱門新歌,福茂唱片 / YouTube
Recent 25 Years Pop,songlists/pop-recent-25.json,POP25-648,勇氣,BVpXUyXPKOg,15317848,2026-06-02,kept,近25年熱門新歌,fishleunglike33 / YouTube
Recent 25 Years Pop,songlists/pop-recent-25.json,POP25-649,為愛啟程,2434Atn0M88,14833769,2026-06-02,kept,近25年熱門新歌,Rainie Yang's Official Channel楊丞琳官方專屬頻道 / YouTube
Recent 25 Years Pop,songlists/pop-recent-25.json,POP25-650,盧瀚霆,yGNiuyaIiK0,14467831,2026-06-02,kept,近25年熱門新歌,MIRROR / YouTube
Recent 25 Years Pop,songlists/pop-recent-25.json,POP25-651,恰似你的溫柔,Sv0OblpjrOw,14131199,2026-06-02,kept,近25年熱門新歌,茄子蛋EggPlantEgg / YouTube
Recent 25 Years Pop,songlists/pop-recent-25.json,POP25-652,閻奕格,KvwY9DN7LxY,14023400,2026-06-02,kept,近25年熱門新歌,華研國際 / YouTube
Recent 25 Years Pop,songlists/pop-recent-25.json,POP25-653,想幸福的人,Y34aUJZdSXA,13937960,2026-06-02,kept,近25年熱門新歌,Rainie Yang's Official Channel楊丞琳官方專屬頻道 / YouTube
Recent 25 Years Pop,songlists/pop-recent-25.json,POP25-654,懷玉公主,K3o6SfwZq_w,13791133,2026-06-02,kept,近25年熱門新歌,滾石唱片 ROCK RECORDS / YouTube
Recent 25 Years Pop,songlists/pop-recent-25.json,POP25-655,美人計,cLlndV2SwX0,13672145,2026-06-02,kept,近25年熱門新歌,華納音樂 Warner Music Taiwan / YouTube
Recent 25 Years Pop,songlists/pop-recent-25.json,POP25-656,斷點,daFVWUoQZbY,13564240,2026-06-02,kept,近25年熱門新歌,gor alan / YouTube
Recent 25 Years Pop,songlists/pop-recent-25.json,POP25-657,最佳男主角,gINnFruuonc,13332709,2026-06-02,kept,近25年熱門新歌,A-Lin官方專屬頻道 / YouTube
Recent 25 Years Pop,songlists/pop-recent-25.json,POP25-658,下個轉彎是你嗎,OfLq_ZSbsbg,13220289,2026-06-02,kept,近25年熱門新歌,Rainie Yang's Official Channel楊丞琳官方專屬頻道 / YouTube
Recent 25 Years Pop,songlists/pop-recent-25.json,POP25-659,靚仔,kmCqHUbu7GQ,13029147,2026-06-02,kept,近25年熱門新歌,安心亞 Xinya An / YouTube
Recent 25 Years Pop,songlists/pop-recent-25.json,POP25-660,新不了情,LVgZ80p1fdA,12977184,2026-06-02,kept,近25年熱門新歌,華納音樂 Warner Music Taiwan / YouTube
Recent 25 Years Pop,songlists/pop-recent-25.json,POP25-661,陪著我的時候想著她,Hn8yhgxpzS4,12929849,2026-06-02,kept,近25年熱門新歌,福茂唱片 / YouTube
Recent 25 Years Pop,songlists/pop-recent-25.json,POP25-662,有我在,YWZ2-WEMdDk,12256889,2026-06-02,kept,近25年熱門新歌,Show Lo's Official Channel羅志祥官方專屬頻道 / YouTube
Recent 25 Years Pop,songlists/pop-recent-25.json,POP25-663,變成陌生人,3B4fyi-xXzo,12186230,2026-06-02,kept,近25年熱門新歌,UNIVERSAL MUSIC TAIWAN 環球音樂 / YouTube
Recent 25 Years Pop,songlists/pop-recent-25.json,POP25-664,如果再見,Xdmmv-YdIyw,12029040,2026-06-02,kept,近25年熱門新歌,福茂唱片 / YouTube
Recent 25 Years Pop,songlists/pop-recent-25.json,POP25-665,你的愛,jgS7nQUa3Wo,11937734,2026-06-02,kept,近25年熱門新歌,王力宏 Wang Leehom / YouTube
Recent 25 Years Pop,songlists/pop-recent-25.json,POP25-666,錯的人,54yKHYSwJcQ,11770704,2026-06-02,kept,近25年熱門新歌,Timeless Music / YouTube
Recent 25 Years Pop,songlists/pop-recent-25.json,POP25-667,會過去的,L86mAndZTl8,11736092,2026-06-02,kept,近25年熱門新歌,UNIVERSAL MUSIC TAIWAN 環球音樂 / YouTube
Recent 25 Years Pop,songlists/pop-recent-25.json,POP25-668,追追追,ce_MeFj_BWE,11650824,2026-06-02,kept,近25年熱門新歌,蘇打綠 sodagreen / YouTube
Recent 25 Years Pop,songlists/pop-recent-25.json,POP25-669,拋物線,yrAwLIcgPlY,11586936,2026-06-02,kept,近25年熱門新歌,亞神音樂娛樂 / YouTube
Recent 25 Years Pop,songlists/pop-recent-25.json,POP25-670,愛投羅網,f-FOf8RRq-U,11468829,2026-06-02,kept,近25年熱門新歌,Show Lo's Official Channel羅志祥官方專屬頻道 / YouTube
Recent 25 Years Pop,songlists/pop-recent-25.json,POP25-671,愛錯,JdpNT5yRbwg,11161133,2026-06-02,kept,近25年熱門新歌,leehomwangVEVO / YouTube
Recent 25 Years Pop,songlists/pop-recent-25.json,POP25-672,為愛痴狂,cYchjzfQ2RU,11119699,2026-06-02,kept,近25年熱門新歌,滾石唱片 ROCK RECORDS / YouTube
Recent 25 Years Pop,songlists/pop-recent-25.json,POP25-673,會痛的石頭,4RVl7b0X88Y,11053023,2026-06-02,kept,近25年熱門新歌,華納音樂 Warner Music Taiwan / YouTube
Recent 25 Years Pop,songlists/pop-recent-25.json,POP25-674,背对背拥抱,EMe_r_ZMjj0,11040337,2026-06-02,kept,近25年熱門新歌,GM Lyric / YouTube
Recent 25 Years Pop,songlists/pop-recent-25.json,POP25-675,無人之境,9g3XXXdnjqY,10944875,2026-06-02,kept,近25年熱門新歌,universalmusichk / YouTube
Recent 25 Years Pop,songlists/pop-recent-25.json,POP25-676,與我無關,TTJjtPGY7bQ,10922774,2026-06-02,kept,近25年熱門新歌,MC 張天賦 / YouTube
Recent 25 Years Pop,songlists/pop-recent-25.json,POP25-677,我知道要微笑,P-gaPbQVRfM,10886305,2026-06-02,kept,近25年熱門新歌,周興哲 Eric Chou / YouTube
Recent 25 Years Pop,songlists/pop-recent-25.json,POP25-678,起风了,PYbwES_ISUc,10684866,2026-06-02,kept,近25年熱門新歌,La Jiao - Topic / YouTube
Recent 25 Years Pop,songlists/pop-recent-25.json,POP25-679,你在煩惱什麼,-3TmzrEDuJ8,10682780,2026-06-02,kept,近25年熱門新歌,蘇打綠 sodagreen / YouTube
Recent 25 Years Pop,songlists/pop-recent-25.json,POP25-680,布拉格廣場,RrWPq4bLsP0,10681006,2026-06-02,kept,近25年熱門新歌,jolintsaiVEVO / YouTube
Recent 25 Years Pop,songlists/pop-recent-25.json,POP25-681,愛的主打歌,EHMm_ElRvMA,10618357,2026-06-02,kept,近25年熱門新歌,Timeless Music / YouTube
Recent 25 Years Pop,songlists/pop-recent-25.json,POP25-682,晴天,3-DteAHyRnI,10562759,2026-06-02,kept,近25年熱門新歌,GM Lyric / YouTube
Recent 25 Years Pop,songlists/pop-recent-25.json,POP25-683,听见下雨的声音,cS4dJvAXiIE,10237296,2026-06-02,kept,近25年熱門新歌,MUSICKAKI 音乐卡奇 / YouTube
Recent 25 Years Pop,songlists/pop-recent-25.json,POP25-684,行星,Zn8M6mcGNoo,10217860,2026-06-02,kept,近25年熱門新歌,理想混蛋 Bestards / YouTube
Recent 25 Years Pop,songlists/pop-recent-25.json,POP25-685,一次幸福的機會,cilKbr7ofAQ,10160198,2026-06-02,kept,近25年熱門新歌,蕭敬騰 Jam Hsiao / YouTube
Recent 25 Years Pop,songlists/pop-recent-25.json,POP25-686,第一個想到你,gmjtvBh_GlU,10151522,2026-06-02,kept,近25年熱門新歌,福茂唱片 / YouTube
Recent 25 Years Pop,songlists/pop-recent-25.json,POP25-687,暖暖,sqBU8XyMgoc,10047424,2026-06-02,kept,近25年熱門新歌,Fish Leong - Topic / YouTube
Recent 25 Years Pop,songlists/pop-recent-25.json,POP25-688,達爾文,Z97zUBtHZGY,10040694,2026-06-02,kept,近25年熱門新歌,亞神音樂娛樂 / YouTube
Recent 25 Years Pop,songlists/pop-recent-25.json,POP25-689,梅香如故,JYtK8sLOh2Y,9988453,2026-06-02,kept,近25年熱門新歌,福茂唱片 / YouTube
Recent 25 Years Pop,songlists/pop-recent-25.json,POP25-690,外套,yNM5uVQGmD8,9957150,2026-06-02,kept,近25年熱門新歌,華研國際 / YouTube
Recent 25 Years Pop,songlists/pop-recent-25.json,POP25-691,淘金小鎮,SW3OQ0ijUCI,9871021,2026-06-02,kept,近25年熱門新歌,周杰倫 Jay Chou / YouTube
Recent 25 Years Pop,songlists/pop-recent-25.json,POP25-692,她说,C8fVp87PKMA,9781959,2026-06-02,kept,近25年熱門新歌,GM Lyric / YouTube
Recent 25 Years Pop,songlists/pop-recent-25.json,POP25-693,愛的就是你,fNnQqokjv_0,9685635,2026-06-02,kept,近25年熱門新歌,leehomwangVEVO / YouTube
Recent 25 Years Pop,songlists/pop-recent-25.json,POP25-694,當愛在靠近,fIjDpHiT6kY,9651944,2026-06-02,kept,近25年熱門新歌,滾石唱片 ROCK RECORDS / YouTube
Recent 25 Years Pop,songlists/pop-recent-25.json,POP25-695,十年,7OdargV9K88,9638421,2026-06-02,kept,近25年熱門新歌,GM Lyric / YouTube
Recent 25 Years Pop,songlists/pop-recent-25.json,POP25-696,长歌行,4fnEXD-TGyE,9615641,2026-06-02,kept,近25年熱門新歌,华策音乐 HUACE MUSIC / YouTube
Recent 25 Years Pop,songlists/pop-recent-25.json,POP25-697,十年一刻,V4hBde4pQ6c,9475041,2026-06-02,kept,近25年熱門新歌,蘇打綠 sodagreen / YouTube
Recent 25 Years Pop,songlists/pop-recent-25.json,POP25-698,你不知道的事,OQjOfjBal3Y,9433319,2026-06-02,kept,近25年熱門新歌,Wang Leehom - Topic / YouTube
Recent 25 Years Pop,songlists/pop-recent-25.json,POP25-699,記得,qm3wIQWnXxg,9429015,2026-06-02,kept,近25年熱門新歌,Timeless Music / YouTube
Recent 25 Years Pop,songlists/pop-recent-25.json,POP25-700,愛你但說不出口,vEEpj8fTKwY,9233336,2026-06-02,kept,近25年熱門新歌,Karencici / YouTube
Recent 25 Years Pop,songlists/pop-recent-25.json,POP25-701,如愿,ZoJCN0pV7Qs,9167085,2026-06-02,kept,近25年熱門新歌,Faye Wong Official Channel 王菲 官方頻道 / YouTube
Recent 25 Years Pop,songlists/pop-recent-25.json,POP25-702,舞孃,0EN3MnGEBXk,9105835,2026-06-02,kept,近25年熱門新歌,JOLIN 蔡依林 / YouTube
Recent 25 Years Pop,songlists/pop-recent-25.json,POP25-703,一首簡單的歌,PihQffGOL54,8819701,2026-06-02,kept,近25年熱門新歌,leehomwangVEVO / YouTube
Recent 25 Years Pop,songlists/pop-recent-25.json,POP25-704,愛情三十六計,9cEpgttgjx4,8792913,2026-06-02,kept,近25年熱門新歌,jolintsaiVEVO / YouTube
Recent 25 Years Pop,songlists/pop-recent-25.json,POP25-705,富士山下,EqrZAt_P-tM,8740796,2026-06-02,kept,近25年熱門新歌,GM Lyric / YouTube
Recent 25 Years Pop,songlists/pop-recent-25.json,POP25-706,天天,jFKXaWFw8FU,8694794,2026-06-02,kept,近25年熱門新歌,Timeless Music / YouTube
Recent 25 Years Pop,songlists/pop-recent-25.json,POP25-707,親愛的路人,5UzWEtOkpCc,8465401,2026-06-02,kept,近25年熱門新歌,相信音樂BinMusic / YouTube
Recent 25 Years Pop,songlists/pop-recent-25.json,POP25-708,情歌,7FiQV1-z06Q,8385549,2026-06-02,kept,近25年熱門新歌,柏呈昇 / YouTube
Recent 25 Years Pop,songlists/pop-recent-25.json,POP25-709,可不可以不勇敢,yUuv5JDvFgA,8382156,2026-06-02,kept,近25年熱門新歌,福茂唱片 / YouTube
Recent 25 Years Pop,songlists/pop-recent-25.json,POP25-710,拿走了什麼,v1Q4yDHisM0,8371842,2026-06-02,kept,近25年熱門新歌,Liang Rainner / YouTube
Recent 25 Years Pop,songlists/pop-recent-25.json,POP25-711,浪子的路,H5iAG56dUwE,8233569,2026-06-02,kept,近25年熱門新歌,RoboKatZ Music / YouTube
Recent 25 Years Pop,songlists/pop-recent-25.json,POP25-712,知道,ROKxPtX-vt8,8206651,2026-06-02,kept,近25年熱門新歌,福茂唱片 / YouTube
Recent 25 Years Pop,songlists/pop-recent-25.json,POP25-713,孤獨病,WVB-h5nwMGs,8162006,2026-06-02,kept,近25年熱門新歌,MIRROR / YouTube
Recent 25 Years Pop,songlists/pop-recent-25.json,POP25-714,孤獨的人我們一起出發,EMNhEm6tDNQ,8132668,2026-06-02,kept,近25年熱門新歌,茄子蛋EggPlantEgg / YouTube
Recent 25 Years Pop,songlists/pop-recent-25.json,POP25-715,我很忙,vxzQ2IVs-vw,8067610,2026-06-02,kept,近25年熱門新歌,愛貝克思 avex taiwan / YouTube
Recent 25 Years Pop,songlists/pop-recent-25.json,POP25-716,十字路口,HfboDBASKZ4,8029721,2026-06-02,kept,近25年熱門新歌,滅火器 Fire EX. / YouTube
Recent 25 Years Pop,songlists/pop-recent-25.json,POP25-717,原諒我,yaDuOKA-NOg,8028719,2026-06-02,kept,近25年熱門新歌,華納音樂 Warner Music Taiwan / YouTube
Recent 25 Years Pop,songlists/pop-recent-25.json,POP25-718,愛在記憶中找你,17SScQV5Bwc,7761271,2026-06-02,kept,近25年熱門新歌,林峯 - Topic / YouTube
Recent 25 Years Pop,songlists/pop-recent-25.json,POP25-719,讓浪漫作主,paecvB1-uPE,7751307,2026-06-02,kept,近25年熱門新歌,蔡健雅 Tanya Chua / YouTube
Recent 25 Years Pop,songlists/pop-recent-25.json,POP25-720,我落泪 情绪零碎,E633OGjZzN4,7742699,2026-06-02,kept,近25年熱門新歌,GM Lyric / YouTube
Recent 25 Years Pop,songlists/pop-recent-25.json,POP25-721,感情用事,WU5OVdrdRfo,7569179,2026-06-02,kept,近25年熱門新歌,王心凌 Cyndi Wang / YouTube
Recent 25 Years Pop,songlists/pop-recent-25.json,POP25-722,快樂崇拜,p3CBaikDft0,7517084,2026-06-02,kept,近25年熱門新歌,WillPanVEVO / YouTube
Recent 25 Years Pop,songlists/pop-recent-25.json,POP25-723,我們都傻,tXAI6OqvvCo,7482493,2026-06-02,kept,近25年熱門新歌,rainieyangVEVO / YouTube
Recent 25 Years Pop,songlists/pop-recent-25.json,POP25-724,就是現在,7DS631wSYDM,7464942,2026-06-02,kept,近25年熱門新歌,王力宏 Wang Leehom / YouTube
Recent 25 Years Pop,songlists/pop-recent-25.json,POP25-725,另一個天堂,bXT7ZipPwxs,7416809,2026-06-02,kept,近25年熱門新歌,leehomwangVEVO / YouTube
Recent 25 Years Pop,songlists/pop-recent-25.json,POP25-726,达拉崩吧,yM5NU6NPS_o,7362518,2026-06-02,kept,近25年熱門新歌,湖南国际频道 Hunan TV International  Official Channel / YouTube
Recent 25 Years Pop,songlists/pop-recent-25.json,POP25-727,不藥而癒,DduKGmRCqio,7361163,2026-06-02,kept,近25年熱門新歌,福茂唱片 / YouTube
Recent 25 Years Pop,songlists/pop-recent-25.json,POP25-728,我們的歌,FpPDwP0NWnw,7322407,2026-06-02,kept,近25年熱門新歌,leehomwangVEVO / YouTube
Recent 25 Years Pop,songlists/pop-recent-25.json,POP25-729,幸福不是情歌,Hn4FqYCFcak,7206571,2026-06-02,kept,近25年熱門新歌,相信音樂BinMusic / YouTube
Recent 25 Years Pop,songlists/pop-recent-25.json,POP25-730,别在伤口洒盐,Wi-q3BwtVjQ,7028694,2026-06-02,kept,近25年熱門新歌,AlvinQQQ / YouTube
Recent 25 Years Pop,songlists/pop-recent-25.json,POP25-731,太空,LV7eT2_VwMw,6912467,2026-06-02,kept,近25年熱門新歌,吳青峰 Wu Qing Feng / YouTube
Recent 25 Years Pop,songlists/pop-recent-25.json,POP25-732,說了再見以後,ogbUdQkYlVM,6838327,2026-06-02,kept,近25年熱門新歌,蘇打綠 sodagreen / YouTube
Recent 25 Years Pop,songlists/pop-recent-25.json,POP25-733,燕窩,9mQv7NhBo-c,6801326,2026-06-02,kept,近25年熱門新歌,蘇打綠 sodagreen / YouTube
Recent 25 Years Pop,songlists/pop-recent-25.json,POP25-734,只想愛你,hpkBwizROaE,6777404,2026-06-02,kept,近25年熱門新歌,rainieyangVEVO / YouTube
Recent 25 Years Pop,songlists/pop-recent-25.json,POP25-735,我不會愛,v5q_W4W_Sz4,6776606,2026-06-02,kept,近25年熱門新歌,華納音樂 Warner Music Taiwan / YouTube
Recent 25 Years Pop,songlists/pop-recent-25.json,POP25-736,敢傻敢衝,tz4XyZMOqFc,6723746,2026-06-02,kept,近25年熱門新歌,heysongsarsaparilla / YouTube
Recent 25 Years Pop,songlists/pop-recent-25.json,POP25-737,最初的夢想,wGAmgmZg-48,6718491,2026-06-02,kept,近25年熱門新歌,福茂唱片 / YouTube
Recent 25 Years Pop,songlists/pop-recent-25.json,POP25-738,我不想忘記你,K-xda8e2FLc,6703053,2026-06-02,kept,近25年熱門新歌,福茂唱片 / YouTube
Recent 25 Years Pop,songlists/pop-recent-25.json,POP25-739,全城熱愛,hWHSs34-fdM,6495309,2026-06-02,kept,近25年熱門新歌,Show Lo's Official Channel羅志祥官方專屬頻道 / YouTube
Recent 25 Years Pop,songlists/pop-recent-25.json,POP25-740,爱情转移,H0X3Nn0oAD4,6490734,2026-06-02,kept,近25年熱門新歌,GM Lyric / YouTube
Recent 25 Years Pop,songlists/pop-recent-25.json,POP25-741,我們都能幸福著,nn18FrDexFE,6427906,2026-06-02,kept,近25年熱門新歌,福茂唱片 / YouTube
Recent 25 Years Pop,songlists/pop-recent-25.json,POP25-742,情勒,9K7igKasYL4,6314317,2026-06-02,kept,近25年熱門新歌,Marz23 / YouTube
Recent 25 Years Pop,songlists/pop-recent-25.json,POP25-743,溫柔,eZxkpvoJI2Q,6270824,2026-06-02,kept,近25年熱門新歌,相信音樂BinMusic / YouTube
Recent 25 Years Pop,songlists/pop-recent-25.json,POP25-744,16號愛人,3wkfKUEga2A,6251426,2026-06-02,kept,近25年熱門新歌,英皇娛樂 eeg music / YouTube
Recent 25 Years Pop,songlists/pop-recent-25.json,POP25-745,曾經瘋狂,r3UKy95eEmY,6241102,2026-06-02,kept,近25年熱門新歌,滅火器 Fire EX. / YouTube
Recent 25 Years Pop,songlists/pop-recent-25.json,POP25-746,青春快門,xiU1-LIp__U,6236604,2026-06-02,kept,近25年熱門新歌,微辣 Manner / YouTube
Recent 25 Years Pop,songlists/pop-recent-25.json,POP25-747,孫盛希,Bt_va48LunY,6219607,2026-06-02,kept,近25年熱門新歌,滾石唱片 ROCK RECORDS / YouTube
Recent 25 Years Pop,songlists/pop-recent-25.json,POP25-748,劈你的雷正在路上,tnjh4U-Dnao,6150184,2026-06-02,kept,近25年熱門新歌,UNIVERSAL MUSIC TAIWAN 環球音樂 / YouTube
Recent 25 Years Pop,songlists/pop-recent-25.json,POP25-749,亞特蘭提斯,LxscVj3XiKQ,6103471,2026-06-02,kept,近25年熱門新歌,MIRROR / YouTube
Recent 25 Years Pop,songlists/pop-recent-25.json,POP25-750,餘震,XcRtRFO5ZJA,6102606,2026-06-02,kept,近25年熱門新歌,HinsLiveinPassion / YouTube
Recent 25 Years Pop,songlists/pop-recent-25.json,POP25-751,稻香,rCT0zSWaEZI,6035655,2026-06-02,kept,近25年熱門新歌,JJ Lin林俊傑 / YouTube
Recent 25 Years Pop,songlists/pop-recent-25.json,POP25-752,心醉心碎,4YCAxOIQl6w,6010349,2026-06-02,kept,近25年熱門新歌,Weibird0305 / YouTube
Recent 25 Years Pop,songlists/pop-recent-25.json,POP25-753,你會在哪呢？,LnWubLbMaSs,5981298,2026-06-02,kept,近25年熱門新歌,蕭敬騰 Jam Hsiao / YouTube
Recent 25 Years Pop,songlists/pop-recent-25.json,POP25-754,無期,sSKPIHcFSL4,5944514,2026-06-02,kept,近25年熱門新歌,universalmusichk / YouTube
Recent 25 Years Pop,songlists/pop-recent-25.json,POP25-755,根本不是我對手,NeNq5RFYubc,5918070,2026-06-02,kept,近25年熱門新歌,持修ChihSiou / YouTube
Recent 25 Years Pop,songlists/pop-recent-25.json,POP25-756,笑忘書,x0PHJvrKTIg,5865240,2026-06-02,kept,近25年熱門新歌,William / YouTube
Recent 25 Years Pop,songlists/pop-recent-25.json,POP25-757,失語者,gh2jwV46a5I,5827134,2026-06-02,kept,近25年熱門新歌,蔡健雅 Tanya Chua / YouTube
Recent 25 Years Pop,songlists/pop-recent-25.json,POP25-758,我要給世界最悠長的濕吻,itGxQbwGsz8,5808238,2026-06-02,kept,近25年熱門新歌,蔡健雅 Tanya Chua / YouTube
Recent 25 Years Pop,songlists/pop-recent-25.json,POP25-759,正想著你呢,FBp4QhLqiKs,5800845,2026-06-02,kept,近25年熱門新歌,持修ChihSiou / YouTube
Recent 25 Years Pop,songlists/pop-recent-25.json,POP25-760,浮夸,Hrayki5Lp5U,5778936,2026-06-02,kept,近25年熱門新歌,GM Lyric / YouTube
Recent 25 Years Pop,songlists/pop-recent-25.json,POP25-761,相信,WuWemjO91NA,5727230,2026-06-02,kept,近25年熱門新歌,蘇打綠 sodagreen / YouTube
Recent 25 Years Pop,songlists/pop-recent-25.json,POP25-762,天地龍鱗,k3mOnzOG4kU,5715161,2026-06-02,kept,近25年熱門新歌,王力宏 Wang Leehom / YouTube
Recent 25 Years Pop,songlists/pop-recent-25.json,POP25-763,黏黏黏黏,K26pUDIyQRU,5711663,2026-06-02,kept,近25年熱門新歌,Timeless Music / YouTube
Recent 25 Years Pop,songlists/pop-recent-25.json,POP25-764,倒带,RGeBZg74srA,5703607,2026-06-02,kept,近25年熱門新歌,乐视视频官方频道 Letv Official Channel / YouTube
Recent 25 Years Pop,songlists/pop-recent-25.json,POP25-765,像是一顆星星,70RTxbhqj5s,5697885,2026-06-02,kept,近25年熱門新歌,Rainie Yang's Official Channel楊丞琳官方專屬頻道 / YouTube
Recent 25 Years Pop,songlists/pop-recent-25.json,POP25-766,831老媽最常說的十句話,amLM8pxaSx0,5623722,2026-06-02,kept,近25年熱門新歌,滾石唱片 ROCK RECORDS / YouTube
Recent 25 Years Pop,songlists/pop-recent-25.json,POP25-767,瘦子,Df9lbCJNhGU,5539041,2026-06-02,kept,近25年熱門新歌,滾石唱片 ROCK RECORDS / YouTube
Recent 25 Years Pop,songlists/pop-recent-25.json,POP25-768,下一頁的我,yvGYvWMth_I,5535999,2026-06-02,kept,近25年熱門新歌,Timeless Music / YouTube
Recent 25 Years Pop,songlists/pop-recent-25.json,POP25-769,左邊,JFwdcMDbyJ8,5484757,2026-06-02,kept,近25年熱門新歌,蘇打綠 sodagreen / YouTube
Recent 25 Years Pop,songlists/pop-recent-25.json,POP25-770,沒那麼愛他,re4i8hDqsAA,5482698,2026-06-02,kept,近25年熱門新歌,福茂唱片 / YouTube
Recent 25 Years Pop,songlists/pop-recent-25.json,POP25-771,淘汰,N0lMO59C79A,5447966,2026-06-02,kept,近25年熱門新歌,GM Lyric / YouTube
Recent 25 Years Pop,songlists/pop-recent-25.json,POP25-772,是非題,UYjNLDuIoWc,5446213,2026-06-02,kept,近25年熱門新歌,福茂唱片 / YouTube
Recent 25 Years Pop,songlists/pop-recent-25.json,POP25-773,墜落,hPShCoap2Cw,5442445,2026-06-02,kept,近25年熱門新歌,蔡健雅 Tanya Chua / YouTube
Recent 25 Years Pop,songlists/pop-recent-25.json,POP25-774,口袋的天空,IDhZy6tfJGY,5431910,2026-06-02,kept,近25年熱門新歌,福茂唱片 / YouTube
Recent 25 Years Pop,songlists/pop-recent-25.json,POP25-775,想見你,pbSji_3prUc,5404374,2026-06-02,kept,近25年熱門新歌,Shumiii / YouTube
Recent 25 Years Pop,songlists/pop-recent-25.json,POP25-776,無言以對,WAQL4pw4Nx4,5386837,2026-06-02,kept,近25年熱門新歌,華納音樂 Warner Music Taiwan / YouTube
Recent 25 Years Pop,songlists/pop-recent-25.json,POP25-777,巴別塔慶典,iOs7Ykmhew4,5357527,2026-06-02,kept,近25年熱門新歌,吳青峰 Wu Qing Feng / YouTube
Recent 25 Years Pop,songlists/pop-recent-25.json,POP25-778,悄悄告訴你,J0Pv4YmRMAU,5309689,2026-06-02,kept,近25年熱門新歌,福茂唱片 / YouTube
Recent 25 Years Pop,songlists/pop-recent-25.json,POP25-779,裂心,fHkTKnFuRN8,5290305,2026-06-02,kept,近25年熱門新歌,王力宏 Wang Leehom / YouTube
Recent 25 Years Pop,songlists/pop-recent-25.json,POP25-780,最後的,ILVlVWle8m0,5248765,2026-06-02,kept,近25年熱門新歌,相信音樂BinMusic / YouTube
Recent 25 Years Pop,songlists/pop-recent-25.json,POP25-781,说好的幸福呢,r4lVNviCDss,5217363,2026-06-02,kept,近25年熱門新歌,GM Lyric / YouTube
Recent 25 Years Pop,songlists/pop-recent-25.json,POP25-782,不要再孤單,OrroW3t_6No,5200817,2026-06-02,kept,近25年熱門新歌,LaLa 徐佳瑩 / YouTube
Recent 25 Years Pop,songlists/pop-recent-25.json,POP25-783,就是愛妳,WVaOxR0ajw4,5184202,2026-06-02,kept,近25年熱門新歌,Timeless Music / YouTube
Recent 25 Years Pop,songlists/pop-recent-25.json,POP25-784,奇遇的起點,pWvPXTWUexk,5174397,2026-06-02,kept,近25年熱門新歌,王力宏 Wang Leehom / YouTube
Recent 25 Years Pop,songlists/pop-recent-25.json,POP25-785,他夏了夏天,h7KpTmxZJLE,5159265,2026-06-02,kept,近25年熱門新歌,蘇打綠 sodagreen / YouTube
Recent 25 Years Pop,songlists/pop-recent-25.json,POP25-786,跟悲傷結了帳,cKRbMErj1LU,5145288,2026-06-02,kept,近25年熱門新歌,Gareth.T / YouTube
Recent 25 Years Pop,songlists/pop-recent-25.json,POP25-787,花蝴蝶,1UTbjEsfIC8,5095197,2026-06-02,kept,近25年熱門新歌,JOLIN 蔡依林 / YouTube
Recent 25 Years Pop,songlists/pop-recent-25.json,POP25-788,如果沒有你,AO_3EplU2IQ,5061164,2026-06-02,kept,近25年熱門新歌,thenottyprince / YouTube
Recent 25 Years Pop,songlists/pop-recent-25.json,POP25-789,不將就,TuiL681_ifo,5012036,2026-06-02,kept,近25年熱門新歌,TWKchannel / YouTube
Recent 25 Years Pop,songlists/pop-recent-25.json,POP25-790,別找我麻煩,Ua9DKclFKLA,5003865,2026-06-02,kept,近25年熱門新歌,蔡健雅 Tanya Chua / YouTube
Recent 25 Years Pop,songlists/pop-recent-25.json,POP25-791,突如其來的心跳感覺,fd0QFi-iXCM,4983836,2026-06-02,kept,近25年熱門新歌,MIRROR / YouTube
Recent 25 Years Pop,songlists/pop-recent-25.json,POP25-792,如果你愛我,0ECIgchUVpE,4983766,2026-06-02,kept,近25年熱門新歌,loveYNW / YouTube
Recent 25 Years Pop,songlists/pop-recent-25.json,POP25-793,十分錯,OGOsTb69L8I,4951540,2026-06-02,kept,近25年熱門新歌,JUDE曾若華 / YouTube
Recent 25 Years Pop,songlists/pop-recent-25.json,POP25-794,一百個未老先衰的方法,UluzRA97Lg0,4930797,2026-06-02,kept,近25年熱門新歌,MC 張天賦 / YouTube
Recent 25 Years Pop,songlists/pop-recent-25.json,POP25-795,陳淑芬與林志豪,6B1o0X9t6zI,4900898,2026-06-02,kept,近25年熱門新歌,UNIVERSAL MUSIC TAIWAN 環球音樂 / YouTube
Recent 25 Years Pop,songlists/pop-recent-25.json,POP25-796,給你幸福 所以幸福,urqtwluKdsM,4887791,2026-06-02,kept,近25年熱門新歌,Jay Fung 馮允謙 / YouTube
Recent 25 Years Pop,songlists/pop-recent-25.json,POP25-797,一九四五,M9m_peQvgO8,4870477,2026-06-02,kept,近25年熱門新歌,滅火器 Fire EX. / YouTube
Recent 25 Years Pop,songlists/pop-recent-25.json,POP25-798,給千億顆星選中的二人,IECrH40BGwY,4838611,2026-06-02,kept,近25年熱門新歌,MIRROR / YouTube
Recent 25 Years Pop,songlists/pop-recent-25.json,POP25-799,自由之歌,jU2FQfoTvEg,4833363,2026-06-02,kept,近25年熱門新歌,華研國際 / YouTube
Recent 25 Years Pop,songlists/pop-recent-25.json,POP25-800,匿名的安慰,d8ensl0HuF4,4817654,2026-06-02,kept,近25年熱門新歌,UNIVERSAL MUSIC TAIWAN 環球音樂 / YouTube
Recent 25 Years Pop,songlists/pop-recent-25.json,POP25-801,愛我還是他,A6g2NPROeYY,4813984,2026-06-02,kept,近25年熱門新歌,Timeless Music / YouTube
Recent 25 Years Pop,songlists/pop-recent-25.json,POP25-802,不需要知道,Fu_Ljynbxho,4810411,2026-06-02,kept,近25年熱門新歌,福茂唱片 / YouTube
Recent 25 Years Pop,songlists/pop-recent-25.json,POP25-803,E先生 愛人執照,GG7n0NY9jic,4767410,2026-06-02,kept,近25年熱門新歌,MIRROR / YouTube
Recent 25 Years Pop,songlists/pop-recent-25.json,POP25-804,霸氣情歌,h6FHYTiUlbQ,4745644,2026-06-02,kept,近25年熱門新歌,jasonchanVEVO / YouTube
Recent 25 Years Pop,songlists/pop-recent-25.json,POP25-805,愛過了頭,LDrYkQUlTVQ,4732993,2026-06-02,kept,近25年熱門新歌,華納音樂 Warner Music Taiwan / YouTube
Recent 25 Years Pop,songlists/pop-recent-25.json,POP25-806,華興,hgotFWqe_H8,4713529,2026-06-02,kept,近25年熱門新歌,WISH YOU A GOOD LIFE / YouTube
Recent 25 Years Pop,songlists/pop-recent-25.json,POP25-807,一路向北,-CwE30KQjQo,4710949,2026-06-02,kept,近25年熱門新歌,GM Lyric / YouTube
Recent 25 Years Pop,songlists/pop-recent-25.json,POP25-808,善良的我們,gQJbdz_5054,4691124,2026-06-02,kept,近25年熱門新歌,蔡健雅 Tanya Chua / YouTube
Recent 25 Years Pop,songlists/pop-recent-25.json,POP25-809,女孩們,uW0ag9ajpsI,4670882,2026-06-02,kept,近25年熱門新歌,Rainie Yang's Official Channel楊丞琳官方專屬頻道 / YouTube
Recent 25 Years Pop,songlists/pop-recent-25.json,POP25-810,擁抱後的歌,XC6TFSoHV_w,4669025,2026-06-02,kept,近25年熱門新歌,MIRROR / YouTube
Recent 25 Years Pop,songlists/pop-recent-25.json,POP25-811,我不配,OmPQk7pgM1c,4599224,2026-06-02,kept,近25年熱門新歌,GM Lyric / YouTube
Recent 25 Years Pop,songlists/pop-recent-25.json,POP25-812,十萬毫升淚水完整放映,0D676uRWYPI,4597589,2026-06-02,kept,近25年熱門新歌,蔡健雅 Tanya Chua / YouTube
Recent 25 Years Pop,songlists/pop-recent-25.json,POP25-813,小鎮姑娘,dD4JHeZNvF4,4594150,2026-06-02,kept,近25年熱門新歌,Timeless Music / YouTube
Recent 25 Years Pop,songlists/pop-recent-25.json,POP25-814,特務,gG6q90HXSkw,4588218,2026-06-02,kept,近25年熱門新歌,JOLIN 蔡依林 / YouTube
Recent 25 Years Pop,songlists/pop-recent-25.json,POP25-815,習慣不習慣,-6Q7-JZu3lU,4588081,2026-06-02,kept,近25年熱門新歌,理想混蛋 Bestards / YouTube
Recent 25 Years Pop,songlists/pop-recent-25.json,POP25-816,美麗之最,SujkxLDOD78,4575675,2026-06-02,kept,近25年熱門新歌,Timeless Music Hong Kong天碟 / YouTube
Recent 25 Years Pop,songlists/pop-recent-25.json,POP25-817,最後派對,sjyMo1oAspo,4558963,2026-06-02,kept,近25年熱門新歌,universalmusichk / YouTube
Recent 25 Years Pop,songlists/pop-recent-25.json,POP25-818,忍者,55yJh4SHUBY,4541595,2026-06-02,kept,近25年熱門新歌,周杰倫 Jay Chou / YouTube
Recent 25 Years Pop,songlists/pop-recent-25.json,POP25-819,遠在眼前,_K4QAcB1mtE,4514361,2026-06-02,kept,近25年熱門新歌,Jay Fung 馮允謙 / YouTube
Recent 25 Years Pop,songlists/pop-recent-25.json,POP25-820,塵埃落定,yPNFWHoJHLo,4510200,2026-06-02,kept,近25年熱門新歌,universalmusichk / YouTube
Recent 25 Years Pop,songlists/pop-recent-25.json,POP25-821,愛你,-gaB9ov-Om0,34535402,2026-06-02,kept,近25年熱門新歌,GEMblog / YouTube
Recent 25 Years Pop,songlists/pop-recent-25.json,POP25-822,溫柔累了,4FsnGEpVNVk,4491725,2026-06-02,kept,近25年熱門新歌,愛貝克思 avex taiwan / YouTube
Recent 25 Years Pop,songlists/pop-recent-25.json,POP25-823,頻率,c9e-80s3kOY,4449777,2026-06-02,kept,近25年熱門新歌,蘇打綠 sodagreen / YouTube
Recent 25 Years Pop,songlists/pop-recent-25.json,POP25-824,愛情之所以為愛情,ZFhEc_zayIs,4435067,2026-06-02,kept,近25年熱門新歌,柏呈昇 / YouTube
Recent 25 Years Pop,songlists/pop-recent-25.json,POP25-825,愚者,FYNNLjn-CuI,4428286,2026-06-02,kept,近25年熱門新歌,理想混蛋 Bestards / YouTube
Recent 25 Years Pop,songlists/pop-recent-25.json,POP25-826,流浪星球,AsTKf9yqd2Y,4393394,2026-06-02,kept,近25年熱門新歌,MIRROR / YouTube
Recent 25 Years Pop,songlists/pop-recent-25.json,POP25-827,枫,C12-p5eXPEw,4375000,2026-06-02,kept,近25年熱門新歌,GM Lyric / YouTube
Recent 25 Years Pop,songlists/pop-recent-25.json,POP25-828,一樣的月光,TxXIfcRt1WQ,4359834,2026-06-02,kept,近25年熱門新歌,亞神音樂娛樂 / YouTube
Recent 25 Years Pop,songlists/pop-recent-25.json,POP25-829,多遠都要在一起,mWqnQl-ymVA,4350106,2026-06-02,kept,近25年熱門新歌,歌詞站 / YouTube
Recent 25 Years Pop,songlists/pop-recent-25.json,POP25-830,一千年以後,AwOKTcelwCA,4337989,2026-06-02,kept,近25年熱門新歌,JJ Lin林俊傑 / YouTube
Recent 25 Years Pop,songlists/pop-recent-25.json,POP25-831,難道喜歡處女座,q5fde8xiY_g,4331626,2026-06-02,kept,近25年熱門新歌,林家謙 Terence Lam / YouTube
Recent 25 Years Pop,songlists/pop-recent-25.json,POP25-832,深閨,70vVZqVsqeg,4329978,2026-06-02,kept,近25年熱門新歌,MIRROR / YouTube
Recent 25 Years Pop,songlists/pop-recent-25.json,POP25-833,不用告訴我,dcmxurhL35w,4311058,2026-06-02,kept,近25年熱門新歌,韋禮安 WeiBird / YouTube
Recent 25 Years Pop,songlists/pop-recent-25.json,POP25-834,大哥,qGRuWTyzg68,4310749,2026-06-02,kept,近25年熱門新歌,AMusic Official Channel / YouTube
Recent 25 Years Pop,songlists/pop-recent-25.json,POP25-835,发如雪,gnz7It0-F4g,4291598,2026-06-02,kept,近25年熱門新歌,GM Lyric / YouTube
Recent 25 Years Pop,songlists/pop-recent-25.json,POP25-836,別來無恙,qbB_9gsHraA,4250275,2026-06-02,kept,近25年熱門新歌,Sony Music Entertainment Hong Kong / YouTube
Recent 25 Years Pop,songlists/pop-recent-25.json,POP25-837,流沙,2xAmQ4y44eo,4249765,2026-06-02,kept,近25年熱門新歌,陶喆 David Tao / YouTube
Recent 25 Years Pop,songlists/pop-recent-25.json,POP25-838,一千年以后,w8OpaNuIIDc,4238953,2026-06-02,kept,近25年熱門新歌,GM Lyric / YouTube
Recent 25 Years Pop,songlists/pop-recent-25.json,POP25-839,自信勇敢 咱的名,p-R9UqYCcYI,4238907,2026-06-02,kept,近25年熱門新歌,蔡英文 / YouTube
Recent 25 Years Pop,songlists/pop-recent-25.json,POP25-840,滯留鋒,zxS_NTJ4Hbo,4225448,2026-06-02,kept,近25年熱門新歌,理想混蛋 Bestards / YouTube
Recent 25 Years Pop,songlists/pop-recent-25.json,POP25-841,溫柔的奇蹟,r8QvHIn_gDo,4218301,2026-06-02,kept,近25年熱門新歌,福茂唱片 / YouTube
Recent 25 Years Pop,songlists/pop-recent-25.json,POP25-842,天才兒童1985,ebaxoc1IG_U,4208183,2026-06-02,kept,近25年熱門新歌,張敬軒 Hins Cheung / YouTube
Recent 25 Years Pop,songlists/pop-recent-25.json,POP25-843,復刻回憶,SBaKScCQ5rA,4197384,2026-06-02,kept,近25年熱門新歌,warnermusichk / YouTube
Recent 25 Years Pop,songlists/pop-recent-25.json,POP25-844,曾沛慈,gWq2uI6lPoU,4191951,2026-06-02,kept,近25年熱門新歌,亞神音樂娛樂 / YouTube
Recent 25 Years Pop,songlists/pop-recent-25.json,POP25-845,是你令我再次找到心跳,-bzE1O1i_d0,4188997,2026-06-02,kept,近25年熱門新歌,Redline Music / YouTube
Recent 25 Years Pop,songlists/pop-recent-25.json,POP25-846,空白格,K27Y_f6BXVs,4182361,2026-06-02,kept,近25年熱門新歌,亞神音樂娛樂 / YouTube
Recent 25 Years Pop,songlists/pop-recent-25.json,POP25-847,好媽媽,MlkHfKKBIAA,4160440,2026-06-02,kept,近25年熱門新歌,英皇娛樂 eeg music / YouTube
Recent 25 Years Pop,songlists/pop-recent-25.json,POP25-848,習慣失戀,aQmieaqmLmU,4136978,2026-06-02,kept,近25年熱門新歌,英皇娛樂 eeg music / YouTube
Recent 25 Years Pop,songlists/pop-recent-25.json,POP25-849,忘了如何遺忘,hJeFMmLIz0s,4082413,2026-06-02,kept,近25年熱門新歌,福茂唱片 / YouTube
Recent 25 Years Pop,songlists/pop-recent-25.json,POP25-850,東京人壽,OVuXyzS2_og,4077038,2026-06-02,kept,近25年熱門新歌,容祖兒 Joey Yung / YouTube
Recent 25 Years Pop,songlists/pop-recent-25.json,POP25-851,連詩雅,4y6I6UUCU4g,4074358,2026-06-02,kept,近25年熱門新歌,warnermusichk / YouTube
Recent 25 Years Pop,songlists/pop-recent-25.json,POP25-852,錯過你,rw__UPeMC0M,4069334,2026-06-02,kept,近25年熱門新歌,Janice衛蘭 / YouTube
Recent 25 Years Pop,songlists/pop-recent-25.json,POP25-853,會再見的,SRG29U7Fw_o,4064329,2026-06-02,kept,近25年熱門新歌,Jay Fung 馮允謙 / YouTube
Recent 25 Years Pop,songlists/pop-recent-25.json,POP25-854,星宇航空布拉格開航,b7rGJMEEO2Q,4059464,2026-06-02,kept,近25年熱門新歌,JOLIN 蔡依林 / YouTube
Recent 25 Years Pop,songlists/pop-recent-25.json,POP25-855,窒息,caITRQWpBHs,4039578,2026-06-02,kept,近25年熱門新歌,茄子蛋EggPlantEgg / YouTube
Recent 25 Years Pop,songlists/pop-recent-25.json,POP25-856,誰稀罕,a7ziV-RjqBo,4015445,2026-06-02,kept,近25年熱門新歌,周杰倫 Jay Chou / YouTube
Recent 25 Years Pop,songlists/pop-recent-25.json,POP25-857,女孩,dmdmmXfs2HI,4003315,2026-06-02,kept,近25年熱門新歌,陳歆 / YouTube
Recent 25 Years Pop,songlists/pop-recent-25.json,POP25-858,其实,K6enKZjVzCA,4002391,2026-06-02,kept,近25年熱門新歌,薛之谦专属提款机 / YouTube
Recent 25 Years Pop,songlists/pop-recent-25.json,POP25-859,最近還好嗎,zvyYxPbTSNM,3999227,2026-06-02,kept,近25年熱門新歌,Bill Bounce / YouTube
Recent 25 Years Pop,songlists/pop-recent-25.json,POP25-860,勇敢,gnoBXoQ7eJM,3989051,2026-06-02,kept,近25年熱門新歌,Timeless Music / YouTube
Recent 25 Years Pop,songlists/pop-recent-25.json,POP25-861,從未到過的地方,RHTyk1GJFJs,3973909,2026-06-02,kept,近25年熱門新歌,UNIVERSAL MUSIC TAIWAN 環球音樂 / YouTube
Recent 25 Years Pop,songlists/pop-recent-25.json,POP25-862,愛情簽證申請,YxMvGJkjFHo,3959226,2026-06-02,kept,近25年熱門新歌,MIRROR / YouTube
Recent 25 Years Pop,songlists/pop-recent-25.json,POP25-863,難得孤寂,kkxcx-iroc0,3936039,2026-06-02,kept,近25年熱門新歌,A-Lin官方專屬頻道 / YouTube
Recent 25 Years Pop,songlists/pop-recent-25.json,POP25-864,離家出走,yvrf8fpoL7o,3895265,2026-06-02,kept,近25年熱門新歌,AMusic Official Channel / YouTube
Recent 25 Years Pop,songlists/pop-recent-25.json,POP25-865,在樹上唱歌,yCq3RLCn2i0,3886736,2026-06-02,kept,近25年熱門新歌,福茂唱片 / YouTube
Recent 25 Years Pop,songlists/pop-recent-25.json,POP25-866,若梦,yVkUtCugHeA,3877811,2026-06-02,kept,近25年熱門新歌,Zhou Shen - Topic / YouTube
Recent 25 Years Pop,songlists/pop-recent-25.json,POP25-867,我的未來不是夢,XcN_H7kljmQ,3873934,2026-06-02,kept,近25年熱門新歌,heysongsarsaparilla / YouTube
Recent 25 Years Pop,songlists/pop-recent-25.json,POP25-868,是我的海,5Yoxv_PAJcE,3862130,2026-06-02,kept,近25年熱門新歌,蘇打綠 sodagreen / YouTube
Recent 25 Years Pop,songlists/pop-recent-25.json,POP25-869,雞蛋與羔羊,R2_DWOyluTs,3846205,2026-06-02,kept,近25年熱門新歌,banbanmusiclimited / YouTube
Recent 25 Years Pop,songlists/pop-recent-25.json,POP25-870,街燈晚餐,2Wqa3ukuEYE,3845163,2026-06-02,kept,近25年熱門新歌,AMusic Official Channel / YouTube
Recent 25 Years Pop,songlists/pop-recent-25.json,POP25-871,空手而來,DiiUBW2piwA,3824195,2026-06-02,kept,近25年熱門新歌,張敬軒 Hins Cheung / YouTube
Recent 25 Years Pop,songlists/pop-recent-25.json,POP25-872,学不会,F2Po8V98QDE,3815836,2026-06-02,kept,近25年熱門新歌,GM Lyric / YouTube
Recent 25 Years Pop,songlists/pop-recent-25.json,POP25-873,狂人日記,Fo0kczTrfeE,3812250,2026-06-02,kept,近25年熱門新歌,MIRROR / YouTube
Recent 25 Years Pop,songlists/pop-recent-25.json,POP25-874,勿念,sMjkxVOm5vw,3777419,2026-06-02,kept,近25年熱門新歌,thisisyoyotube / YouTube
Recent 25 Years Pop,songlists/pop-recent-25.json,POP25-875,除了愛你還能愛誰,MmB89uh_pnU,3771921,2026-06-02,kept,近25年熱門新歌,華研國際 / YouTube
Recent 25 Years Pop,songlists/pop-recent-25.json,POP25-876,最佳损友,_J-o8FpJ-XY,3771283,2026-06-02,kept,近25年熱門新歌,GM Lyric / YouTube
Recent 25 Years Pop,songlists/pop-recent-25.json,POP25-877,莫失莫忘,K8qnR-giXT4,3764528,2026-06-02,kept,近25年熱門新歌,warnermusichk / YouTube
Recent 25 Years Pop,songlists/pop-recent-25.json,POP25-878,相信一切是最好的安排,RJFcyoDhzKU,3759079,2026-06-02,kept,近25年熱門新歌,陳蕾Panther Chan / YouTube
Recent 25 Years Pop,songlists/pop-recent-25.json,POP25-879,逃生門,qdZ2LtfHnVQ,3743884,2026-06-02,kept,近25年熱門新歌,JW 王灝兒 / YouTube
Recent 25 Years Pop,songlists/pop-recent-25.json,POP25-880,尚好的青春,azRd-cvU1oU,3730565,2026-06-02,kept,近25年熱門新歌,UNIVERSAL MUSIC TAIWAN 環球音樂 / YouTube
Recent 25 Years Pop,songlists/pop-recent-25.json,POP25-881,誰能避開戀愛這事情,s7ar4ClC95M,3709000,2026-06-02,kept,近25年熱門新歌,MC 張天賦 / YouTube
Recent 25 Years Pop,songlists/pop-recent-25.json,POP25-882,特倫斯夢遊仙境,i2lIeLceOQg,3703237,2026-06-02,kept,近25年熱門新歌,林家謙 Terence Lam / YouTube
Recent 25 Years Pop,songlists/pop-recent-25.json,POP25-883,小問題,w1TMv7jx8ew,3701304,2026-06-02,kept,近25年熱門新歌,universalmusichk / YouTube
Recent 25 Years Pop,songlists/pop-recent-25.json,POP25-884,只有一事不成全你,kYExptwe7J8,3688859,2026-06-02,kept,近25年熱門新歌,warnermusichk / YouTube
Recent 25 Years Pop,songlists/pop-recent-25.json,POP25-885,我也難過的,KCBGvqrZ9JI,3633208,2026-06-02,kept,近25年熱門新歌,吳林峰 Official Channel / YouTube
Recent 25 Years Pop,songlists/pop-recent-25.json,POP25-886,心中的日月,2B2IX7yTFvg,3623816,2026-06-02,kept,近25年熱門新歌,leehomwangVEVO / YouTube
Recent 25 Years Pop,songlists/pop-recent-25.json,POP25-887,風的形狀,KEb1Db47DAg,3613867,2026-06-02,kept,近25年熱門新歌,thisisyoyotube / YouTube
Recent 25 Years Pop,songlists/pop-recent-25.json,POP25-888,愛你等於愛自己,J-Q_SEemWYQ,3608951,2026-06-02,kept,近25年熱門新歌,leehomwangVEVO / YouTube
Recent 25 Years Pop,songlists/pop-recent-25.json,POP25-889,隆重登場,pP4vVAIhs10,3601409,2026-06-02,kept,近25年熱門新歌,英皇娛樂 eeg music / YouTube
Recent 25 Years Pop,songlists/pop-recent-25.json,POP25-890,我們都被忘了,LyGeoF1K10o,3595175,2026-06-02,kept,近25年熱門新歌,Timeless Music / YouTube
Recent 25 Years Pop,songlists/pop-recent-25.json,POP25-891,一拍兩散,94ySNwJhmI4,3579751,2026-06-02,kept,近25年熱門新歌,英皇娛樂 eeg music / YouTube
Recent 25 Years Pop,songlists/pop-recent-25.json,POP25-892,筆友,n7hIxiX2W9I,3576733,2026-06-02,kept,近25年熱門新歌,MC 張天賦 / YouTube
Recent 25 Years Pop,songlists/pop-recent-25.json,POP25-893,冰河時代,hwENuZHFTj0,3558826,2026-06-02,kept,近25年熱門新歌,GEM鄧紫棋 / YouTube
Recent 25 Years Pop,songlists/pop-recent-25.json,POP25-894,天使的偏執,dreFqLTbCf0,3558697,2026-06-02,kept,近25年熱門新歌,UNIVERSAL MUSIC TAIWAN 環球音樂 / YouTube
Recent 25 Years Pop,songlists/pop-recent-25.json,POP25-895,回憶半分鐘,oSeRj1sW3To,3537581,2026-06-02,kept,近25年熱門新歌,寰亞音樂 Media Asia Music Official Channel / YouTube
Recent 25 Years Pop,songlists/pop-recent-25.json,POP25-896,一顆心的距離,4ik9v7BnSjg,3534598,2026-06-02,kept,近25年熱門新歌,福茂唱片 / YouTube
Recent 25 Years Pop,songlists/pop-recent-25.json,POP25-897,原來談戀愛是這麼一回事,l80bRs4J1QU,3525753,2026-06-02,kept,近25年熱門新歌,Chantel Yiu 姚焯菲 / YouTube
Recent 25 Years Pop,songlists/pop-recent-25.json,POP25-898,私奔到月球,EK9z2B9wXQk,3513223,2026-06-02,kept,近25年熱門新歌,Polowong / YouTube
Recent 25 Years Pop,songlists/pop-recent-25.json,POP25-899,明天的事情,_hf5FtYaPEU,3508975,2026-06-02,kept,近25年熱門新歌,LaLa 徐佳瑩 / YouTube
Recent 25 Years Pop,songlists/pop-recent-25.json,POP25-900,還有一艘救生艙,Evy81LX88YI,3498930,2026-06-02,kept,近25年熱門新歌,TVB Music Group / YouTube
Recent 25 Years Pop,songlists/pop-recent-25.json,POP25-901,一個像夏天 一個像秋天,2-sqX7JiIjA,3470624,2026-06-02,kept,近25年熱門新歌,福茂唱片 / YouTube
Recent 25 Years Pop,songlists/pop-recent-25.json,POP25-902,油麻地莎士比亞,Zn1kl1Lmcrk,3459420,2026-06-02,kept,近25年熱門新歌,MIRROR / YouTube
Recent 25 Years Pop,songlists/pop-recent-25.json,POP25-903,謝謝對不起,9-4aWqk7b0k,3443108,2026-06-02,kept,近25年熱門新歌,許靖韻「小背心」Angela Hui / YouTube
Recent 25 Years Pop,songlists/pop-recent-25.json,POP25-904,彩虹的微笑,LeWRqBsm0zY,3433900,2026-06-02,kept,近25年熱門新歌,Timeless Music / YouTube
Recent 25 Years Pop,songlists/pop-recent-25.json,POP25-905,繼續向前行,QMYN8ch1WGc,3422397,2026-06-02,kept,近25年熱門新歌,滅火器 Fire EX. / YouTube
Recent 25 Years Pop,songlists/pop-recent-25.json,POP25-906,從未見過的海,mIbkGxTDUUw,3420259,2026-06-02,kept,近25年熱門新歌,告五人Accusefive / YouTube
Recent 25 Years Pop,songlists/pop-recent-25.json,POP25-907,當你和心跳一起出現,Dl-ygwweQEc,3403272,2026-06-02,kept,近25年熱門新歌,蕭亞軒Elva Hsiao / YouTube
Recent 25 Years Pop,songlists/pop-recent-25.json,POP25-908,圍城,-JA20hJl4Bc,3396690,2026-06-02,kept,近25年熱門新歌,officialKOLORvids / YouTube
Recent 25 Years Pop,songlists/pop-recent-25.json,POP25-909,迷霧之子,LnJEaPnVmz4,3383830,2026-06-02,kept,近25年熱門新歌,告五人Accusefive / YouTube
Recent 25 Years Pop,songlists/pop-recent-25.json,POP25-910,方圓幾里,RPWMZGaajM8,3383842,2026-06-02,kept,近25年熱門新歌,MAKI_ZHAO / YouTube
Recent 25 Years Pop,songlists/pop-recent-25.json,POP25-911,水刑物語,CYaVZ6CULkI,3377827,2026-06-02,kept,近25年熱門新歌,MIRROR / YouTube
Recent 25 Years Pop,songlists/pop-recent-25.json,POP25-912,最悲傷的事,Ej83dvkU-Z4,3369282,2026-06-02,kept,近25年熱門新歌,A-Lin官方專屬頻道 / YouTube
Recent 25 Years Pop,songlists/pop-recent-25.json,POP25-913,美錯,vApmGlw7JuQ,3365074,2026-06-02,kept,近25年熱門新歌,Andy / YouTube
Recent 25 Years Pop,songlists/pop-recent-25.json,POP25-914,當我迷失時聽著的歌,fcvzAC2K_H8,3359915,2026-06-02,kept,近25年熱門新歌,陳蕾Panther Chan / YouTube
Recent 25 Years Pop,songlists/pop-recent-25.json,POP25-915,盡情旋轉,wRqwB78S8UU,3348291,2026-06-02,kept,近25年熱門新歌,A-Lin官方專屬頻道 / YouTube
Recent 25 Years Pop,songlists/pop-recent-25.json,POP25-916,相安無事,LdoEAj-qQXQ,3347171,2026-06-02,kept,近25年熱門新歌,warnermusichk / YouTube
Recent 25 Years Pop,songlists/pop-recent-25.json,POP25-917,简单爱,HwbFORsR9b8,3347069,2026-06-02,kept,近25年熱門新歌,GM Lyric / YouTube
Recent 25 Years Pop,songlists/pop-recent-25.json,POP25-918,单车,y2bBMOkfTdQ,3337276,2026-06-02,kept,近25年熱門新歌,GM Lyric / YouTube
Recent 25 Years Pop,songlists/pop-recent-25.json,POP25-919,跑馬燈,x9MuYF8ISjc,3336148,2026-06-02,kept,近25年熱門新歌,ØZI / YouTube
Recent 25 Years Pop,songlists/pop-recent-25.json,POP25-920,七月的極光,PJyFND4-zR4,3323389,2026-06-02,kept,近25年熱門新歌,周杰倫 Jay Chou / YouTube
Recent 25 Years Pop,songlists/pop-recent-25.json,POP25-921,窮人的薔薇,_u0M63T2_Bo,3323273,2026-06-02,kept,近25年熱門新歌,陳蕾Panther Chan / YouTube
Recent 25 Years Pop,songlists/pop-recent-25.json,POP25-922,懼高症,D_s_tIAJbqA,3323208,2026-06-02,kept,近25年熱門新歌,亞神音樂娛樂 / YouTube
Recent 25 Years Pop,songlists/pop-recent-25.json,POP25-923,831小心肝,BWHg9jUCAxI,3318194,2026-06-02,kept,近25年熱門新歌,滾石唱片 ROCK RECORDS / YouTube
Recent 25 Years Pop,songlists/pop-recent-25.json,POP25-924,模特,7LBUcOVmD6A,3317452,2026-06-02,kept,近25年熱門新歌,Gariber / YouTube
Recent 25 Years Pop,songlists/pop-recent-25.json,POP25-925,愛太空,Qal-t7X_MBA,3310687,2026-06-02,kept,近25年熱門新歌,Timeless Music / YouTube
Recent 25 Years Pop,songlists/pop-recent-25.json,POP25-926,平衡木,macv0Q1tHKs,3307103,2026-06-02,kept,近25年熱門新歌,理想混蛋 Bestards / YouTube
Recent 25 Years Pop,songlists/pop-recent-25.json,POP25-927,繁華攏是夢,Xcgf-EVvHuE,3306255,2026-06-02,kept,近25年熱門新歌,添翼音樂 TEAM EAR MUSIC / YouTube
Recent 25 Years Pop,songlists/pop-recent-25.json,POP25-928,自由飛翔,yXMPAMKUVgY,3295993,2026-06-02,kept,近25年熱門新歌,JW 王灝兒 / YouTube
Recent 25 Years Pop,songlists/pop-recent-25.json,POP25-929,被馴服的象,c6OkmhO4H6M,3276534,2026-06-02,kept,近25年熱門新歌,蔡健雅 Tanya Chua / YouTube
Recent 25 Years Pop,songlists/pop-recent-25.json,POP25-930,夜的盡頭,3OSGYTj08rU,3257730,2026-06-02,kept,近25年熱門新歌,GEM鄧紫棋 / YouTube
Recent 25 Years Pop,songlists/pop-recent-25.json,POP25-931,東邪,iDIEK6193wU,3251538,2026-06-02,kept,近25年熱門新歌,MC 張天賦 / YouTube
Recent 25 Years Pop,songlists/pop-recent-25.json,POP25-932,喃嘸師感官漫遊,tzHDm7jyoEY,3249258,2026-06-02,kept,近25年熱門新歌,林家謙 Terence Lam / YouTube
Recent 25 Years Pop,songlists/pop-recent-25.json,POP25-933,天外來物,SfE6cG4KfHA,3228262,2026-06-02,kept,近25年熱門新歌,薛之謙 JokerXue / YouTube
Recent 25 Years Pop,songlists/pop-recent-25.json,POP25-934,愛情你比我想的閣較偉大,SLnpJ9VqstQ,3190440,2026-06-02,kept,近25年熱門新歌,蝦捲Huaijun / YouTube
Recent 25 Years Pop,songlists/pop-recent-25.json,POP25-935,逸後,6TuwdnG6Lic,3190365,2026-06-02,kept,近25年熱門新歌,jasonchanVEVO / YouTube
Recent 25 Years Pop,songlists/pop-recent-25.json,POP25-936,故事,ivm6BkDmxRg,3187829,2026-06-02,kept,近25年熱門新歌,蘇打綠 sodagreen / YouTube
Recent 25 Years Pop,songlists/pop-recent-25.json,POP25-937,天天年年,T1I2ksOZJbI,3187041,2026-06-02,kept,近25年熱門新歌,UNIVERSAL MUSIC TAIWAN 環球音樂 / YouTube
Recent 25 Years Pop,songlists/pop-recent-25.json,POP25-938,收藏,UG459pAsokE,3169984,2026-06-02,kept,近25年熱門新歌,華納音樂 Warner Music Taiwan / YouTube
Recent 25 Years Pop,songlists/pop-recent-25.json,POP25-939,複雜,AmU-Z_NSLrI,3147002,2026-06-02,kept,近25年熱門新歌,TVB Music Group / YouTube
Recent 25 Years Pop,songlists/pop-recent-25.json,POP25-940,沒有翅膀的天使,MbUpEGlZ55o,3135588,2026-06-02,kept,近25年熱門新歌,McDonaldsHK / YouTube
Recent 25 Years Pop,songlists/pop-recent-25.json,POP25-941,桃花諾,OoNk_pIROkY,3126029,2026-06-02,kept,近25年熱門新歌,GEM鄧紫棋 HK Fans Club / YouTube
Recent 25 Years Pop,songlists/pop-recent-25.json,POP25-942,仰望,had4aS-ludw,3123005,2026-06-02,kept,近25年熱門新歌,rainieyangVEVO / YouTube
Recent 25 Years Pop,songlists/pop-recent-25.json,POP25-943,撐腰,q9Z7wYZEb7U,3117305,2026-06-02,kept,近25年熱門新歌,Timeless Music / YouTube
Recent 25 Years Pop,songlists/pop-recent-25.json,POP25-944,攀上天梯的螞蟻,HwfmZqrIPXw,3113151,2026-06-02,kept,近25年熱門新歌,Edan Lui 呂爵安 / YouTube
Recent 25 Years Pop,songlists/pop-recent-25.json,POP25-945,明天以後,ui14SZ9zGMk,3103801,2026-06-02,kept,近25年熱門新歌,英皇娛樂 eeg music / YouTube
Recent 25 Years Pop,songlists/pop-recent-25.json,POP25-946,好心好報,9eD8Axiu2JY,3099616,2026-06-02,kept,近25年熱門新歌,ChillGOOD TV / YouTube
Recent 25 Years Pop,songlists/pop-recent-25.json,POP25-947,路太彎,oniLS77Gfps,3047934,2026-06-02,kept,近25年熱門新歌,UNIVERSAL MUSIC TAIWAN 環球音樂 / YouTube
Recent 25 Years Pop,songlists/pop-recent-25.json,POP25-948,胡夏,KqjgLbKZ1h0,118221420,2026-06-02,kept,近25年熱門新歌,HuXiaVEVO / YouTube
Recent 25 Years Pop,songlists/pop-recent-25.json,POP25-949,洋蔥,6Duo89XuYIM,37283449,2026-06-02,kept,近25年熱門新歌,五月天 阿信 / YouTube
Recent 25 Years Pop,songlists/pop-recent-25.json,POP25-950,魚,Dnz-BTz9eDU,22095684,2026-06-02,kept,近25年熱門新歌,怕胖團PAPUN BAND Youtube 官方頻道 / YouTube
Recent 25 Years Pop,songlists/pop-recent-25.json,POP25-951,火星人,OLRbIc8KZ_8,20942134,2026-06-02,kept,近25年熱門新歌,ヨルシカ / n-buna Official / YouTube
Recent 25 Years Pop,songlists/pop-recent-25.json,POP25-952,偶陣雨,uHSaC3t0N0Q,19989723,2026-06-02,kept,近25年熱門新歌,UNIVERSAL MUSIC TAIWAN 環球音樂 / YouTube
Recent 25 Years Pop,songlists/pop-recent-25.json,POP25-953,帶我走,KOLDiXnQC7Q,18819676,2026-06-02,kept,近25年熱門新歌,rainieyangVEVO / YouTube
Recent 25 Years Pop,songlists/pop-recent-25.json,POP25-954,抽,JmjKVtw6BrQ,15402174,2026-06-02,kept,近25年熱門新歌,MC 張天賦 / YouTube
Recent 25 Years Pop,songlists/pop-recent-25.json,POP25-955,陪你失敗,djSEDGoqUzo,14718747,2026-06-02,kept,近25年熱門新歌,Marz23 / YouTube
Recent 25 Years Pop,songlists/pop-recent-25.json,POP25-956,至少做一件離譜的事,RPoNXvSFHE4,12668876,2026-06-02,kept,近25年熱門新歌,Kiri T / YouTube
Recent 25 Years Pop,songlists/pop-recent-25.json,POP25-957,永久損毀,oA9jBgA_PMU,10980286,2026-06-02,kept,近25年熱門新歌,MC 張天賦 / YouTube
Recent 25 Years Pop,songlists/pop-recent-25.json,POP25-958,開始懂了,h5eRbbOnPRc,10502758,2026-06-02,kept,近25年熱門新歌,Timeless Music / YouTube
Recent 25 Years Pop,songlists/pop-recent-25.json,POP25-959,不求月老,eV9a5oUCbZQ,10161789,2026-06-02,kept,近25年熱門新歌,挽歌之聲 / YouTube
Recent 25 Years Pop,songlists/pop-recent-25.json,POP25-960,怎麼辦,gRhjGGOINLY,10144821,2026-06-02,kept,近25年熱門新歌,華研國際 / YouTube
Recent 25 Years Pop,songlists/pop-recent-25.json,POP25-961,缺,FDi5TulrPG4,9614613,2026-06-02,kept,近25年熱門新歌,張敬軒 Hins Cheung / YouTube
Recent 25 Years Pop,songlists/pop-recent-25.json,POP25-962,白安,jgx-q0jYxwg,9396115,2026-06-02,kept,近25年熱門新歌,相信音樂BinMusic / YouTube
Recent 25 Years Pop,songlists/pop-recent-25.json,POP25-963,最親愛的你,HX6LvoX3Hmo,9063467,2026-06-02,kept,近25年熱門新歌,福茂唱片 / YouTube
Recent 25 Years Pop,songlists/pop-recent-25.json,POP25-964,落葉歸根,ElSO_8jo8yE,8540022,2026-06-02,kept,近25年熱門新歌,leehomwangVEVO / YouTube
Recent 25 Years Pop,songlists/pop-recent-25.json,POP25-965,風衣,cfOsmenwU6w,7696308,2026-06-02,kept,近25年熱門新歌,UNIVERSAL MUSIC TAIWAN 環球音樂 / YouTube
Recent 25 Years Pop,songlists/pop-recent-25.json,POP25-966,你,iK4k2-SGwBc,7552119,2026-06-02,kept,近25年熱門新歌,華納音樂 Warner Music Taiwan / YouTube
Recent 25 Years Pop,songlists/pop-recent-25.json,POP25-967,舞極限,XOUImj1TlHY,7279683,2026-06-02,kept,近25年熱門新歌,Show Lo's Official Channel羅志祥官方專屬頻道 / YouTube
Recent 25 Years Pop,songlists/pop-recent-25.json,POP25-968,濤,KkHp1QD12_s,7159241,2026-06-02,kept,近25年熱門新歌,MIRROR / YouTube
Recent 25 Years Pop,songlists/pop-recent-25.json,POP25-969,愛你 3000,w_1RBgR-8cU,6762664,2026-06-02,kept,近25年熱門新歌,潘瑋柏官方頻道Will Pan / YouTube
Recent 25 Years Pop,songlists/pop-recent-25.json,POP25-970,你是我心內的一首歌,AYOacfFq2fU,6594701,2026-06-02,kept,近25年熱門新歌,leehomwangVEVO / YouTube
Recent 25 Years Pop,songlists/pop-recent-25.json,POP25-971,繼續,HbHOJ_g7zYk,5938098,2026-06-02,kept,近25年熱門新歌,相信音樂BinMusic / YouTube
Recent 25 Years Pop,songlists/pop-recent-25.json,POP25-972,分開不是誰不好,YzevNaeUiHc,5829925,2026-06-02,kept,近25年熱門新歌,福茂唱片 / YouTube
Recent 25 Years Pop,songlists/pop-recent-25.json,POP25-973,天使的指紋,uOstnsehasY,5801427,2026-06-02,kept,近25年熱門新歌,UNIVERSAL MUSIC TAIWAN 環球音樂 / YouTube
Recent 25 Years Pop,songlists/pop-recent-25.json,POP25-974,粵,y4-hztQN7iY,5717785,2026-06-02,kept,近25年熱門新歌,PopSong Lyrics / YouTube
Recent 25 Years Pop,songlists/pop-recent-25.json,POP25-975,紅,9WEYFqCUze8,5664457,2026-06-02,kept,近25年熱門新歌,告五人Accusefive / YouTube
Recent 25 Years Pop,songlists/pop-recent-25.json,POP25-976,831翻白眼,qYocfeODeEM,5618900,2026-06-02,kept,近25年熱門新歌,滾石唱片 ROCK RECORDS / YouTube
Recent 25 Years Pop,songlists/pop-recent-25.json,POP25-977,擱淺的人,NhJCYJs0XIA,5549995,2026-06-02,kept,近25年熱門新歌,康士坦的變化球 KST / YouTube
Recent 25 Years Pop,songlists/pop-recent-25.json,POP25-978,少年,efKva-XmV48,5488688,2026-06-02,kept,近25年熱門新歌,HEAT MUSIC / YouTube
Recent 25 Years Pop,songlists/pop-recent-25.json,POP25-979,倒流時間,7Jhdn2riuC0,5398907,2026-06-02,kept,近25年熱門新歌,GEM鄧紫棋 / YouTube
Recent 25 Years Pop,songlists/pop-recent-25.json,POP25-980,怯,EnIknRq6InE,5315853,2026-06-02,kept,近25年熱門新歌,英皇娛樂 eeg music / YouTube
Recent 25 Years Pop,songlists/pop-recent-25.json,POP25-981,一天,62aYD2lzTgw,5255242,2026-06-02,kept,近25年熱門新歌,滾石唱片 ROCK RECORDS / YouTube
Recent 25 Years Pop,songlists/pop-recent-25.json,POP25-982,一,a3fIxwajqT8,5034131,2026-06-02,kept,近25年熱門新歌,universalmusichk / YouTube
Recent 25 Years Pop,songlists/pop-recent-25.json,POP25-983,回憶的閣樓,BKU1T8mUIRw,4815137,2026-06-02,kept,近25年熱門新歌,福茂唱片 / YouTube
Recent 25 Years Pop,songlists/pop-recent-25.json,POP25-984,該忘的日子,HO56HomZBtA,4654991,2026-06-02,kept,近25年熱門新歌,福茂唱片 / YouTube
Recent 25 Years Pop,songlists/pop-recent-25.json,POP25-985,謝謝你的溫柔,ME5ABBWdXgM,4633469,2026-06-02,kept,近25年熱門新歌,華研國際 / YouTube
Recent 25 Years Pop,songlists/pop-recent-25.json,POP25-986,大丈夫 華納,KoipVUiX-Gs,4625509,2026-06-02,kept,近25年熱門新歌,華納音樂 Warner Music Taiwan / YouTube
Recent 25 Years Pop,songlists/pop-recent-25.json,POP25-987,爱转角,I5Q9N8ZPaQY,4591588,2026-06-02,kept,近25年熱門新歌,Leo Music / YouTube
Recent 25 Years Pop,songlists/pop-recent-25.json,POP25-988,遠征,GIMEZscMzUo,4431941,2026-06-02,kept,近25年熱門新歌,Dear Jane / YouTube
Recent 25 Years Pop,songlists/pop-recent-25.json,POP25-989,獨處的時候,ts5RHGU-0aE,4353117,2026-06-02,kept,近25年熱門新歌,蘇打綠 sodagreen / YouTube
Recent 25 Years Pop,songlists/pop-recent-25.json,POP25-990,別去問他好嗎,t-_geyqFB4U,4289556,2026-06-02,kept,近25年熱門新歌,福茂唱片 / YouTube
Recent 25 Years Pop,songlists/pop-recent-25.json,POP25-991,舊行李,8ncopfHJuXs,4289151,2026-06-02,kept,近25年熱門新歌,蔡健雅 Tanya Chua / YouTube
Recent 25 Years Pop,songlists/pop-recent-25.json,POP25-992,愛無赦,obDczEBeZHk,4234739,2026-06-02,kept,近25年熱門新歌,JOLIN 蔡依林 / YouTube
Recent 25 Years Pop,songlists/pop-recent-25.json,POP25-993,忘了,4prGDD-iF30,4212635,2026-06-02,kept,近25年熱門新歌,Rainie Yang's Official Channel楊丞琳官方專屬頻道 / YouTube
Recent 25 Years Pop,songlists/pop-recent-25.json,POP25-994,好想對你說,OjcYphaTWjQ,4180482,2026-06-02,kept,近25年熱門新歌,華納音樂 Warner Music Taiwan / YouTube
Recent 25 Years Pop,songlists/pop-recent-25.json,POP25-995,追,SuSA23lwyoA,4160556,2026-06-02,kept,近25年熱門新歌,universalmusichk / YouTube
Recent 25 Years Pop,songlists/pop-recent-25.json,POP25-996,鋼鐵人,yUWAYvfQ0dA,4061758,2026-06-02,kept,近25年熱門新歌,滾石唱片 ROCK RECORDS / YouTube
Recent 25 Years Pop,songlists/pop-recent-25.json,POP25-997,狼,C7TNXR0Vfv8,3799299,2026-06-02,kept,近25年熱門新歌,福茂唱片 / YouTube
Recent 25 Years Pop,songlists/pop-recent-25.json,POP25-998,離別的規矩,YuQ7gBuhkyQ,3773890,2026-06-02,kept,近25年熱門新歌,MIRROR / YouTube
Recent 25 Years Pop,songlists/pop-recent-25.json,POP25-999,圓,h2-dP-W1gtE,3658895,2026-06-02,kept,近25年熱門新歌,universalmusichk / YouTube
Recent 25 Years Pop,songlists/pop-recent-25.json,POP25-1000,第一百個我,QXRdM9U-biI,3653357,2026-06-02,kept,近25年熱門新歌,容祖兒 Joey Yung / YouTube
Recent 25 Years Pop,songlists/pop-recent-25.json,POP25-1001,可惜不是你,AGpB2O4IY8U,3596846,2026-06-02,kept,近25年熱門新歌,柏呈昇 / YouTube
Recent 25 Years Pop,songlists/pop-recent-25.json,POP25-1002,現在已夜深,werK8KXMlcQ,3486260,2026-06-02,kept,近25年熱門新歌,warnermusichk / YouTube
Recent 25 Years Pop,songlists/pop-recent-25.json,POP25-1003,831老教室,ogn1m7gqox0,3478555,2026-06-02,kept,近25年熱門新歌,滾石唱片 ROCK RECORDS / YouTube
Recent 25 Years Pop,songlists/pop-recent-25.json,POP25-1004,男排女將,EcKNB5S2yzI,3399157,2026-06-02,kept,近25年熱門新歌,MIRROR / YouTube
Recent 25 Years Pop,songlists/pop-recent-25.json,POP25-1005,我甚麼都沒有,UTqqQqke3lw,3251425,2026-06-02,kept,近25年熱門新歌,SliyBoy / YouTube
Recent 25 Years Pop,songlists/pop-recent-25.json,POP25-1006,旅行的意義,VaHgEZcFv-Y,3193556,2026-06-02,kept,近25年熱門新歌,Polowong / YouTube
Recent 25 Years Pop,songlists/pop-recent-25.json,POP25-1007,你眼中的我,2x6bACpzo-o,3180970,2026-06-02,kept,近25年熱門新歌,福茂唱片 / YouTube
Recent 25 Years Pop,songlists/pop-recent-25.json,POP25-1008,誰,0ROch80boOs,3137809,2026-06-02,kept,近25年熱門新歌,亞神音樂娛樂 / YouTube
Recent 25 Years Pop,songlists/pop-recent-25.json,POP25-1009,雙棲動物,3zNbh04UZjc,3130549,2026-06-02,kept,近25年熱門新歌,韦礼安 - Topic / YouTube
Recent 25 Years Pop,songlists/pop-recent-25.json,POP25-1010,羅賓,ihCXYfS_Xe0,3063431,2026-06-02,kept,近25年熱門新歌,英皇娛樂 eeg music / YouTube
Recent 25 Years Pop,songlists/pop-recent-25.json,POP25-1011,跳舞的梵谷,rPNkjY9cA_M,3050509,2026-06-02,kept,近25年熱門新歌,UNIVERSAL MUSIC TAIWAN 環球音樂 / YouTube
Recent 25 Years Pop,songlists/pop-recent-25.json,POP25-1012,說到愛,uCAawcMfyvc,3050381,2026-06-02,kept,近25年熱門新歌,蔡健雅 Tanya Chua / YouTube
Recent 25 Years Pop,songlists/pop-recent-25.json,POP25-1013,下次愛你,JZpZVymOuOE,3047490,2026-06-02,kept,近25年熱門新歌,英皇娛樂 eeg music / YouTube
Recent 25 Years Pop,songlists/pop-recent-25.json,POP25-1014,砂之器,aptD-vs937c,3044877,2026-06-02,kept,近25年熱門新歌,MIRROR / YouTube
Recent 25 Years Pop,songlists/pop-recent-25.json,POP25-1015,啟程,0frEqSA8uiI,3029839,2026-06-02,kept,近25年熱門新歌,福茂唱片 / YouTube
Recent 25 Years Pop,songlists/pop-recent-25.json,POP25-1016,脆弱,BXj7vu_4F1c,3028094,2026-06-02,kept,近25年熱門新歌,universalmusichk / YouTube
Recent 25 Years Pop,songlists/pop-recent-25.json,POP25-1017,找自己,1xZede32V6c,3015337,2026-06-02,kept,近25年熱門新歌,Timeless Music / YouTube
Recent 25 Years Pop,songlists/pop-recent-25.json,POP25-1018,當你離開的時候,V_gvsvkiaLc,3008371,2026-06-02,kept,近25年熱門新歌,亞神音樂娛樂 / YouTube
Recent 25 Years Pop,songlists/pop-recent-25.json,POP25-1019,关键词,vQhNsoGlJSg,3006400,2026-06-02,kept,近25年熱門新歌,GM Lyric / YouTube
Recent 25 Years Pop,songlists/pop-recent-25.json,POP25-1020,一秒間,Q3nRL7FdtX0,3001933,2026-06-02,kept,近25年熱門新歌,MIRROR / YouTube
Recent 25 Years Pop,songlists/pop-recent-25.json,POP25-1021,我不會唱歌,0-40QqcRAFU,2981509,2026-06-02,kept,近25年熱門新歌,Timeless Music / YouTube
Recent 25 Years Pop,songlists/pop-recent-25.json,POP25-1022,愛無畏,o3IrlF6NpGU,2963397,2026-06-02,kept,近25年熱門新歌,loveelva0824 / YouTube
Recent 25 Years Pop,songlists/pop-recent-25.json,POP25-1023,煙霞,2B-VtFNtGeY,2962504,2026-06-02,kept,近25年熱門新歌,英皇娛樂 eeg music / YouTube
Recent 25 Years Pop,songlists/pop-recent-25.json,POP25-1024,半岛铁盒,nzGi7S6MWcw,2954549,2026-06-02,kept,近25年熱門新歌,GM Lyric / YouTube
Recent 25 Years Pop,songlists/pop-recent-25.json,POP25-1025,鑿,DcfYmAeSwS8,2952575,2026-06-02,kept,近25年熱門新歌,MIRROR / YouTube
Recent 25 Years Pop,songlists/pop-recent-25.json,POP25-1026,悲觀主義,kHpypVzC4rs,2940544,2026-06-02,kept,近25年熱門新歌,MIRROR / YouTube
Recent 25 Years Pop,songlists/pop-recent-25.json,POP25-1027,日出時讓街燈安睡,NAvdF2hFgtU,2926395,2026-06-02,kept,近25年熱門新歌,universalmusichk / YouTube
Recent 25 Years Pop,songlists/pop-recent-25.json,POP25-1028,何妨,lfkUOzUnZxk,2903230,2026-06-02,kept,近25年熱門新歌,相信音樂BinMusic / YouTube
Recent 25 Years Pop,songlists/pop-recent-25.json,POP25-1029,黃色大門,DWEqVaXNYC8,2873525,2026-06-02,kept,近25年熱門新歌,張敬軒 Hins Cheung / YouTube
Recent 25 Years Pop,songlists/pop-recent-25.json,POP25-1030,澀女郎,ms9CcQXYj3s,2870103,2026-06-02,kept,近25年熱門新歌,滾石唱片 ROCK RECORDS / YouTube
Recent 25 Years Pop,songlists/pop-recent-25.json,POP25-1031,往未來飛的客機,NwpkhhLobTs,2859247,2026-06-02,kept,近25年熱門新歌,福茂唱片 / YouTube
Recent 25 Years Pop,songlists/pop-recent-25.json,POP25-1032,聽說愛情回來過,DAUvXGzCoOg,2855344,2026-06-02,kept,近25年熱門新歌,JOLIN 蔡依林 / YouTube
Recent 25 Years Pop,songlists/pop-recent-25.json,POP25-1033,離心力,2203HZpe0_Q,2846732,2026-06-02,kept,近25年熱門新歌,GEM鄧紫棋 / YouTube
Recent 25 Years Pop,songlists/pop-recent-25.json,POP25-1034,月色魔美,YwO_BS0s-0A,2838988,2026-06-02,kept,近25年熱門新歌,Serrini / YouTube
Recent 25 Years Pop,songlists/pop-recent-25.json,POP25-1035,飛女正傳,yNCUL8a6WKE,2836533,2026-06-02,kept,近25年熱門新歌,sungsskw2 / YouTube
Recent 25 Years Pop,songlists/pop-recent-25.json,POP25-1036,你帶著我的青春離去,PeeBxw8at5I,2830390,2026-06-02,kept,近25年熱門新歌,JW 王灝兒 / YouTube
Recent 25 Years Pop,songlists/pop-recent-25.json,POP25-1037,每一天都不同,0ZJ5ueYy-j4,2829853,2026-06-02,kept,近25年熱門新歌,福茂唱片 / YouTube
Recent 25 Years Pop,songlists/pop-recent-25.json,POP25-1038,大開眼界,NyHCNKrmvII,2825479,2026-06-02,kept,近25年熱門新歌,TVB Music Group / YouTube
Recent 25 Years Pop,songlists/pop-recent-25.json,POP25-1039,聖誕歌,w2TKf1U5ZEo,2824543,2026-06-02,kept,近25年熱門新歌,ToNick / YouTube
Recent 25 Years Pop,songlists/pop-recent-25.json,POP25-1040,不想去遠方,niODJg-D7Hk,2805213,2026-06-02,kept,近25年熱門新歌,添翼音樂 TEAM EAR MUSIC / YouTube
Recent 25 Years Pop,songlists/pop-recent-25.json,POP25-1041,人妻的偽術,8wDFWZYvfPc,2793109,2026-06-02,kept,近25年熱門新歌,幻·國 imagine.nation / YouTube
Recent 25 Years Pop,songlists/pop-recent-25.json,POP25-1042,癢癢,H-4HFyGs3NY,2774762,2026-06-02,kept,近25年熱門新歌,八三夭 831 / YouTube
Recent 25 Years Pop,songlists/pop-recent-25.json,POP25-1043,坐看雲起時,YNf-OgiDDpA,2768170,2026-06-02,kept,近25年熱門新歌,MIRROR / YouTube
Recent 25 Years Pop,songlists/pop-recent-25.json,POP25-1044,寧願當初不相見,jkZSY0-5U5c,2745275,2026-06-02,kept,近25年熱門新歌,Dear Jane / YouTube
Recent 25 Years Pop,songlists/pop-recent-25.json,POP25-1045,愛回家,6mP8ZSnDFK8,2732076,2026-06-02,kept,近25年熱門新歌,古巨基 Leo Ku / YouTube
Recent 25 Years Pop,songlists/pop-recent-25.json,POP25-1046,人生尾路,0G3bmGOoajI,2729900,2026-06-02,kept,近25年熱門新歌,滅火器 Fire EX. / YouTube
Recent 25 Years Pop,songlists/pop-recent-25.json,POP25-1047,我在流浮山滴眼水.jpg,nKtl5AfxoA4,2722379,2026-06-02,kept,近25年熱門新歌,Serrini / YouTube
Recent 25 Years Pop,songlists/pop-recent-25.json,POP25-1048,我不是你的那首情歌,NcinenfImbY,2720262,2026-06-02,kept,近25年熱門新歌,福茂唱片 / YouTube
Recent 25 Years Pop,songlists/pop-recent-25.json,POP25-1049,請問你敢欲做我的,4Z6qpvMpSMM,2714742,2026-06-02,kept,近25年熱門新歌,茄子蛋EggPlantEgg / YouTube
Recent 25 Years Pop,songlists/pop-recent-25.json,POP25-1050,牆外的風景,hMfInl-v1E4,2709914,2026-06-02,kept,近25年熱門新歌,蘇打綠 sodagreen / YouTube
Recent 25 Years Pop,songlists/pop-recent-25.json,POP25-1051,深化危機,9XKyKkE5PMQ,2708764,2026-06-02,kept,近25年熱門新歌,Dear Jane / YouTube
Recent 25 Years Pop,songlists/pop-recent-25.json,POP25-1052,飛機場的10,GurozK-HRTw,2704021,2026-06-02,kept,近25年熱門新歌,Timeless Music / YouTube
Recent 25 Years Pop,songlists/pop-recent-25.json,POP25-1053,很堅強,o0qy3Oe2pOY,2703179,2026-06-02,kept,近25年熱門新歌,universalmusichk / YouTube
Recent 25 Years Pop,songlists/pop-recent-25.json,POP25-1054,好久不见,L8BW7LCnixE,2691607,2026-06-02,kept,近25年熱門新歌,GM Lyric / YouTube
Recent 25 Years Pop,songlists/pop-recent-25.json,POP25-1055,夏夜煙火,pkbqFhlQFbc,2691517,2026-06-02,kept,近25年熱門新歌,理想混蛋 Bestards / YouTube
Recent 25 Years Pop,songlists/pop-recent-25.json,POP25-1056,秋葉緣,LBY8jgAnL4E,2688487,2026-06-02,kept,近25年熱門新歌,林家謙 Terence Lam / YouTube
Recent 25 Years Pop,songlists/pop-recent-25.json,POP25-1057,要一起,aeNw8CH4b8M,2687329,2026-06-02,kept,近25年熱門新歌,JJY Music / YouTube
Recent 25 Years Pop,songlists/pop-recent-25.json,POP25-1058,流行歌曲,AOkFpYLJh2I,2680840,2026-06-02,kept,近25年熱門新歌,李榮浩 Ronghao Li / YouTube
Recent 25 Years Pop,songlists/pop-recent-25.json,POP25-1059,明天我在你⾝邊,UGwsoI5HIdw,2676882,2026-06-02,kept,近25年熱門新歌,周興哲 Eric Chou / YouTube
Recent 25 Years Pop,songlists/pop-recent-25.json,POP25-1060,無答案,4VO_ZJ3H8E8,2676350,2026-06-02,kept,近25年熱門新歌,林家謙 Terence Lam / YouTube
Recent 25 Years Pop,songlists/pop-recent-25.json,POP25-1061,純銀子彈,E_uCTlKy2yo,2666584,2026-06-02,kept,近25年熱門新歌,MIRROR / YouTube
Recent 25 Years Pop,songlists/pop-recent-25.json,POP25-1062,飛輪海,bJpivSUfFew,2656370,2026-06-02,kept,近25年熱門新歌,Bill Bounce / YouTube
Recent 25 Years Pop,songlists/pop-recent-25.json,POP25-1063,風起了,O3gMRT1MTGg,2650881,2026-06-02,kept,近25年熱門新歌,英皇娛樂 eeg music / YouTube
Recent 25 Years Pop,songlists/pop-recent-25.json,POP25-1064,過客別墅,_N9D8AR9Qxo,2634491,2026-06-02,kept,近25年熱門新歌,英皇娛樂 eeg music / YouTube
Recent 25 Years Pop,songlists/pop-recent-25.json,POP25-1065,笑住喊,T3Mo0NP2O0w,2590602,2026-06-02,kept,近25年熱門新歌,Gareth.T / YouTube
Recent 25 Years Pop,songlists/pop-recent-25.json,POP25-1066,做伙,0syeyyTBDOU,2588766,2026-06-02,kept,近25年熱門新歌,Show Lo's Official Channel羅志祥官方專屬頻道 / YouTube
Recent 25 Years Pop,songlists/pop-recent-25.json,POP25-1067,一水兩方,yeZ3pnh1hHg,2578806,2026-06-02,kept,近25年熱門新歌,TVB Music Group / YouTube
Recent 25 Years Pop,songlists/pop-recent-25.json,POP25-1068,全世界會唱的歌,UltQwe345LA,2556101,2026-06-02,kept,近25年熱門新歌,陶喆 David Tao / YouTube
Recent 25 Years Pop,songlists/pop-recent-25.json,POP25-1069,江靜,Ndl8QKr3sOQ,2549701,2026-06-02,kept,近25年熱門新歌,滾石唱片 ROCK RECORDS / YouTube
Recent 25 Years Pop,songlists/pop-recent-25.json,POP25-1070,最好不過,-sMQFjQWYoA,2545471,2026-06-02,kept,近25年熱門新歌,warnermusichk / YouTube
Recent 25 Years Pop,songlists/pop-recent-25.json,POP25-1071,在最好的時間做最好的你,DRJAZQHPJkY,2534621,2026-06-02,kept,近25年熱門新歌,Jay Fung 馮允謙 / YouTube
Recent 25 Years Pop,songlists/pop-recent-25.json,POP25-1072,薜凱琪 奇洛李維斯回信,5z-ICPhWXKA,2527324,2026-06-02,kept,近25年熱門新歌,ShermonKan / YouTube
Recent 25 Years Pop,songlists/pop-recent-25.json,POP25-1073,三人遊,TRzwna3cU5M,2518469,2026-06-02,kept,近25年熱門新歌,warnermusichk / YouTube
Recent 25 Years Pop,songlists/pop-recent-25.json,POP25-1074,李荣浩全新自作曲不遗憾,N0Wqhbq1Q7Y,2508636,2026-06-02,kept,近25年熱門新歌,TME_official / YouTube
Recent 25 Years Pop,songlists/pop-recent-25.json,POP25-1075,島嶼天光,riNecvPcmTE,2497614,2026-06-02,kept,近25年熱門新歌,Fire EX. - Topic / YouTube
Recent 25 Years Pop,songlists/pop-recent-25.json,POP25-1076,音樂,yZmwvfam9oE,2492117,2026-06-02,kept,近25年熱門新歌,Yan / YouTube
Recent 25 Years Pop,songlists/pop-recent-25.json,POP25-1077,油尖旺金毛玲,HJ8FREaoyVo,2487363,2026-06-02,kept,近25年熱門新歌,Serrini / YouTube
Recent 25 Years Pop,songlists/pop-recent-25.json,POP25-1078,這個姿態,ZnTv-D6p_tM,2477340,2026-06-02,kept,近25年熱門新歌,Chantel Yiu 姚焯菲 / YouTube
Recent 25 Years Pop,songlists/pop-recent-25.json,POP25-1079,男人信什麼,Q2GBzPZXR7Q,2475103,2026-06-02,kept,近25年熱門新歌,AMusic Official Channel / YouTube
Recent 25 Years Pop,songlists/pop-recent-25.json,POP25-1080,想你想你,8IQmnD85nZc,2465824,2026-06-02,kept,近25年熱門新歌,Timeless Music / YouTube
Recent 25 Years Pop,songlists/pop-recent-25.json,POP25-1081,掛住你,8XW9L2nTD74,2464705,2026-06-02,kept,近25年熱門新歌,AMusic Official Channel / YouTube
Recent 25 Years Pop,songlists/pop-recent-25.json,POP25-1082,有你真好,5Q2r-tNQo4k,2453874,2026-06-02,kept,近25年熱門新歌,福茂唱片 / YouTube
Recent 25 Years Pop,songlists/pop-recent-25.json,POP25-1083,念,heEjOa_-lw0,2449983,2026-06-02,kept,近25年熱門新歌,陳蕾Panther Chan / YouTube
Recent 25 Years Pop,songlists/pop-recent-25.json,POP25-1084,失戀的意義,5jkLqRSNukA,2444352,2026-06-02,kept,近25年熱門新歌,warnermusichk / YouTube
Recent 25 Years Pop,songlists/pop-recent-25.json,POP25-1085,自作自受,lZ78JpU2wms,2444193,2026-06-02,kept,近25年熱門新歌,Rainie Yang's Official Channel楊丞琳官方專屬頻道 / YouTube
Recent 25 Years Pop,songlists/pop-recent-25.json,POP25-1086,神的不在場證明,e_8z97iV2cI,2443686,2026-06-02,kept,近25年熱門新歌,陳蕾Panther Chan / YouTube
Recent 25 Years Pop,songlists/pop-recent-25.json,POP25-1087,四不像,zBfPGhntXXU,2440520,2026-06-02,kept,近25年熱門新歌,英皇娛樂 eeg music / YouTube
Recent 25 Years Pop,songlists/pop-recent-25.json,POP25-1088,雲裳羽衣曲,E2bpviMgPLk,2440384,2026-06-02,kept,近25年熱門新歌,JJY Music / YouTube
Recent 25 Years Pop,songlists/pop-recent-25.json,POP25-1089,愛一點,blHmXV6HKow,2437456,2026-06-02,kept,近25年熱門新歌,王力宏 Wang Leehom / YouTube
Recent 25 Years Pop,songlists/pop-recent-25.json,POP25-1090,十二月的妳,SxbW2uGTWxU,2428067,2026-06-02,kept,近25年熱門新歌,滅火器 Fire EX. / YouTube
Recent 25 Years Pop,songlists/pop-recent-25.json,POP25-1091,最難行的路,lOwNC-JqUOc,2427381,2026-06-02,kept,近25年熱門新歌,寰亞音樂 Media Asia Music Official Channel / YouTube
Recent 25 Years Pop,songlists/pop-recent-25.json,POP25-1092,在月蝕裡抱緊我,E6WMrCdC_rs,2402547,2026-06-02,kept,近25年熱門新歌,JJ Lin林俊傑 / YouTube
Recent 25 Years Pop,songlists/pop-recent-25.json,POP25-1093,出道一年作品,Yvh7mMddF2o,2382777,2026-06-02,kept,近25年熱門新歌,MIRROR / YouTube
Recent 25 Years Pop,songlists/pop-recent-25.json,POP25-1094,冬季限定,2aMDpiBI-Ls,2378162,2026-06-02,kept,近25年熱門新歌,林家謙 Terence Lam / YouTube
Recent 25 Years Pop,songlists/pop-recent-25.json,POP25-1095,💎创造营2021,UUWCKavWpGU,2373408,2026-06-02,kept,近25年熱門新歌,综艺Show / YouTube
Recent 25 Years Pop,songlists/pop-recent-25.json,POP25-1096,揮著翅膀的女孩,dZTMHYCn_rM,2367404,2026-06-02,kept,近25年熱門新歌,daybyday / YouTube
Recent 25 Years Pop,songlists/pop-recent-25.json,POP25-1097,發現號,wZD_qQ81l3Q,2363282,2026-06-02,kept,近25年熱門新歌,Timeless Music Hong Kong天碟 / YouTube
Recent 25 Years Pop,songlists/pop-recent-25.json,POP25-1098,靈魂伴侶,Gm0BOJ2i9c4,2358101,2026-06-02,kept,近25年熱門新歌,Chantel Yiu 姚焯菲 / YouTube
Recent 25 Years Pop,songlists/pop-recent-25.json,POP25-1099,浮床,EkfV3oRqduU,2351411,2026-06-02,kept,近25年熱門新歌,Dear Jane / YouTube
Recent 25 Years Pop,songlists/pop-recent-25.json,POP25-1100,找對的人,0Fies_cvGyw,2344675,2026-06-02,kept,近25年熱門新歌,英皇娛樂 eeg music / YouTube
Recent 25 Years Pop,songlists/pop-recent-25.json,POP25-1101,浪漫血液,QjvOYIzarsQ,2337638,2026-06-02,kept,近25年熱門新歌,GM Lyric / YouTube
Recent 25 Years Pop,songlists/pop-recent-25.json,POP25-1102,讓世界暫停一分鐘,wpyVeB9y0ok,2323217,2026-06-02,kept,近25年熱門新歌,GEM鄧紫棋 / YouTube
Recent 25 Years Pop,songlists/pop-recent-25.json,POP25-1103,當,_OV5pgks4Yg,2322708,2026-06-02,kept,近25年熱門新歌,华语歌曲频道 / YouTube
Recent 25 Years Pop,songlists/pop-recent-25.json,POP25-1104,時日如飛,J7QzKv5CsDU,2318978,2026-06-02,kept,近25年熱門新歌,寰亞音樂 Media Asia Music Official Channel / YouTube
Recent 25 Years Pop,songlists/pop-recent-25.json,POP25-1105,免疫體,OpEli2T3TD8,2310306,2026-06-02,kept,近25年熱門新歌,Rainie Yang's Official Channel楊丞琳官方專屬頻道 / YouTube
Recent 25 Years Pop,songlists/pop-recent-25.json,POP25-1106,夏日之子,Dgd8sUGEFR8,2305715,2026-06-02,kept,近25年熱門新歌,林家謙 Terence Lam / YouTube
Recent 25 Years Pop,songlists/pop-recent-25.json,POP25-1107,名字,iOCGmOYrmaU,2303067,2026-06-02,kept,近25年熱門新歌,李榮浩 Ronghao Li / YouTube
Recent 25 Years Pop,songlists/pop-recent-25.json,POP25-1108,oaeen沙發裡有沙發Radio,2HwQQwDWO2s,2297257,2026-06-02,kept,近25年熱門新歌,sodagreen_aka_oaeen / YouTube
Recent 25 Years Pop,songlists/pop-recent-25.json,POP25-1109,費洛蒙小姐,2cX7SzDSA5o,2293844,2026-06-02,kept,近25年熱門新歌,吳青峰 Wu Qing Feng / YouTube
Recent 25 Years Pop,songlists/pop-recent-25.json,POP25-1110,逾越生死,XRvUzyJEswM,2292649,2026-06-02,kept,近25年熱門新歌,寰亞音樂 Media Asia Music Official Channel / YouTube
Recent 25 Years Pop,songlists/pop-recent-25.json,POP25-1111,載我走,wboL_3_StIA,2290239,2026-06-02,kept,近25年熱門新歌,universalmusichk / YouTube
Recent 25 Years Pop,songlists/pop-recent-25.json,POP25-1112,逃避你,nItRWSfqjIA,2281005,2026-06-02,kept,近25年熱門新歌,英皇娛樂 eeg music / YouTube
Recent 25 Years Pop,songlists/pop-recent-25.json,POP25-1113,我們的紀念日,VWz3YP-mzN0,2269593,2026-06-02,kept,近25年熱門新歌,福茂唱片 / YouTube
Recent 25 Years Pop,songlists/pop-recent-25.json,POP25-1114,一起來唱歌,4aizyAaIRrA,2265242,2026-06-02,kept,近25年熱門新歌,A-Lin官方專屬頻道 / YouTube
Recent 25 Years Pop,songlists/pop-recent-25.json,POP25-1115,時辰未到,-Wtdy8OC74o,2262135,2026-06-02,kept,近25年熱門新歌,Pakho Chau周柏豪 / YouTube
Recent 25 Years Pop,songlists/pop-recent-25.json,POP25-1116,家,tXu-4BcZfE0,2254507,2026-06-02,kept,近25年熱門新歌,添翼音樂 TEAM EAR MUSIC / YouTube
Recent 25 Years Pop,songlists/pop-recent-25.json,POP25-1117,你就不要想起我,YG6oBjs-VFQ,2243546,2026-06-02,kept,近25年熱門新歌,Faye / YouTube
Recent 25 Years Pop,songlists/pop-recent-25.json,POP25-1118,雨天,_zMR-JJMIIE,2240760,2026-06-02,kept,近25年熱門新歌,Timeless Music / YouTube
Recent 25 Years Pop,songlists/pop-recent-25.json,POP25-1119,潛規則,Ev-m58KarRE,2234241,2026-06-02,kept,近25年熱門新歌,LaLa 徐佳瑩 / YouTube
Recent 25 Years Pop,songlists/pop-recent-25.json,POP25-1120,離開,MKnCuIQcL-Q,2226925,2026-06-02,kept,近25年熱門新歌,福茂唱片 / YouTube
Recent 25 Years Pop,songlists/pop-recent-25.json,POP25-1121,午夜夢迴,qc2WfAZqCE0,2226525,2026-06-02,kept,近25年熱門新歌,TRASH Band / YouTube
Recent 25 Years Pop,songlists/pop-recent-25.json,POP25-1122,一天多一點,DJFO6BXUNB4,2215563,2026-06-02,kept,近25年熱門新歌,MIRROR / YouTube
Recent 25 Years Pop,songlists/pop-recent-25.json,POP25-1123,那些花兒,8qIEmtq4K2k,2200414,2026-06-02,kept,近25年熱門新歌,福茂唱片 / YouTube
Recent 25 Years Pop,songlists/pop-recent-25.json,POP25-1124,求救的勇氣,fFWntYVQ_gg,2194417,2026-06-02,kept,近25年熱門新歌,陳蕾Panther Chan / YouTube
Recent 25 Years Pop,songlists/pop-recent-25.json,POP25-1125,自毀的程序,s1A72XnJDo0,2189439,2026-06-02,kept,近25年熱門新歌,Jer Lau - Topic / YouTube
Recent 25 Years Pop,songlists/pop-recent-25.json,POP25-1126,十年後的我,P0m_fGuDoWo,2173455,2026-06-02,kept,近25年熱門新歌,Fiona Sit薛凱琪 / YouTube
Recent 25 Years Pop,songlists/pop-recent-25.json,POP25-1127,演员,HeXxxZzMH7k,2160579,2026-06-02,kept,近25年熱門新歌,腾讯视频 - Get the WeTV APP / YouTube
Recent 25 Years Pop,songlists/pop-recent-25.json,POP25-1128,能給的只有那麼多,Txz3rD9spfA,2158418,2026-06-02,kept,近25年熱門新歌,TRASH Band / YouTube
Recent 25 Years Pop,songlists/pop-recent-25.json,POP25-1129,我還在你的夢裡嗎,GIWe8gTM5sQ,2157897,2026-06-02,kept,近25年熱門新歌,持修ChihSiou / YouTube
Recent 25 Years Pop,songlists/pop-recent-25.json,POP25-1130,我不想念,4r2GjbkMHYM,2151965,2026-06-02,kept,近25年熱門新歌,相信音樂BinMusic / YouTube
Recent 25 Years Pop,songlists/pop-recent-25.json,POP25-1131,聖誕很忙,Co5Y8jQ1Vc4,2143596,2026-06-02,kept,近25年熱門新歌,FHProductionHK / YouTube
Recent 25 Years Pop,songlists/pop-recent-25.json,POP25-1132,還有什麼好在意,CoWNrsUjvuM,2141482,2026-06-02,kept,近25年熱門新歌,福茂唱片 / YouTube
Recent 25 Years Pop,songlists/pop-recent-25.json,POP25-1133,第三類接觸,EgiKnGO2NHY,2132255,2026-06-02,kept,近25年熱門新歌,潘瑋柏官方頻道Will Pan / YouTube
Recent 25 Years Pop,songlists/pop-recent-25.json,POP25-1134,咖啡因眼淚,zaocnHsO5hI,2127765,2026-06-02,kept,近25年熱門新歌,Dear Jane / YouTube
Recent 25 Years Pop,songlists/pop-recent-25.json,POP25-1135,花園裡的流星雨,gmrQire09TM,2127656,2026-06-02,kept,近25年熱門新歌,Karencici / YouTube
Recent 25 Years Pop,songlists/pop-recent-25.json,POP25-1136,風旅,PDaFr4dJmmA,2116551,2026-06-02,kept,近25年熱門新歌,Gigi Yim 炎明熹 / YouTube
Recent 25 Years Pop,songlists/pop-recent-25.json,POP25-1137,迴光物語,Ln_h8IxXY9w,2115175,2026-06-02,kept,近25年熱門新歌,MIRROR / YouTube
Recent 25 Years Pop,songlists/pop-recent-25.json,POP25-1138,顏色,Rvj-o2fNFWk,2115072,2026-06-02,kept,近25年熱門新歌,Gareth.T / YouTube
Recent 25 Years Pop,songlists/pop-recent-25.json,POP25-1139,報復式浪漫,k2W2RGDOtaw,2107132,2026-06-02,kept,近25年熱門新歌,Jay Fung 馮允謙 / YouTube
Recent 25 Years Pop,songlists/pop-recent-25.json,POP25-1140,不還,6TdIE6QaNSo,2101266,2026-06-02,kept,近25年熱門新歌,福茂唱片 / YouTube
Recent 25 Years Pop,songlists/pop-recent-25.json,POP25-1141,若,q7hGRaBKYJY,2101131,2026-06-02,kept,近25年熱門新歌,universalmusichk / YouTube
Recent 25 Years Pop,songlists/pop-recent-25.json,POP25-1142,我想和你好好的,fZSgY842Uq0,2097135,2026-06-02,kept,近25年熱門新歌,陳蕾Panther Chan / YouTube
Recent 25 Years Pop,songlists/pop-recent-25.json,POP25-1143,有一說一,zh5AR_-Jo8I,2097095,2026-06-02,kept,近25年熱門新歌,持修ChihSiou / YouTube
Recent 25 Years Pop,songlists/pop-recent-25.json,POP25-1144,控制狂,Wf9Ui3M2mdU,2096772,2026-06-02,kept,近25年熱門新歌,蘇打綠 sodagreen / YouTube
Recent 25 Years Pop,songlists/pop-recent-25.json,POP25-1145,分手看看,eZ8EyTQT6tM,2074531,2026-06-02,kept,近25年熱門新歌,福茂唱片 / YouTube
Recent 25 Years Pop,songlists/pop-recent-25.json,POP25-1146,漸漸我們,J6nmZUNWJfE,2066944,2026-06-02,kept,近25年熱門新歌,MIRROR / YouTube
Recent 25 Years Pop,songlists/pop-recent-25.json,POP25-1147,對得起自己,cczd_wwbAWI,2043836,2026-06-02,kept,近25年熱門新歌,jasonchanVEVO / YouTube
Recent 25 Years Pop,songlists/pop-recent-25.json,POP25-1148,上次講到,fLN7beux2bs,2041074,2026-06-02,kept,近25年熱門新歌,warnermusichk / YouTube
Recent 25 Years Pop,songlists/pop-recent-25.json,POP25-1149,一格格,N1jdWcmEv0Q,2038661,2026-06-02,kept,近25年熱門新歌,warnermusichk / YouTube
Recent 25 Years Pop,songlists/pop-recent-25.json,POP25-1150,遺書,HyPkStVuLXU,2038247,2026-06-02,kept,近25年熱門新歌,蔡健雅 Tanya Chua / YouTube
Recent 25 Years Pop,songlists/pop-recent-25.json,POP25-1151,說再見了吧,v8sinYESj0E,2034588,2026-06-02,kept,近25年熱門新歌,Supper Moment / YouTube
Recent 25 Years Pop,songlists/pop-recent-25.json,POP25-1152,顛倒世界,BnaDsowi1NM,2010097,2026-06-02,kept,近25年熱門新歌,八三夭 831 / YouTube
Recent 25 Years Pop,songlists/pop-recent-25.json,POP25-1153,如果青春不會有盡頭,1QUsmcZtlTE,1986131,2026-06-02,kept,近25年熱門新歌,黃淑蔓 Feanna Wong / YouTube
Recent 25 Years Pop,songlists/pop-recent-25.json,POP25-1154,不能跟情人說的話,faHyARobAfw,1985703,2026-06-02,kept,近25年熱門新歌,福茂唱片 / YouTube
Recent 25 Years Pop,songlists/pop-recent-25.json,POP25-1155,火力全開,t-uUdbCR32I,1985575,2026-06-02,kept,近25年熱門新歌,leehomwangVEVO / YouTube
Recent 25 Years Pop,songlists/pop-recent-25.json,POP25-1156,你還要我怎樣,jwkd9wh59us,1965909,2026-06-02,kept,近25年熱門新歌,薛之謙 JokerXue / YouTube
Recent 25 Years Pop,songlists/pop-recent-25.json,POP25-1157,瀟灑小姐,CdaS3ARH9Nw,1964001,2026-06-02,kept,近25年熱門新歌,Timeless Music / YouTube
Recent 25 Years Pop,songlists/pop-recent-25.json,POP25-1158,樣子,08BdlmD2YMM,1919608,2026-06-02,kept,近25年熱門新歌,孫燕姿 Sun Yanzi / YouTube
Recent 25 Years Pop,songlists/pop-recent-25.json,POP25-1159,我好像在哪見過你,XK0-l7tML9s,1914620,2026-06-02,kept,近25年熱門新歌,薛之謙 JokerXue / YouTube
Recent 25 Years Pop,songlists/pop-recent-25.json,POP25-1160,烏托邦,s0_DWygI6NA,1910101,2026-06-02,kept,近25年熱門新歌,TVB Music Group / YouTube
Recent 25 Years Pop,songlists/pop-recent-25.json,POP25-1161,自由意志,GzxOLFOmgHg,1908068,2026-06-02,kept,近25年熱門新歌,warnermusichk / YouTube
Recent 25 Years Pop,songlists/pop-recent-25.json,POP25-1162,愛沒有錯,o0WomLGknHA,1903884,2026-06-02,kept,近25年熱門新歌,蕭亞軒Elva Hsiao / YouTube
Recent 25 Years Pop,songlists/pop-recent-25.json,POP25-1163,這首歌,AUOlxbxvp8k,1901804,2026-06-02,kept,近25年熱門新歌,蕭敬騰 Jam Hsiao / YouTube
Recent 25 Years Pop,songlists/pop-recent-25.json,POP25-1164,無名指,mK491w1UUuw,1894785,2026-06-02,kept,近25年熱門新歌,MIRROR / YouTube
Recent 25 Years Pop,songlists/pop-recent-25.json,POP25-1165,同行,HjA8JMYrZoY,1893535,2026-06-02,kept,近25年熱門新歌,warnermusichk / YouTube
Recent 25 Years Pop,songlists/pop-recent-25.json,POP25-1166,背後女人,GavrNh8Z5rs,1890357,2026-06-02,kept,近25年熱門新歌,Pakho Chau周柏豪 / YouTube
Recent 25 Years Pop,songlists/pop-recent-25.json,POP25-1167,給女兒,ETmiY7ARkL4,1872675,2026-06-02,kept,近25年熱門新歌,滅火器 Fire EX. / YouTube
Recent 25 Years Pop,songlists/pop-recent-25.json,POP25-1168,被自己綁架,DZNiCEDv_fQ,1868722,2026-06-02,kept,近25年熱門新歌,Rainie Yang's Official Channel楊丞琳官方專屬頻道 / YouTube
Recent 25 Years Pop,songlists/pop-recent-25.json,POP25-1169,世界與你無關,fN6eXrbxQFI,1856909,2026-06-02,kept,近25年熱門新歌,陳蕾Panther Chan / YouTube
Recent 25 Years Pop,songlists/pop-recent-25.json,POP25-1170,月光奏明曲,-pTAydLR4K4,1852584,2026-06-02,kept,近25年熱門新歌,MIRROR / YouTube
Recent 25 Years Pop,songlists/pop-recent-25.json,POP25-1171,刪拾,8rueHdrzRRs,1849116,2026-06-02,kept,近25年熱門新歌,Rainie Yang's Official Channel楊丞琳官方專屬頻道 / YouTube
Recent 25 Years Pop,songlists/pop-recent-25.json,POP25-1172,念念又不忘,2m8z_F_j7gk,1835473,2026-06-02,kept,近25年熱門新歌,李榮浩 Ronghao Li / YouTube
Recent 25 Years Pop,songlists/pop-recent-25.json,POP25-1173,思念即地獄,a1_inIrS0ag,1822070,2026-06-02,kept,近25年熱門新歌,Jay Fung 馮允謙 / YouTube
Recent 25 Years Pop,songlists/pop-recent-25.json,POP25-1174,屬於你,y1j9Zeby18w,1818427,2026-06-02,kept,近25年熱門新歌,理想混蛋 Bestards / YouTube
Recent 25 Years Pop,songlists/pop-recent-25.json,POP25-1175,天變地變情不變,Pr4qPD2G9jo,1801292,2026-06-02,kept,近25年熱門新歌,universalmusichk / YouTube
Recent 25 Years Pop,songlists/pop-recent-25.json,POP25-1176,聽風,GOoRxCVCE-k,1798222,2026-06-02,kept,近25年熱門新歌,林家謙 Terence Lam / YouTube
Recent 25 Years Pop,songlists/pop-recent-25.json,POP25-1177,自我感覺還好,9MN5-Nu1L_8,1797184,2026-06-02,kept,近25年熱門新歌,universalmusichk / YouTube
Recent 25 Years Pop,songlists/pop-recent-25.json,POP25-1178,深夜浪漫,EMPUP9Ph8q0,1784300,2026-06-02,kept,近25年熱門新歌,張蔓姿 Gigi Cheung / YouTube
Recent 25 Years Pop,songlists/pop-recent-25.json,POP25-1179,複製人,BaowTGQhnZg,1781993,2026-06-02,kept,近25年熱門新歌,華納音樂 Warner Music Taiwan / YouTube
Recent 25 Years Pop,songlists/pop-recent-25.json,POP25-1180,傷風,DDiVLYGwemU,1781823,2026-06-02,kept,近25年熱門新歌,吳青峰 Wu Qing Feng / YouTube
Recent 25 Years Pop,songlists/pop-recent-25.json,POP25-1181,透光者,JIQj4w3XzKM,1772928,2026-06-02,kept,近25年熱門新歌,TVB Music Group / YouTube
Recent 25 Years Pop,songlists/pop-recent-25.json,POP25-1182,剪爱,Pp0rFBUJ9Yw,1772597,2026-06-02,kept,近25年熱門新歌,小雅看综艺 / YouTube
Recent 25 Years Pop,songlists/pop-recent-25.json,POP25-1183,大人,Lh_pbcAxhhU,1772101,2026-06-02,kept,近25年熱門新歌,梁靜茹  Fish Leong / YouTube
Recent 25 Years Pop,songlists/pop-recent-25.json,POP25-1184,回甘,wMkQ0tqdVqA,1755675,2026-06-02,kept,近25年熱門新歌,TVB Music Group / YouTube
Recent 25 Years Pop,songlists/pop-recent-25.json,POP25-1185,綻放,ywAEgYPAI1U,1753912,2026-06-02,kept,近25年熱門新歌,TRASH Band / YouTube
Recent 25 Years Pop,songlists/pop-recent-25.json,POP25-1186,海洋之心,ftuT8XmHj78,1740802,2026-06-02,kept,近25年熱門新歌,T. VanessaB / YouTube
Recent 25 Years Pop,songlists/pop-recent-25.json,POP25-1187,時差,WFPTlDdNJhQ,1732448,2026-06-02,kept,近25年熱門新歌,officialKOLORvids / YouTube
Recent 25 Years Pop,songlists/pop-recent-25.json,POP25-1188,逆流之歌,l437aFu-29g,1710902,2026-06-02,kept,近25年熱門新歌,One Cool Film / YouTube
Recent 25 Years Pop,songlists/pop-recent-25.json,POP25-1189,懦弱,b7JzTgqyavk,1703350,2026-06-02,kept,近25年熱門新歌,TRASH Band / YouTube
Recent 25 Years Pop,songlists/pop-recent-25.json,POP25-1190,当你,DXSqDXeGgm4,1700012,2026-06-02,kept,近25年熱門新歌,GM Lyric / YouTube
Recent 25 Years Pop,songlists/pop-recent-25.json,POP25-1191,近在千里,gW3rxDyIhQk,1698925,2026-06-02,kept,近25年熱門新歌,warnermusichk / YouTube
Recent 25 Years Pop,songlists/pop-recent-25.json,POP25-1192,沒有如果,O4qcGzWfDsE,1689577,2026-06-02,kept,近25年熱門新歌,柏呈昇 / YouTube
Recent 25 Years Pop,songlists/pop-recent-25.json,POP25-1193,紳士,Ln_94OO-yDc,1681834,2026-06-02,kept,近25年熱門新歌,薛之謙 JokerXue / YouTube
Recent 25 Years Pop,songlists/pop-recent-25.json,POP25-1194,無雙,Zmr5gWFD5Rk,1681400,2026-06-02,kept,近25年熱門新歌,TVB Music Group / YouTube
Recent 25 Years Pop,songlists/pop-recent-25.json,POP25-1195,在旅行的路上,_4q_U7cyEW4,1678531,2026-06-02,kept,近25年熱門新歌,LaLa 徐佳瑩 / YouTube
Recent 25 Years Pop,songlists/pop-recent-25.json,POP25-1196,蜂鳥,MmokuFu_kOw,1673595,2026-06-02,kept,近25年熱門新歌,吳青峰 Wu Qing Feng / YouTube
Recent 25 Years Pop,songlists/pop-recent-25.json,POP25-1197,眉飛色舞,ZZXCjYUCqYc,1672719,2026-06-02,kept,近25年熱門新歌,滾石唱片 ROCK RECORDS / YouTube
Recent 25 Years Pop,songlists/pop-recent-25.json,POP25-1198,天天都是愚人節,iZXvNWFbDP4,1669055,2026-06-02,kept,近25年熱門新歌,MIRROR / YouTube
Recent 25 Years Pop,songlists/pop-recent-25.json,POP25-1199,江南,RH0AnvUuK9M,1667103,2026-06-02,kept,近25年熱門新歌,SMG音乐频道 / YouTube
Recent 25 Years Pop,songlists/pop-recent-25.json,POP25-1200,玩美,mj1KoNVyZnk,1663506,2026-06-02,kept,近25年熱門新歌,JOLIN 蔡依林 / YouTube
Recent 25 Years Pop,songlists/pop-recent-25.json,POP25-1201,后来的我们,vHj__hUTa2c,1660463,2026-06-02,kept,近25年熱門新歌,Y Mandy / YouTube
Recent 25 Years Pop,songlists/pop-recent-25.json,POP25-1202,麦恩莉,ttwCHS_vhUY,1647548,2026-06-02,kept,近25年熱門新歌,yy lyric / YouTube
Recent 25 Years Pop,songlists/pop-recent-25.json,POP25-1203,目擊者,xOz8CpUkasA,1646407,2026-06-02,kept,近25年熱門新歌,MC 張天賦 / YouTube
Recent 25 Years Pop,songlists/pop-recent-25.json,POP25-1204,了了,RlDeBJhfUYs,1643230,2026-06-02,kept,近25年熱門新歌,林家謙 Terence Lam / YouTube
Recent 25 Years Pop,songlists/pop-recent-25.json,POP25-1205,告別我,EJVzXj51-Ek,1633654,2026-06-02,kept,近25年熱門新歌,太陽娛樂音樂 Sun Entertainment Music / YouTube
Recent 25 Years Pop,songlists/pop-recent-25.json,POP25-1206,你都不知道 自己有多好,7jXqxjPfRjw,1633422,2026-06-02,kept,近25年熱門新歌,Gareth.T / YouTube
Recent 25 Years Pop,songlists/pop-recent-25.json,POP25-1207,親愛的仇人,FjdM90FXOm8,1630143,2026-06-02,kept,近25年熱門新歌,Sony Music Entertainment Hong Kong / YouTube
Recent 25 Years Pop,songlists/pop-recent-25.json,POP25-1208,理想人生,ZtJhdFVZYI4,1619136,2026-06-02,kept,近25年熱門新歌,LaLa 徐佳瑩 / YouTube
Recent 25 Years Pop,songlists/pop-recent-25.json,POP25-1209,可惜我們沒有,R0nfMFsAVKs,1618051,2026-06-02,kept,近25年熱門新歌,Gin Lee李幸倪 / YouTube
Recent 25 Years Pop,songlists/pop-recent-25.json,POP25-1210,我的天,y7o7mkluepE,1609756,2026-06-02,kept,近25年熱門新歌,universalmusichk / YouTube
Recent 25 Years Pop,songlists/pop-recent-25.json,POP25-1211,幻愛,qBX8mu_IMbo,1598310,2026-06-02,kept,近25年熱門新歌,GoldenSceneHK / YouTube
Recent 25 Years Pop,songlists/pop-recent-25.json,POP25-1212,你和我,VqZP2y2fm-8,1598089,2026-06-02,kept,近25年熱門新歌,leehomwangVEVO / YouTube
Recent 25 Years Pop,songlists/pop-recent-25.json,POP25-1213,拜託,IvrLJDlzTus,1596987,2026-06-02,kept,近25年熱門新歌,洪嘉豪 Hung Kaho / YouTube
Recent 25 Years Pop,songlists/pop-recent-25.json,POP25-1214,有天,fN3Lefiw5_M,1589838,2026-06-02,kept,近25年熱門新歌,jasonchanVEVO / YouTube
Recent 25 Years Pop,songlists/pop-recent-25.json,POP25-1215,你的眼睛,vh8fkjAoT3E,1588345,2026-06-02,kept,近25年熱門新歌,持修ChihSiou / YouTube
Recent 25 Years Pop,songlists/pop-recent-25.json,POP25-1216,左上角的心跳,ukpvE6fruIg,1579289,2026-06-02,kept,近25年熱門新歌,福茂唱片 / YouTube
Recent 25 Years Pop,songlists/pop-recent-25.json,POP25-1217,調色盤,LZh9ymHIYnI,1573094,2026-06-02,kept,近25年熱門新歌,LaLa 徐佳瑩 / YouTube
Recent 25 Years Pop,songlists/pop-recent-25.json,POP25-1218,借過,8Vk9MZNJE6E,1570571,2026-06-02,kept,近25年熱門新歌,英皇娛樂 eeg music / YouTube
Recent 25 Years Pop,songlists/pop-recent-25.json,POP25-1219,終點的擁抱,JHlp475dcf0,1569590,2026-06-02,kept,近25年熱門新歌,Dear Jane / YouTube
Recent 25 Years Pop,songlists/pop-recent-25.json,POP25-1220,原色,1kwHaVvFAaU,1565686,2026-06-02,kept,近25年熱門新歌,GigiYimVEVO / YouTube
Recent 25 Years Pop,songlists/pop-recent-25.json,POP25-1221,不怕慶祝,fpgn53HSUr0,1561666,2026-06-02,kept,近25年熱門新歌,LaLa 徐佳瑩 / YouTube
Recent 25 Years Pop,songlists/pop-recent-25.json,POP25-1222,遺失的心跳,ecjV2Xqc_dI,1558789,2026-06-02,kept,近25年熱門新歌,Timeless Music / YouTube
Recent 25 Years Pop,songlists/pop-recent-25.json,POP25-1223,你還怕大雨嗎,IVwykqe1mC0,1556884,2026-06-02,kept,近25年熱門新歌,warnermusichk / YouTube
Recent 25 Years Pop,songlists/pop-recent-25.json,POP25-1224,再見勾勾,58EaveQ5Xig,1551920,2026-06-02,kept,近25年熱門新歌,添翼音樂 TEAM EAR MUSIC / YouTube
Recent 25 Years Pop,songlists/pop-recent-25.json,POP25-1225,他和她的故事,mP_gK0uxfu4,1551311,2026-06-02,kept,近25年熱門新歌,Timeless Music / YouTube
Recent 25 Years Pop,songlists/pop-recent-25.json,POP25-1226,手印,HoPo8_XIaC0,1544194,2026-06-02,kept,近25年熱門新歌,MIRROR / YouTube
Recent 25 Years Pop,songlists/pop-recent-25.json,POP25-1227,萬一你是個好人,3BgQTkguk0w,1543149,2026-06-02,kept,近25年熱門新歌,林家謙 Terence Lam / YouTube
Recent 25 Years Pop,songlists/pop-recent-25.json,POP25-1228,純粹想哭,3GWhxdZnXEU,1540274,2026-06-02,kept,近25年熱門新歌,Pakho Chau周柏豪 / YouTube
Recent 25 Years Pop,songlists/pop-recent-25.json,POP25-1229,一世同學,OVGpdVrP5oc,1537202,2026-06-02,kept,近25年熱門新歌,PhillamVEVO / YouTube
Recent 25 Years Pop,songlists/pop-recent-25.json,POP25-1230,遺憾拼圖,wSBXfzgqHtE,276476046,2026-06-02,kept,近25年熱門新歌,周興哲 Eric Chou / YouTube
Recent 25 Years Pop,songlists/pop-recent-25.json,POP25-1231,聽見下雨的聲音,zqKoXPHhmsM,104709173,2026-06-02,kept,近25年熱門新歌,周杰倫 Jay Chou / YouTube
Recent 25 Years Pop,songlists/pop-recent-25.json,POP25-1232,可惜沒如果,TRt4Y6c0ql0,46391757,2026-06-02,kept,近25年熱門新歌,Chen RacheL / YouTube
Recent 25 Years Pop,songlists/pop-recent-25.json,POP25-1233,岩石裡的花,I1Kx8Ii4eYk,41416696,2026-06-02,kept,近25年熱門新歌,GEMblog / YouTube
Recent 25 Years Pop,songlists/pop-recent-25.json,POP25-1234,我的少女时代,Kg-mW8SyNVg,39275901,2026-06-02,kept,近25年熱門新歌,20th Century Studios Singapore / YouTube
Recent 25 Years Pop,songlists/pop-recent-25.json,POP25-1235,在這座城市遺失了你,PlCbgZxonJs,36981967,2026-06-02,kept,近25年熱門新歌,相信音樂BinMusic / YouTube
Recent 25 Years Pop,songlists/pop-recent-25.json,POP25-1236,大笨鐘,-u4sPnpaFEA,34244075,2026-06-02,kept,近25年熱門新歌,周杰倫 Jay Chou / YouTube
Recent 25 Years Pop,songlists/pop-recent-25.json,POP25-1237,沒那麼簡單,rmPHuvQoh0g,33678244,2026-06-02,kept,近25年熱門新歌,Timeless Music / YouTube
Recent 25 Years Pop,songlists/pop-recent-25.json,POP25-1238,蒲公英的約定,VitJnr3IySc,33311857,2026-06-02,kept,近25年熱門新歌,周杰倫 Jay Chou / YouTube
Recent 25 Years Pop,songlists/pop-recent-25.json,POP25-1239,親愛的,sHNy8muYwdU,30750454,2026-06-02,kept,近25年熱門新歌,王力宏 Wang Leehom / YouTube
Recent 25 Years Pop,songlists/pop-recent-25.json,POP25-1240,倔強,R2s-H_crYkc,25858585,2026-06-02,kept,近25年熱門新歌,滾石唱片 ROCK RECORDS / YouTube
Recent 25 Years Pop,songlists/pop-recent-25.json,POP25-1241,緣分一道橋,EQ5Ib7jNnnE,25810543,2026-06-02,kept,近25年熱門新歌,王力宏 Wang Leehom / YouTube
Recent 25 Years Pop,songlists/pop-recent-25.json,POP25-1242,龍捲風,RPWDeLqsN0g,25300243,2026-06-02,kept,近25年熱門新歌,周杰倫 Jay Chou / YouTube
Recent 25 Years Pop,songlists/pop-recent-25.json,POP25-1243,公公偏頭痛,FbqBv7Tz1QY,24908451,2026-06-02,kept,近25年熱門新歌,周杰倫 Jay Chou / YouTube
Recent 25 Years Pop,songlists/pop-recent-25.json,POP25-1244,蘭亭序,s5Xl5MXboas,24860057,2026-06-02,kept,近25年熱門新歌,周杰倫 Jay Chou / YouTube
Recent 25 Years Pop,songlists/pop-recent-25.json,POP25-1245,盲點,rzzul2fmufI,23654135,2026-06-02,kept,近25年熱門新歌,GEMblog / YouTube
Recent 25 Years Pop,songlists/pop-recent-25.json,POP25-1246,陳芯怡,eohv9VjMfGw,23496052,2026-06-02,kept,近25年熱門新歌,KarenDaidai Music Channel / YouTube
Recent 25 Years Pop,songlists/pop-recent-25.json,POP25-1247,黑色毛衣,bX33UI9ZPLk,21685396,2026-06-02,kept,近25年熱門新歌,周杰倫 Jay Chou / YouTube
Recent 25 Years Pop,songlists/pop-recent-25.json,POP25-1248,以父之名,9q7JOQfcJQM,20906270,2026-06-02,kept,近25年熱門新歌,周杰倫 Jay Chou / YouTube
Recent 25 Years Pop,songlists/pop-recent-25.json,POP25-1249,回到過去,MKNrnSsIwf8,20300402,2026-06-02,kept,近25年熱門新歌,周杰倫 Jay Chou / YouTube
Recent 25 Years Pop,songlists/pop-recent-25.json,POP25-1250,別說沒愛過,Eip1p8H0YII,19736761,2026-06-02,kept,近25年熱門新歌,福茂唱片 / YouTube
Recent 25 Years Pop,songlists/pop-recent-25.json,POP25-1251,白敬亭,Aa_5gqwz9D4,19365616,2026-06-02,kept,近25年熱門新歌,相信音樂BinMusic / YouTube
Recent 25 Years Pop,songlists/pop-recent-25.json,POP25-1252,東風破,qct0JLjaHDc,19338247,2026-06-02,kept,近25年熱門新歌,周杰倫 Jay Chou / YouTube
Recent 25 Years Pop,songlists/pop-recent-25.json,POP25-1253,止戰之殤,qIZ5MAwbeCg,18777367,2026-06-02,kept,近25年熱門新歌,周杰倫 Jay Chou / YouTube
Recent 25 Years Pop,songlists/pop-recent-25.json,POP25-1254,將故事寫成我們,AKjgg3I6HEQ,18396548,2026-06-02,kept,近25年熱門新歌,JJ Lin林俊傑 / YouTube
Recent 25 Years Pop,songlists/pop-recent-25.json,POP25-1255,於是,0tGgnh6F1YI,18357947,2026-06-02,kept,近25年熱門新歌,GEMblog / YouTube
Recent 25 Years Pop,songlists/pop-recent-25.json,POP25-1256,腦公,UYWUAQhhR_g,17575666,2026-06-02,kept,近25年熱門新歌,JOLIN 蔡依林 / YouTube
Recent 25 Years Pop,songlists/pop-recent-25.json,POP25-1257,陽光宅男,qQ7g1tfEGFc,17379305,2026-06-02,kept,近25年熱門新歌,周杰倫 Jay Chou / YouTube
Recent 25 Years Pop,songlists/pop-recent-25.json,POP25-1258,花海,q1ww6bDjfiI,16513858,2026-06-02,kept,近25年熱門新歌,周杰倫 Jay Chou / YouTube
Recent 25 Years Pop,songlists/pop-recent-25.json,POP25-1259,簡單愛,Y4xCVlyCvX4,15806127,2026-06-02,kept,近25年熱門新歌,周杰倫 Jay Chou / YouTube
Recent 25 Years Pop,songlists/pop-recent-25.json,POP25-1260,熱帶雨林,M5Y9dandexU,15379487,2026-06-02,kept,近25年熱門新歌,華研國際 / YouTube
Recent 25 Years Pop,songlists/pop-recent-25.json,POP25-1261,園遊會,IoCoIxkGkVw,14603236,2026-06-02,kept,近25年熱門新歌,周杰倫 Jay Chou / YouTube
Recent 25 Years Pop,songlists/pop-recent-25.json,POP25-1262,寧夏,MmtVl9CssYE,14057301,2026-06-02,kept,近25年熱門新歌,滾石唱片 ROCK RECORDS / YouTube
Recent 25 Years Pop,songlists/pop-recent-25.json,POP25-1263,愛情怎麼了嗎,rD-T5pzH9b0,12328167,2026-06-02,kept,近25年熱門新歌,添翼音樂 TEAM EAR MUSIC / YouTube
Recent 25 Years Pop,songlists/pop-recent-25.json,POP25-1264,接受,rnj6bm1mrGM,11853437,2026-06-02,kept,近25年熱門新歌,滾石唱片 ROCK RECORDS / YouTube
Recent 25 Years Pop,songlists/pop-recent-25.json,POP25-1265,原來只因深愛著,F-7k3q_v7sA,10885853,2026-06-02,kept,近25年熱門新歌,JW 王灝兒 / YouTube
Recent 25 Years Pop,songlists/pop-recent-25.json,POP25-1266,我反芻著你留下的寂寞,JVRsAqm7EiM,10642522,2026-06-02,kept,近25年熱門新歌,理想混蛋 Bestards / YouTube
Recent 25 Years Pop,songlists/pop-recent-25.json,POP25-1267,擁抱,lvDa3r1pNuE,10566486,2026-06-02,kept,近25年熱門新歌,滾石唱片 ROCK RECORDS / YouTube
Recent 25 Years Pop,songlists/pop-recent-25.json,POP25-1268,中國話,tCKGoND0pS0,10507449,2026-06-02,kept,近25年熱門新歌,華研國際 / YouTube
Recent 25 Years Pop,songlists/pop-recent-25.json,POP25-1269,天灰,98MngruRenY,10388968,2026-06-02,kept,近25年熱門新歌,華研國際 / YouTube
Recent 25 Years Pop,songlists/pop-recent-25.json,POP25-1270,你太猖狂,EMBg0leN5vs,9716972,2026-06-02,kept,近25年熱門新歌,華研國際 / YouTube
Recent 25 Years Pop,songlists/pop-recent-25.json,POP25-1271,鬼屋,bgHKVJ9ZSus,9598526,2026-06-02,kept,近25年熱門新歌,林宥嘉 Yoga Lin / YouTube
Recent 25 Years Pop,songlists/pop-recent-25.json,POP25-1272,灰色,xtSdgGHqnls,9064682,2026-06-02,kept,近25年熱門新歌,LaLa 徐佳瑩 / YouTube
Recent 25 Years Pop,songlists/pop-recent-25.json,POP25-1273,絲路,LwaZVMERWdQ,8628584,2026-06-02,kept,近25年熱門新歌,滾石唱片 ROCK RECORDS / YouTube
Recent 25 Years Pop,songlists/pop-recent-25.json,POP25-1274,你是唯一,X1w3JU5dIAg,8451234,2026-06-02,kept,近25年熱門新歌,相信音樂BinMusic / YouTube
Recent 25 Years Pop,songlists/pop-recent-25.json,POP25-1275,差一點我們會飛,Vsr5gpmmvhs,8180188,2026-06-02,kept,近25年熱門新歌,Media Asia Film 寰亞電影 / YouTube
Recent 25 Years Pop,songlists/pop-recent-25.json,POP25-1276,人生海海,yarOcdANK50,7880489,2026-06-02,kept,近25年熱門新歌,滾石唱片 ROCK RECORDS / YouTube
Recent 25 Years Pop,songlists/pop-recent-25.json,POP25-1277,殘酷月光,LgvBXXLC5AI,7336826,2026-06-02,kept,近25年熱門新歌,華研國際 / YouTube
Recent 25 Years Pop,songlists/pop-recent-25.json,POP25-1278,檸檬草的味道,foxsrMe50mY,7332189,2026-06-02,kept,近25年熱門新歌,jolintsaiVEVO / YouTube
Recent 25 Years Pop,songlists/pop-recent-25.json,POP25-1279,乾啦 乾啦,e0k-EM6zJ10,7052135,2026-06-02,kept,近25年熱門新歌,滾石唱片 ROCK RECORDS / YouTube
Recent 25 Years Pop,songlists/pop-recent-25.json,POP25-1280,請你給我好一點的情敵,DP6AKQCnBTA,7035989,2026-06-02,kept,近25年熱門新歌,華研國際 / YouTube
Recent 25 Years Pop,songlists/pop-recent-25.json,POP25-1281,我還繞著你在旋轉,zbSW7aIzXRM,6922735,2026-06-02,kept,近25年熱門新歌,相信音樂BinMusic / YouTube
Recent 25 Years Pop,songlists/pop-recent-25.json,POP25-1282,我就想你,oeYgf4ZkdR0,6364724,2026-06-02,kept,近25年熱門新歌,理想混蛋 Bestards / YouTube
Recent 25 Years Pop,songlists/pop-recent-25.json,POP25-1283,溫蒂公主的侍衛,K5I53iq3KC8,6296664,2026-06-02,kept,近25年熱門新歌,相信音樂BinMusic / YouTube
Recent 25 Years Pop,songlists/pop-recent-25.json,POP25-1284,聽愛,5bkqzgFpKs4,6251624,2026-06-02,kept,近25年熱門新歌,王力宏 Wang Leehom / YouTube
Recent 25 Years Pop,songlists/pop-recent-25.json,POP25-1285,神秘嘉賓,KTISbg9QQhg,5844693,2026-06-02,kept,近25年熱門新歌,華研國際 / YouTube
Recent 25 Years Pop,songlists/pop-recent-25.json,POP25-1286,與海無關,11W7TEGxECE,5796960,2026-06-02,kept,近25年熱門新歌,相信音樂BinMusic / YouTube
Recent 25 Years Pop,songlists/pop-recent-25.json,POP25-1287,台北某個地方,OZXy0t2i21A,5736112,2026-06-02,kept,近25年熱門新歌,添翼音樂 TEAM EAR MUSIC / YouTube
Recent 25 Years Pop,songlists/pop-recent-25.json,POP25-1288,還是會寂寞,ZsiN2YVrdmA,5725987,2026-06-02,kept,近25年熱門新歌,滾石唱片 ROCK RECORDS / YouTube
Recent 25 Years Pop,songlists/pop-recent-25.json,POP25-1289,為你的寂寞唱歌,NbA-DYugdTI,5553846,2026-06-02,kept,近25年熱門新歌,相信音樂BinMusic / YouTube
Recent 25 Years Pop,songlists/pop-recent-25.json,POP25-1290,我沒資格,z9bqOGnria0,5528314,2026-06-02,kept,近25年熱門新歌,相信音樂BinMusic / YouTube
Recent 25 Years Pop,songlists/pop-recent-25.json,POP25-1291,沿海公路的出口,-Ve9jP2IS_c,5439799,2026-06-02,kept,近25年熱門新歌,華研國際 / YouTube
Recent 25 Years Pop,songlists/pop-recent-25.json,POP25-1292,而我知道,Gv3HOUMEPiw,5264418,2026-06-02,kept,近25年熱門新歌,滾石唱片 ROCK RECORDS / YouTube
Recent 25 Years Pop,songlists/pop-recent-25.json,POP25-1293,不想長大,KV17QLB2BJs,5125470,2026-06-02,kept,近25年熱門新歌,華研國際 / YouTube
Recent 25 Years Pop,songlists/pop-recent-25.json,POP25-1294,我們怎麼了,ceFNTueahgI,5102157,2026-06-02,kept,近25年熱門新歌,華研國際 / YouTube
Recent 25 Years Pop,songlists/pop-recent-25.json,POP25-1295,太聰明,33rdx577PxY,5096829,2026-06-02,kept,近25年熱門新歌,滾石唱片 ROCK RECORDS / YouTube
Recent 25 Years Pop,songlists/pop-recent-25.json,POP25-1296,那你呢,rHeICF7nAZE,5067157,2026-06-02,kept,近25年熱門新歌,相信音樂BinMusic / YouTube
Recent 25 Years Pop,songlists/pop-recent-25.json,POP25-1297,矛盾,gJhvVMQYWUs,5048125,2026-06-02,kept,近25年熱門新歌,華研國際 / YouTube
Recent 25 Years Pop,songlists/pop-recent-25.json,POP25-1298,一夜一夜一夜,do25hszrh9U,4913847,2026-06-02,kept,近25年熱門新歌,添翼音樂 TEAM EAR MUSIC / YouTube
Recent 25 Years Pop,songlists/pop-recent-25.json,POP25-1299,薩哈星球,LPAgJCGtQGc,4894814,2026-06-02,kept,近25年熱門新歌,蕭敬騰 Jam Hsiao / YouTube
Recent 25 Years Pop,songlists/pop-recent-25.json,POP25-1300,你沒等我去的舊金山,WgOtTaAYtKU,4877339,2026-06-02,kept,近25年熱門新歌,派偉俊 Patrick Brasca / YouTube
Recent 25 Years Pop,songlists/pop-recent-25.json,POP25-1301,超人,ptmxLFZkoZ4,4871640,2026-06-02,kept,近25年熱門新歌,滾石唱片 ROCK RECORDS / YouTube
Recent 25 Years Pop,songlists/pop-recent-25.json,POP25-1302,再見陌生人,CF3zAF40zRY,4723054,2026-06-02,kept,近25年熱門新歌,Show Lo's Official Channel羅志祥官方專屬頻道 / YouTube
Recent 25 Years Pop,songlists/pop-recent-25.json,POP25-1303,接住你,2gvv822Za80,4696196,2026-06-02,kept,近25年熱門新歌,理想混蛋 Bestards / YouTube
Recent 25 Years Pop,songlists/pop-recent-25.json,POP25-1304,半糖主義,HIJL_vz_NfM,4606649,2026-06-02,kept,近25年熱門新歌,華研國際 / YouTube
Recent 25 Years Pop,songlists/pop-recent-25.json,POP25-1305,幾乎是愛情,ZlpxcCiCCP4,4542654,2026-06-02,kept,近25年熱門新歌,周興哲 Eric Chou / YouTube
Recent 25 Years Pop,songlists/pop-recent-25.json,POP25-1306,花都開好了,WFem-SqSTss,4533441,2026-06-02,kept,近25年熱門新歌,華研國際 / YouTube
Recent 25 Years Pop,songlists/pop-recent-25.json,POP25-1307,各自安好,tIk01ITX0Ik,4518193,2026-06-02,kept,近25年熱門新歌,相信音樂BinMusic / YouTube
Recent 25 Years Pop,songlists/pop-recent-25.json,POP25-1308,或是一首歌,aOSYxTR6U3I,4451843,2026-06-02,kept,近25年熱門新歌,Hebe Tien's Official Channel田馥甄官方專屬頻道 / YouTube
Recent 25 Years Pop,songlists/pop-recent-25.json,POP25-1309,我已經敢想你,sDhdlHrRLtk,4431234,2026-06-02,kept,近25年熱門新歌,華研國際 / YouTube
Recent 25 Years Pop,songlists/pop-recent-25.json,POP25-1310,心裡學,WOWybmnASlg,4428703,2026-06-02,kept,近25年熱門新歌,LaLa 徐佳瑩 / YouTube
Recent 25 Years Pop,songlists/pop-recent-25.json,POP25-1311,煙燻妝,8lg1ymm99CQ,12291337,2026-06-02,kept,近25年熱門新歌,GEMblog / YouTube
Recent 25 Years Pop,songlists/pop-recent-25.json,POP25-1312,我對緣分小心翼翼,j8yO0LkqA7s,4377919,2026-06-02,kept,近25年熱門新歌,JJ Lin林俊傑 / YouTube
Recent 25 Years Pop,songlists/pop-recent-25.json,POP25-1313,戀人,5RlEWndW0bE,4374037,2026-06-02,kept,近25年熱門新歌,李榮浩 Ronghao Li / YouTube
Recent 25 Years Pop,songlists/pop-recent-25.json,POP25-1314,很遠的遠方,yeqtm7O7Ukw,4241325,2026-06-02,kept,近25年熱門新歌,理想混蛋 Bestards / YouTube
Recent 25 Years Pop,songlists/pop-recent-25.json,POP25-1315,兄弟,TcXFY-_rDzQ,4202865,2026-06-02,kept,近25年熱門新歌,相信音樂BinMusic / YouTube
Recent 25 Years Pop,songlists/pop-recent-25.json,POP25-1316,看透,FBnn-NzkoK0,4183612,2026-06-02,kept,近25年熱門新歌,相信音樂BinMusic / YouTube
Recent 25 Years Pop,songlists/pop-recent-25.json,POP25-1317,搞不懂,32JSBHaEsnc,4172398,2026-06-02,kept,近25年熱門新歌,MIRROR / YouTube
Recent 25 Years Pop,songlists/pop-recent-25.json,POP25-1318,他還是不懂,Uh9nPdIhPEY,4145486,2026-06-02,kept,近25年熱門新歌,華研國際 / YouTube
Recent 25 Years Pop,songlists/pop-recent-25.json,POP25-1319,假裝,_34cgR4oUw4,4134692,2026-06-02,kept,近25年熱門新歌,JOLIN 蔡依林 / YouTube
Recent 25 Years Pop,songlists/pop-recent-25.json,POP25-1320,無事生非,J-sxhDVAUdE,4119121,2026-06-02,kept,近25年熱門新歌,華研國際 / YouTube
Recent 25 Years Pop,songlists/pop-recent-25.json,POP25-1321,芬蘭距離,YTGfurwqHgY,4110381,2026-06-02,kept,近25年熱門新歌,蔡健雅 Tanya Chua / YouTube
Recent 25 Years Pop,songlists/pop-recent-25.json,POP25-1322,不甘心不放手,N-y8c994jsk,3995727,2026-06-02,kept,近25年熱門新歌,華研國際 / YouTube
Recent 25 Years Pop,songlists/pop-recent-25.json,POP25-1323,倖存者,yKKwyLdhwbU,3995075,2026-06-02,kept,近25年熱門新歌,JJ Lin林俊傑 / YouTube
Recent 25 Years Pop,songlists/pop-recent-25.json,POP25-1324,時間的初衷,KdFN03BsqRw,3984812,2026-06-02,kept,近25年熱門新歌,mm2 Studios Hong Kong / YouTube
Recent 25 Years Pop,songlists/pop-recent-25.json,POP25-1325,無常,LNxM5f5LVuc,3982464,2026-06-02,kept,近25年熱門新歌,華研國際 / YouTube
Recent 25 Years Pop,songlists/pop-recent-25.json,POP25-1326,你給我的,WdegM65ncUE,3978753,2026-06-02,kept,近25年熱門新歌,家家 JiaJia / YouTube
Recent 25 Years Pop,songlists/pop-recent-25.json,POP25-1327,記得回來,Y8bvPiFnfDw,3958976,2026-06-02,kept,近25年熱門新歌,韋禮安 WeiBird / YouTube
Recent 25 Years Pop,songlists/pop-recent-25.json,POP25-1328,重頭開始,prjJTl7qwH8,3913596,2026-06-02,kept,近25年熱門新歌,張敬軒 Hins Cheung / YouTube
Recent 25 Years Pop,songlists/pop-recent-25.json,POP25-1329,愛上屬於你的天空,LeUMB8GXL7k,3841293,2026-06-02,kept,近25年熱門新歌,華研國際 / YouTube
Recent 25 Years Pop,songlists/pop-recent-25.json,POP25-1330,不潮不用花钱,MOch5rngIj4,3815638,2026-06-02,kept,近25年熱門新歌,GM Lyric / YouTube
Recent 25 Years Pop,songlists/pop-recent-25.json,POP25-1331,星光,ETYg0wqbR_o,3808917,2026-06-02,kept,近25年熱門新歌,華研國際 / YouTube
Recent 25 Years Pop,songlists/pop-recent-25.json,POP25-1332,又到天黑,ey7Jph8ndJU,3740508,2026-06-02,kept,近25年熱門新歌,相信音樂BinMusic / YouTube
Recent 25 Years Pop,songlists/pop-recent-25.json,POP25-1333,快魚仔,FG0JZp9LX9g,3727578,2026-06-02,kept,近25年熱門新歌,添翼音樂 TEAM EAR MUSIC / YouTube
Recent 25 Years Pop,songlists/pop-recent-25.json,POP25-1334,帶你飛,BR09PGobYPk,3590451,2026-06-02,kept,近25年熱門新歌,相信音樂BinMusic / YouTube
Recent 25 Years Pop,songlists/pop-recent-25.json,POP25-1335,年青有為,8kGILQwo_aM,3560955,2026-06-02,kept,近25年熱門新歌,Feng Ze邱鋒澤 / YouTube
Recent 25 Years Pop,songlists/pop-recent-25.json,POP25-1336,達拉崩吧,88qm21pXk1I,3551915,2026-06-02,kept,近25年熱門新歌,相信音樂BinMusic / YouTube
Recent 25 Years Pop,songlists/pop-recent-25.json,POP25-1337,大鱼,Zk6iZLKXFTI,18378439,2026-06-02,kept,近25年熱門新歌,Alpha MV / YouTube
Recent 25 Years Pop,songlists/pop-recent-25.json,POP25-1338,就說你想說的,YFoMjJe3vcU,3504714,2026-06-02,kept,近25年熱門新歌,告五人Accusefive / YouTube
Recent 25 Years Pop,songlists/pop-recent-25.json,POP25-1339,第二次分手,ZiusE0lYY_w,3446427,2026-06-02,kept,近25年熱門新歌,華研國際 / YouTube
Recent 25 Years Pop,songlists/pop-recent-25.json,POP25-1340,你不是真正的快樂,JnMt5ehD394,3403784,2026-06-02,kept,近25年熱門新歌,bbtnlollipop / YouTube
Recent 25 Years Pop,songlists/pop-recent-25.json,POP25-1341,米蘭小鐵匠,KmaqqnLGUG0,3393989,2026-06-02,kept,近25年熱門新歌,周杰倫 Jay Chou / YouTube
Recent 25 Years Pop,songlists/pop-recent-25.json,POP25-1342,黑夜狂奔,CjHisbXBCC0,3322023,2026-06-02,kept,近25年熱門新歌,告五人Accusefive / YouTube
Recent 25 Years Pop,songlists/pop-recent-25.json,POP25-1343,有你的將來,IoiPW-AEjuk,3285364,2026-06-02,kept,近25年熱門新歌,滾石唱片 ROCK RECORDS / YouTube
Recent 25 Years Pop,songlists/pop-recent-25.json,POP25-1344,成名在望,E1xrBs_BZgs,3262701,2026-06-02,kept,近25年熱門新歌,相信音樂BinMusic / YouTube
Recent 25 Years Pop,songlists/pop-recent-25.json,POP25-1345,手中沙,NXDdg5xRwOA,3250373,2026-06-02,kept,近25年熱門新歌,TVB Music Group / YouTube
Recent 25 Years Pop,songlists/pop-recent-25.json,POP25-1346,以後,u7AyNy5QnaI,3248339,2026-06-02,kept,近25年熱門新歌,添翼音樂 TEAM EAR MUSIC / YouTube
Recent 25 Years Pop,songlists/pop-recent-25.json,POP25-1347,對不起我愛你,yacpwknPwRU,3238306,2026-06-02,kept,近25年熱門新歌,滾石唱片 ROCK RECORDS / YouTube
Recent 25 Years Pop,songlists/pop-recent-25.json,POP25-1348,穿花蝴蝶,KCF2-5EI70s,3230571,2026-06-02,kept,近25年熱門新歌,warnermusichk / YouTube
Recent 25 Years Pop,songlists/pop-recent-25.json,POP25-1349,月桂女神,DkTmr1ZhnfQ,3170192,2026-06-02,kept,近25年熱門新歌,華研國際 / YouTube
Recent 25 Years Pop,songlists/pop-recent-25.json,POP25-1350,一直都在,vMTEkec91ZI,3158754,2026-06-02,kept,近25年熱門新歌,韋禮安 WeiBird / YouTube
Recent 25 Years Pop,songlists/pop-recent-25.json,POP25-1351,明仔載,Cf2pDbqUqoQ,3150714,2026-06-02,kept,近25年熱門新歌,添翼音樂 TEAM EAR MUSIC / YouTube
Recent 25 Years Pop,songlists/pop-recent-25.json,POP25-1352,一定要相信自己,3xx4RlPfvUw,3078785,2026-06-02,kept,近25年熱門新歌,添翼音樂 TEAM EAR MUSIC / YouTube
Recent 25 Years Pop,songlists/pop-recent-25.json,POP25-1353,男孩像你,zZZbvTXAPGY,3056298,2026-06-02,kept,近25年熱門新歌,suetyancharmaine / YouTube
Recent 25 Years Pop,songlists/pop-recent-25.json,POP25-1354,出走,zfqiLSjxJ14,3049731,2026-06-02,kept,近25年熱門新歌,蔡健雅 Tanya Chua / YouTube
Recent 25 Years Pop,songlists/pop-recent-25.json,POP25-1355,我喜歡上你時的內心活動,7RKmNBmXz4o,3013263,2026-06-02,kept,近25年熱門新歌,添翼音樂 TEAM EAR MUSIC / YouTube
Recent 25 Years Pop,songlists/pop-recent-25.json,POP25-1356,邊一個發明了,KpZL59NqkcY,2948965,2026-06-02,kept,近25年熱門新歌,林家謙 Terence Lam / YouTube
Recent 25 Years Pop,songlists/pop-recent-25.json,POP25-1357,告別之前,_hJm6s88rXc,2848050,2026-06-02,kept,近25年熱門新歌,jasonchanVEVO / YouTube
Recent 25 Years Pop,songlists/pop-recent-25.json,POP25-1358,最暖的憂傷,3aypp_YlBzI,2781024,2026-06-02,kept,近25年熱門新歌,華研國際 / YouTube
Recent 25 Years Pop,songlists/pop-recent-25.json,POP25-1359,愛你不是兩三天,sPCKERuXiAo,2750864,2026-06-02,kept,近25年熱門新歌,滾石唱片 ROCK RECORDS / YouTube
Recent 25 Years Pop,songlists/pop-recent-25.json,POP25-1360,黑之呼吸,Ap7NoC_LTtc,2741753,2026-06-02,kept,近25年熱門新歌,MIRROR / YouTube
Recent 25 Years Pop,songlists/pop-recent-25.json,POP25-1361,沒有第三者的分手,cbQi3MU4CRI,2735525,2026-06-02,kept,近25年熱門新歌,LaLa 徐佳瑩 / YouTube
Recent 25 Years Pop,songlists/pop-recent-25.json,POP25-1362,別說再見,L06eGYvdK6Q,2734723,2026-06-02,kept,近25年熱門新歌,Juice Boy / YouTube
Recent 25 Years Pop,songlists/pop-recent-25.json,POP25-1363,我只怪我自己,PYwgrr5my04,2714351,2026-06-02,kept,近25年熱門新歌,添翼音樂 TEAM EAR MUSIC / YouTube
Recent 25 Years Pop,songlists/pop-recent-25.json,POP25-1364,告訴我,mJsT0i95cAY,2660340,2026-06-02,kept,近25年熱門新歌,滾石唱片 ROCK RECORDS / YouTube
Recent 25 Years Pop,songlists/pop-recent-25.json,POP25-1365,終點起點,BxjZcGTUWJM,2638837,2026-06-02,kept,近25年熱門新歌,sodagreen_aka_oaeen / YouTube
Recent 25 Years Pop,songlists/pop-recent-25.json,POP25-1366,少年他的奇幻漂流,u0bcXim2m4M,2633555,2026-06-02,kept,近25年熱門新歌,相信音樂BinMusic / YouTube
Recent 25 Years Pop,songlists/pop-recent-25.json,POP25-1367,先知,JzadD_leBSM,2629337,2026-06-02,kept,近25年熱門新歌,Hebe Tien's Official Channel田馥甄官方專屬頻道 / YouTube
Recent 25 Years Pop,songlists/pop-recent-25.json,POP25-1368,我的癮,uwiwbVPp-c4,2617211,2026-06-02,kept,近25年熱門新歌,滾石唱片 ROCK RECORDS / YouTube
Recent 25 Years Pop,songlists/pop-recent-25.json,POP25-1369,情人甲,Mksguh7f5GY,2588904,2026-06-02,kept,近25年熱門新歌,東亞唱片 East Asia Music Official Channel / YouTube
Recent 25 Years Pop,songlists/pop-recent-25.json,POP25-1370,現在不跳舞要幹嘛,6m4lOE3S3CU,2569658,2026-06-02,kept,近25年熱門新歌,LaLa 徐佳瑩 / YouTube
Recent 25 Years Pop,songlists/pop-recent-25.json,POP25-1371,殘缺的彩虹,hzAeZa7dJj4,2530485,2026-06-02,kept,近25年熱門新歌,添翼音樂 TEAM EAR MUSIC / YouTube
Recent 25 Years Pop,songlists/pop-recent-25.json,POP25-1372,老蕭演唱王妃氣勢驚人　小,sRCJ4T4EL9k,2510553,2026-06-02,kept,近25年熱門新歌,中天電視 / YouTube
Recent 25 Years Pop,songlists/pop-recent-25.json,POP25-1373,心酸,5H9u0EJMPTc,2442680,2026-06-02,kept,近25年熱門新歌,華研國際 / YouTube
Recent 25 Years Pop,songlists/pop-recent-25.json,POP25-1374,單戀曲,zx_kRhP54o8,2368539,2026-06-02,kept,近25年熱門新歌,蔡健雅 Tanya Chua / YouTube
Recent 25 Years Pop,songlists/pop-recent-25.json,POP25-1375,總有一工,GeLTLpaxGkA,2373171,2026-06-02,kept,近25年熱門新歌,理想混蛋 Bestards / YouTube
Recent 25 Years Pop,songlists/pop-recent-25.json,POP25-1376,不该,9hyd05eqU_4,2355736,2026-06-02,kept,近25年熱門新歌,GM Lyric / YouTube
Recent 25 Years Pop,songlists/pop-recent-25.json,POP25-1377,感同身受,deHH5vM6Npg,2338656,2026-06-02,kept,近25年熱門新歌,華研國際 / YouTube
Recent 25 Years Pop,songlists/pop-recent-25.json,POP25-1378,我夢見你夢見我,wfqdy0TV5WM,2334866,2026-06-02,kept,近25年熱門新歌,華研國際 / YouTube
Recent 25 Years Pop,songlists/pop-recent-25.json,POP25-1379,我等你,bToTopHwr60,2331201,2026-06-02,kept,近25年熱門新歌,滾石唱片 ROCK RECORDS / YouTube
Recent 25 Years Pop,songlists/pop-recent-25.json,POP25-1380,小步舞曲,1iujiTGBeaw,2315270,2026-06-02,kept,近25年熱門新歌,滾石唱片 ROCK RECORDS / YouTube
Recent 25 Years Pop,songlists/pop-recent-25.json,POP25-1381,明日座標,Ra6tyMqBoss,2286131,2026-06-02,kept,近25年熱門新歌,JJ Lin林俊傑 / YouTube
Recent 25 Years Pop,songlists/pop-recent-25.json,POP25-1382,時間走了但你沒走,UFP_gKxwtwY,2271063,2026-06-02,kept,近25年熱門新歌,理想混蛋 Bestards / YouTube
Recent 25 Years Pop,songlists/pop-recent-25.json,POP25-1383,永不結束的情人節,nzWXBy8VF78,2240336,2026-06-02,kept,近25年熱門新歌,周興哲 Eric Chou / YouTube
Recent 25 Years Pop,songlists/pop-recent-25.json,POP25-1384,黑色柳丁,VC4KT__tx5g,2216756,2026-06-02,kept,近25年熱門新歌,Timeless Music / YouTube
Recent 25 Years Pop,songlists/pop-recent-25.json,POP25-1385,你壞壞 我愛愛,7LSpkUvosKI,2189564,2026-06-02,kept,近25年熱門新歌,八三夭 831 / YouTube
Recent 25 Years Pop,songlists/pop-recent-25.json,POP25-1386,⼼死了幾百次,gvZa1j4pYio,2179570,2026-06-02,kept,近25年熱門新歌,MIRROR / YouTube
Recent 25 Years Pop,songlists/pop-recent-25.json,POP25-1387,我還能怎麼伴,ok50C5V738Y,2171620,2026-06-02,kept,近25年熱門新歌,Show Lo's Official Channel羅志祥官方專屬頻道 / YouTube
Recent 25 Years Pop,songlists/pop-recent-25.json,POP25-1388,你點的歌救了我,lQaa2Ejz_9o,2150910,2026-06-02,kept,近25年熱門新歌,A-Lin官方專屬頻道 / YouTube
Recent 25 Years Pop,songlists/pop-recent-25.json,POP25-1389,第三者,Qf6ynSshb3E,2116928,2026-06-02,kept,近25年熱門新歌,滾石唱片 ROCK RECORDS / YouTube
Recent 25 Years Pop,songlists/pop-recent-25.json,POP25-1390,舞狀元,OPOEnRwudqA,2085608,2026-06-02,kept,近25年熱門新歌,Show Lo's Official Channel羅志祥官方專屬頻道 / YouTube
Recent 25 Years Pop,songlists/pop-recent-25.json,POP25-1391,誰不想,B_J1SAwx7kw,2084499,2026-06-02,kept,近25年熱門新歌,華研國際 / YouTube
Recent 25 Years Pop,songlists/pop-recent-25.json,POP25-1392,我知道你很难过,rBuInh1_n-w,2075999,2026-06-02,kept,近25年熱門新歌,ASLAN0007 / YouTube
Recent 25 Years Pop,songlists/pop-recent-25.json,POP25-1393,我愛你,bJ61ijAVT4w,2067853,2026-06-02,kept,近25年熱門新歌,添翼音樂 TEAM EAR MUSIC / YouTube
Recent 25 Years Pop,songlists/pop-recent-25.json,POP25-1394,一手造成,y7XvrRhTKSQ,2016426,2026-06-02,kept,近25年熱門新歌,COLLAR / YouTube
Recent 25 Years Pop,songlists/pop-recent-25.json,POP25-1395,憂愁,Gnue6Ue2mK8,2006502,2026-06-02,kept,近25年熱門新歌,sodagreen_aka_oaeen / YouTube
Recent 25 Years Pop,songlists/pop-recent-25.json,POP25-1396,善男信女,vnDlhgK8cAY,1973474,2026-06-02,kept,近25年熱門新歌,華納音樂 Warner Music Taiwan / YouTube
Recent 25 Years Pop,songlists/pop-recent-25.json,POP25-1397,天使在唱歌,UN4a1Y_pV58,1943555,2026-06-02,kept,近25年熱門新歌,華研國際 / YouTube
Recent 25 Years Pop,songlists/pop-recent-25.json,POP25-1398,你以為,2xq0l0sTOCw,1922845,2026-06-02,kept,近25年熱門新歌,相信音樂BinMusic / YouTube
Recent 25 Years Pop,songlists/pop-recent-25.json,POP25-1399,如果我沒有傷口,K0W_dKx5ZTs,1919592,2026-06-02,kept,近25年熱門新歌,wxi zhxne / YouTube
Recent 25 Years Pop,songlists/pop-recent-25.json,POP25-1400,蜚蜚,-Oq2h9eA0z4,1892386,2026-06-02,kept,近25年熱門新歌,ChinMusicChart / YouTube
Recent 25 Years Pop,songlists/pop-recent-25.json,POP25-1401,後來的我們,swPyPNQmhd4,1882278,2026-06-02,kept,近25年熱門新歌,XiaoYang小楊 / YouTube
Recent 25 Years Pop,songlists/pop-recent-25.json,POP25-1402,風和日麗,a70mYFeC8v8,1877746,2026-06-02,kept,近25年熱門新歌,相信音樂BinMusic / YouTube
Recent 25 Years Pop,songlists/pop-recent-25.json,POP25-1403,癒合,Y-O1P0ZdbNQ,1859113,2026-06-02,kept,近25年熱門新歌,告五人Accusefive / YouTube
Recent 25 Years Pop,songlists/pop-recent-25.json,POP25-1404,老友記,MEE9H32rCXM,1854330,2026-06-02,kept,近25年熱門新歌,李榮浩 Ronghao Li / YouTube
Recent 25 Years Pop,songlists/pop-recent-25.json,POP25-1405,我都記得,ChR0i6nmUlM,1829370,2026-06-02,kept,近25年熱門新歌,A-Lin官方專屬頻道 / YouTube
Recent 25 Years Pop,songlists/pop-recent-25.json,POP25-1406,在未來的你跟我說聲嗨,V91B6aQOn4k,1784503,2026-06-02,kept,近25年熱門新歌,相信音樂BinMusic / YouTube
Recent 25 Years Pop,songlists/pop-recent-25.json,POP25-1407,最愛的痛,7c_KiA_5xU4,1775593,2026-06-02,kept,近25年熱門新歌,八三夭 831 / YouTube
Recent 25 Years Pop,songlists/pop-recent-25.json,POP25-1408,我恨我愛你,IQROCKF_7bU,1767818,2026-06-02,kept,近25年熱門新歌,Timeless Music / YouTube
Recent 25 Years Pop,songlists/pop-recent-25.json,POP25-1409,青花,rgq5ui9905Q,1727020,2026-06-02,kept,近25年熱門新歌,周傳雄全球後援會 / YouTube
Recent 25 Years Pop,songlists/pop-recent-25.json,POP25-1410,乘著無人光影的遠行,iHm7YCMbw0w,1696239,2026-06-02,kept,近25年熱門新歌,Hebe Tien's Official Channel田馥甄官方專屬頻道 / YouTube
Recent 25 Years Pop,songlists/pop-recent-25.json,POP25-1411,無拘,NeRSqC1xuDI,1694104,2026-06-02,kept,近25年熱門新歌,JJ Lin林俊傑 / YouTube
Recent 25 Years Pop,songlists/pop-recent-25.json,POP25-1412,情感的廢墟,597-2K2lhUU,1681814,2026-06-02,kept,近25年熱門新歌,THE OFFICIAL JUNO MAK 麥浚龍 / YouTube
Recent 25 Years Pop,songlists/pop-recent-25.json,POP25-1413,有淚多好,_I7es3yJPls,1676730,2026-06-02,kept,近25年熱門新歌,PhillamVEVO / YouTube
Recent 25 Years Pop,songlists/pop-recent-25.json,POP25-1414,我還記得,yQYTjE-lGL8,1669342,2026-06-02,kept,近25年熱門新歌,滾石唱片 ROCK RECORDS / YouTube
Recent 25 Years Pop,songlists/pop-recent-25.json,POP25-1415,最想環遊的世界,XxTyoZerj3E,1669303,2026-06-02,kept,近25年熱門新歌,滾石唱片 ROCK RECORDS / YouTube
Recent 25 Years Pop,songlists/pop-recent-25.json,POP25-1416,有我,9zcJXh3VHwk,1660294,2026-06-02,kept,近25年熱門新歌,jasonchanVEVO / YouTube
Recent 25 Years Pop,songlists/pop-recent-25.json,POP25-1417,星心,sq06lHtoIfQ,1631318,2026-06-02,kept,近25年熱門新歌,陶喆 David Tao / YouTube
Recent 25 Years Pop,songlists/pop-recent-25.json,POP25-1418,等,N0bhwHcWh2o,1584445,2026-06-02,kept,近25年熱門新歌,吳青峰 Wu Qing Feng / YouTube
Recent 25 Years Pop,songlists/pop-recent-25.json,POP25-1419,愛的主場秀,QbOaheYJHeo,1582972,2026-06-02,kept,近25年熱門新歌,Timeless Music / YouTube
Recent 25 Years Pop,songlists/pop-recent-25.json,POP25-1420,夏天的海冬天的雪,IfzY9zZIi4I,1570119,2026-06-02,kept,近25年熱門新歌,告五人Accusefive / YouTube
Recent 25 Years Pop,songlists/pop-recent-25.json,POP25-1421,將錯就對,EgzZa48aZjw,1565494,2026-06-02,kept,近25年熱門新歌,告五人Accusefive / YouTube
Recent 25 Years Pop,songlists/pop-recent-25.json,POP25-1422,當我想起你,1RQuVp6HKXo,1544911,2026-06-02,kept,近25年熱門新歌,寰亞音樂 Media Asia Music Official Channel / YouTube
Recent 25 Years Pop,songlists/pop-recent-25.json,POP25-1423,小出走,nI2wN61aaQ4,1536900,2026-06-02,kept,近25年熱門新歌,Chantel Yiu 姚焯菲 / YouTube
Recent 25 Years Pop,songlists/pop-recent-25.json,POP25-1424,春日部,8VVqMoabc-0,1529431,2026-06-02,kept,近25年熱門新歌,林家謙 Terence Lam / YouTube
Recent 25 Years Pop,songlists/pop-recent-25.json,POP25-1425,新世界,LpFyeofOgI0,1526643,2026-06-02,kept,近25年熱門新歌,相信音樂BinMusic / YouTube
Recent 25 Years Pop,songlists/pop-recent-25.json,POP25-1426,玻璃,FB5-rPa5wBA,1522866,2026-06-02,kept,近25年熱門新歌,Gareth.T / YouTube
Recent 25 Years Pop,songlists/pop-recent-25.json,POP25-1427,幸福的末班車,wb-1urQRAu0,1519960,2026-06-02,kept,近25年熱門新歌,TRASH Band / YouTube
Recent 25 Years Pop,songlists/pop-recent-25.json,POP25-1428,天天想你,yhqJFYO5rEY,1517416,2026-06-02,kept,近25年熱門新歌,滾石唱片 ROCK RECORDS / YouTube
Recent 25 Years Pop,songlists/pop-recent-25.json,POP25-1429,錯配,TGd5V2TcqL4,1512343,2026-06-02,kept,近25年熱門新歌,warnermusichk / YouTube
Recent 25 Years Pop,songlists/pop-recent-25.json,POP25-1430,膽小鬼,wszDYY2s5RE,1500257,2026-06-02,kept,近25年熱門新歌,持修ChihSiou / YouTube
Recent 25 Years Pop,songlists/pop-recent-25.json,POP25-1431,我不想別離,Q89oykKhQkk,1496616,2026-06-02,kept,近25年熱門新歌,TVB Music Group / YouTube
Recent 25 Years Pop,songlists/pop-recent-25.json,POP25-1432,餘額,puA3yVzyOm0,1493027,2026-06-02,kept,近25年熱門新歌,孫燕姿 Sun Yanzi / YouTube
Recent 25 Years Pop,songlists/pop-recent-25.json,POP25-1433,遇上愛,zfMKCK6JusE,1490004,2026-06-02,kept,近25年熱門新歌,rainieyangVEVO / YouTube
Recent 25 Years Pop,songlists/pop-recent-25.json,POP25-1434,地下社會,6LabvzaXFzc,1486763,2026-06-02,kept,近25年熱門新歌,八三夭 831 / YouTube
Recent 25 Years Pop,songlists/pop-recent-25.json,POP25-1435,今天的我,A0AW9NixPAo,1484940,2026-06-02,kept,近25年熱門新歌,滅火器 Fire EX. / YouTube
Recent 25 Years Pop,songlists/pop-recent-25.json,POP25-1436,一路走下去,ztFNbpasg-c,1480182,2026-06-02,kept,近25年熱門新歌,相信音樂BinMusic / YouTube
Recent 25 Years Pop,songlists/pop-recent-25.json,POP25-1437,六天,wWxICkvRuaw,1476348,2026-06-02,kept,近25年熱門新歌,Pakho Chau - Topic / YouTube
Recent 25 Years Pop,songlists/pop-recent-25.json,POP25-1438,娛樂人生,faaExBhoIKM,1475674,2026-06-02,kept,近25年熱門新歌,陳蕾Panther Chan / YouTube
Recent 25 Years Pop,songlists/pop-recent-25.json,POP25-1439,水仙花之死,R7iTUuvxIDU,1470656,2026-06-02,kept,近25年熱門新歌,吳青峰 Wu Qing Feng / YouTube
Recent 25 Years Pop,songlists/pop-recent-25.json,POP25-1440,圓謊,KnCYV_OHzXE,1469340,2026-06-02,kept,近25年熱門新歌,TVB Music Group / YouTube
Recent 25 Years Pop,songlists/pop-recent-25.json,POP25-1441,左手拖右手,xOOsXgIDrgo,1464767,2026-06-02,kept,近25年熱門新歌,MIRROR / YouTube
Recent 25 Years Pop,songlists/pop-recent-25.json,POP25-1442,在凌晨睡著的自己,XNy1JsQdadk,1463499,2026-06-02,kept,近25年熱門新歌,相信音樂BinMusic / YouTube
Recent 25 Years Pop,songlists/pop-recent-25.json,POP25-1443,裝睡的情人,uT5dFy8qs8s,1456371,2026-06-02,kept,近25年熱門新歌,英皇娛樂 eeg music / YouTube
Recent 25 Years Pop,songlists/pop-recent-25.json,POP25-1444,愛情訊息,t7Q-MkGfdHg,1449164,2026-06-02,kept,近25年熱門新歌,福茂唱片 / YouTube
Recent 25 Years Pop,songlists/pop-recent-25.json,POP25-1445,若你碰到他,cE48Lxc3iyc,1445821,2026-06-02,kept,近25年熱門新歌,亞神音樂娛樂 / YouTube
Recent 25 Years Pop,songlists/pop-recent-25.json,POP25-1446,本命,VDCqR1q06Cg,1440745,2026-06-02,kept,近25年熱門新歌,MIRROR / YouTube
Recent 25 Years Pop,songlists/pop-recent-25.json,POP25-1447,跳樓機,ajvfa7rYI28,1439850,2026-06-02,kept,近25年熱門新歌,Sony Music China索尼音樂中國 / YouTube
Recent 25 Years Pop,songlists/pop-recent-25.json,POP25-1448,天窗,tjF5gwBJcMY,1429122,2026-06-02,kept,近25年熱門新歌,英皇娛樂 eeg music / YouTube
Recent 25 Years Pop,songlists/pop-recent-25.json,POP25-1449,沒有錯,BjT39_uBz_s,1428760,2026-06-02,kept,近25年熱門新歌,相信音樂BinMusic / YouTube
Recent 25 Years Pop,songlists/pop-recent-25.json,POP25-1450,灰色的彩虹,i66vTkylqCg,1420164,2026-06-02,kept,近25年熱門新歌,福茂唱片 / YouTube
Recent 25 Years Pop,songlists/pop-recent-25.json,POP25-1451,沒有我的那個宇宙,pLDae4TmULQ,1419773,2026-06-02,kept,近25年熱門新歌,持修ChihSiou / YouTube
Recent 25 Years Pop,songlists/pop-recent-25.json,POP25-1452,鍾無艷,8IcZERfrl-4,1417263,2026-06-02,kept,近25年熱門新歌,KayTseVEVO / YouTube
Recent 25 Years Pop,songlists/pop-recent-25.json,POP25-1453,泥菩薩,GLHUzvH0k0s,1417271,2026-06-02,kept,近25年熱門新歌,Gareth.T / YouTube
Recent 25 Years Pop,songlists/pop-recent-25.json,POP25-1454,為妳寫的歌,-IAhp5VrSmI,1411228,2026-06-02,kept,近25年熱門新歌,warnermusichk / YouTube
Recent 25 Years Pop,songlists/pop-recent-25.json,POP25-1455,和每天講再見,sjtfPSCDgoU,1409708,2026-06-02,kept,近25年熱門新歌,universalmusichk / YouTube
Recent 25 Years Pop,songlists/pop-recent-25.json,POP25-1456,100種生活,nPcByqGfxQo,1407412,2026-06-02,kept,近25年熱門新歌,添翼音樂 TEAM EAR MUSIC / YouTube
Recent 25 Years Pop,songlists/pop-recent-25.json,POP25-1457,至少他不似你,ZRtCutwwCNA,1401739,2026-06-02,kept,近25年熱門新歌,Chantel Yiu 姚焯菲 / YouTube
Recent 25 Years Pop,songlists/pop-recent-25.json,POP25-1458,最後最後,VpiPsxjGnRM,1401638,2026-06-02,kept,近25年熱門新歌,Fiona Sit薛凱琪 / YouTube
Recent 25 Years Pop,songlists/pop-recent-25.json,POP25-1459,火星的班機,OhTXlv7m3xs,1401033,2026-06-02,kept,近25年熱門新歌,TRASH Band / YouTube
Recent 25 Years Pop,songlists/pop-recent-25.json,POP25-1460,一個人跳舞,m2uZSf3Fmiw,1399813,2026-06-02,kept,近25年熱門新歌,豐華唱片ForwardMusic / YouTube
Recent 25 Years Pop,songlists/pop-recent-25.json,POP25-1461,初心小島,07yhL9P4ND0,1397660,2026-06-02,kept,近25年熱門新歌,Chantel Yiu 姚焯菲 / YouTube
Recent 25 Years Pop,songlists/pop-recent-25.json,POP25-1462,躺在你的衣櫃,BPNXyVzJjtw,1396729,2026-06-02,kept,近25年熱門新歌,滾石唱片 ROCK RECORDS / YouTube
Recent 25 Years Pop,songlists/pop-recent-25.json,POP25-1463,彩虹,DmyWUnL-WWU,1394283,2026-06-02,kept,近25年熱門新歌,音樂歌詞MusicLyrics / YouTube
Recent 25 Years Pop,songlists/pop-recent-25.json,POP25-1464,後青春期的詩,pF8xLl305q4,1391725,2026-06-02,kept,近25年熱門新歌,相信音樂BinMusic / YouTube
Recent 25 Years Pop,songlists/pop-recent-25.json,POP25-1465,破鏡,mnuPXuNdJyQ,1390788,2026-06-02,kept,近25年熱門新歌,MIRROR / YouTube
Recent 25 Years Pop,songlists/pop-recent-25.json,POP25-1466,無以名狀的痛,Pd_aqueLR7Y,1390639,2026-06-02,kept,近25年熱門新歌,寰亞音樂 Media Asia Music Official Channel / YouTube
Recent 25 Years Pop,songlists/pop-recent-25.json,POP25-1467,白夜行,jVCRH95h8G4,1390035,2026-06-02,kept,近25年熱門新歌,Gin Lee李幸倪 / YouTube
Recent 25 Years Pop,songlists/pop-recent-25.json,POP25-1468,樹木真美,IWmKSe-PKHc,1384730,2026-06-02,kept,近25年熱門新歌,Serrini / YouTube
Recent 25 Years Pop,songlists/pop-recent-25.json,POP25-1469,我的愛,qyMm2-XsCB4,1383101,2026-06-02,kept,近25年熱門新歌,Timeless Music / YouTube
Recent 25 Years Pop,songlists/pop-recent-25.json,POP25-1470,遇見新的我,nLAphQeswCY,1379208,2026-06-02,kept,近25年熱門新歌,福茂唱片 / YouTube
Recent 25 Years Pop,songlists/pop-recent-25.json,POP25-1471,那陣時不知道,5xi49OreS3k,1370456,2026-06-02,kept,近25年熱門新歌,my little airport / YouTube
Recent 25 Years Pop,songlists/pop-recent-25.json,POP25-1472,侵略性的浪漫,W9ZSuvk3C_8,1363444,2026-06-02,kept,近25年熱門新歌,Speedy / YouTube
Recent 25 Years Pop,songlists/pop-recent-25.json,POP25-1473,怕安靜,Nci4JtZvukw,1362125,2026-06-02,kept,近25年熱門新歌,Timeless Music / YouTube
Recent 25 Years Pop,songlists/pop-recent-25.json,POP25-1474,華生,qBRi-vC0HPg,1357979,2026-06-02,kept,近25年熱門新歌,添翼音樂 TEAM EAR MUSIC / YouTube
Recent 25 Years Pop,songlists/pop-recent-25.json,POP25-1475,思凡,-oR-tBOLW2s,1351291,2026-06-02,kept,近25年熱門新歌,華研國際 / YouTube
Recent 25 Years Pop,songlists/pop-recent-25.json,POP25-1476,飛魚,NTrml2KJ7jk,1350566,2026-06-02,kept,近25年熱門新歌,蘇打綠 sodagreen / YouTube
Recent 25 Years Pop,songlists/pop-recent-25.json,POP25-1477,剛剛好,rXRKupl-uLo,1350581,2026-06-02,kept,近25年熱門新歌,薛之謙 JokerXue / YouTube
Recent 25 Years Pop,songlists/pop-recent-25.json,POP25-1478,夏之風物詩,eL5bXSfB-K0,1340165,2026-06-02,kept,近25年熱門新歌,林家謙 Terence Lam / YouTube
Recent 25 Years Pop,songlists/pop-recent-25.json,POP25-1479,半天空檔,C0rSKB7685o,1340142,2026-06-02,kept,近25年熱門新歌,洪嘉豪 Hung Kaho / YouTube
Recent 25 Years Pop,songlists/pop-recent-25.json,POP25-1480,無人問我,8nWIlcq6_H0,1340087,2026-06-02,kept,近25年熱門新歌,TVB Music Group / YouTube
Recent 25 Years Pop,songlists/pop-recent-25.json,POP25-1481,小小蟲,VIG9gy050Nc,1333279,2026-06-02,kept,近25年熱門新歌,warnermusichk / YouTube
Recent 25 Years Pop,songlists/pop-recent-25.json,POP25-1482,不为谁而作的歌,CK8xR68agG4,1332404,2026-06-02,kept,近25年熱門新歌,GM Lyric / YouTube
Recent 25 Years Pop,songlists/pop-recent-25.json,POP25-1483,半途,qg2krbOTCy8,1329830,2026-06-02,kept,近25年熱門新歌,蔡健雅 Tanya Chua / YouTube
Recent 25 Years Pop,songlists/pop-recent-25.json,POP25-1484,薔薇,naIMViEo4n0,1325135,2026-06-02,kept,近25年熱門新歌,Timeless Music / YouTube
Recent 25 Years Pop,songlists/pop-recent-25.json,POP25-1485,無條件為你,LErvlFt11Tg,1324699,2026-06-02,kept,近25年熱門新歌,Faye / YouTube
Recent 25 Years Pop,songlists/pop-recent-25.json,POP25-1486,牆紙,1sdr9cynbPM,1323072,2026-06-02,kept,近25年熱門新歌,容祖兒 Joey Yung / YouTube
Recent 25 Years Pop,songlists/pop-recent-25.json,POP25-1487,詩歌舞街,J2DxGXp8KYY,1322558,2026-06-02,kept,近25年熱門新歌,my little airport / YouTube
Recent 25 Years Pop,songlists/pop-recent-25.json,POP25-1488,不想懂得,nFJCqhgfPME,1322454,2026-06-02,kept,近25年熱門新歌,Faye / YouTube
Recent 25 Years Pop,songlists/pop-recent-25.json,POP25-1489,想得太遠,tvP8lRAfgbE,1319554,2026-06-02,kept,近25年熱門新歌,英皇娛樂 eeg music / YouTube
Recent 25 Years Pop,songlists/pop-recent-25.json,POP25-1490,一支獨秀,ycA_lU5E4wg,1313523,2026-06-02,kept,近25年熱門新歌,Timeless Music / YouTube
Recent 25 Years Pop,songlists/pop-recent-25.json,POP25-1491,蘇州河,U7WF8ouAiYw,1313015,2026-06-02,kept,近25年熱門新歌,Timeless Music Hong Kong天碟 / YouTube
Recent 25 Years Pop,songlists/pop-recent-25.json,POP25-1492,自以為,Q91aI_WC5x8,1312957,2026-06-02,kept,近25年熱門新歌,warnermusichk / YouTube
Recent 25 Years Pop,songlists/pop-recent-25.json,POP25-1493,吃定我,LeqKYYmymEA,1309347,2026-06-02,kept,近25年熱門新歌,universalmusichk / YouTube
Recent 25 Years Pop,songlists/pop-recent-25.json,POP25-1494,山旮旯,5IywmMeF69w,1304394,2026-06-02,kept,近25年熱門新歌,Jay Fung 馮允謙 / YouTube
Recent 25 Years Pop,songlists/pop-recent-25.json,POP25-1495,飛瀑而下,zjcltw4Fi0w,1303750,2026-06-02,kept,近25年熱門新歌,孫燕姿 Sun Yanzi / YouTube
Recent 25 Years Pop,songlists/pop-recent-25.json,POP25-1496,快樂的事記不起,QUk8xRDIJgY,1301335,2026-06-02,kept,近25年熱門新歌,告五人Accusefive / YouTube
Recent 25 Years Pop,songlists/pop-recent-25.json,POP25-1497,底里歇斯,LCCekH-czs4,1297637,2026-06-02,kept,近25年熱門新歌,Hebe Tien's Official Channel田馥甄官方專屬頻道 / YouTube
Recent 25 Years Pop,songlists/pop-recent-25.json,POP25-1498,石垣好朋友,tqXD72qsi-M,1295219,2026-06-02,kept,近25年熱門新歌,滅火器 Fire EX. / YouTube
Recent 25 Years Pop,songlists/pop-recent-25.json,POP25-1499,伸縮自如的愛,WAbRviznmgY,1291189,2026-06-02,kept,近25年熱門新歌,陳蕾Panther Chan / YouTube
Recent 25 Years Pop,songlists/pop-recent-25.json,POP25-1500,什麼什麼,5l1n25SHYqI,1288006,2026-06-02,kept,近25年熱門新歌,理想混蛋 Bestards / YouTube
Recent 25 Years Pop,songlists/pop-recent-25.json,POP25-1501,集合吧！地球保衛隊,8uCbyzHFXsc,1284732,2026-06-02,kept,近25年熱門新歌,寰亞音樂 Media Asia Music Official Channel / YouTube
Recent 25 Years Pop,songlists/pop-recent-25.json,POP25-1502,雨過天陰,WFvYqYd6el8,1280256,2026-06-02,kept,近25年熱門新歌,universalmusichk / YouTube
Recent 25 Years Pop,songlists/pop-recent-25.json,POP25-1503,樹會流眼淚,SWpG0OXLfMk,1274692,2026-06-02,kept,近25年熱門新歌,MIRROR / YouTube
Recent 25 Years Pop,songlists/pop-recent-25.json,POP25-1504,失憶鎮,8QdllosLKN4,1267530,2026-06-02,kept,近25年熱門新歌,吳青峰 Wu Qing Feng / YouTube
Recent 25 Years Pop,songlists/pop-recent-25.json,POP25-1505,從零開始的新世界,b9lRnd6DU1s,1255630,2026-06-02,kept,近25年熱門新歌,MIRROR / YouTube
Recent 25 Years Pop,songlists/pop-recent-25.json,POP25-1506,她整晚在寫信,ost5W5sJfn4,1251844,2026-06-02,kept,近25年熱門新歌,warnermusichk / YouTube
Recent 25 Years Pop,songlists/pop-recent-25.json,POP25-1507,苦瓜,cQ_86CAgb6s,1249063,2026-06-02,kept,近25年熱門新歌,GM Lyric / YouTube
Recent 25 Years Pop,songlists/pop-recent-25.json,POP25-1508,宮若梅,x6HQ6mcRTB8,1246639,2026-06-02,kept,近25年熱門新歌,太陽娛樂音樂 Sun Entertainment Music / YouTube
Recent 25 Years Pop,songlists/pop-recent-25.json,POP25-1509,空姐,1mUvImhx8_Q,1245237,2026-06-02,kept,近25年熱門新歌,universalmusichk / YouTube
Recent 25 Years Pop,songlists/pop-recent-25.json,POP25-1510,幸福了 然後呢,HICpVzFw8YA,1243716,2026-06-02,kept,近25年熱門新歌,kiki lyrics / YouTube
Recent 25 Years Pop,songlists/pop-recent-25.json,POP25-1511,終生女友,mNEH_HtNrQs,1243425,2026-06-02,kept,近25年熱門新歌,universalmusichk / YouTube
Recent 25 Years Pop,songlists/pop-recent-25.json,POP25-1512,我們的探險計劃,QMd7lp5n5qU,1242529,2026-06-02,kept,近25年熱門新歌,相信音樂BinMusic / YouTube
Recent 25 Years Pop,songlists/pop-recent-25.json,POP25-1513,回音收集員,li05s2C5410,1228081,2026-06-02,kept,近25年熱門新歌,吳青峰 Wu Qing Feng / YouTube
Recent 25 Years Pop,songlists/pop-recent-25.json,POP25-1514,決戰二世祖,Qo3JerpR0cI,1227965,2026-06-02,kept,近25年熱門新歌,Timeless Music Hong Kong天碟 / YouTube
Recent 25 Years Pop,songlists/pop-recent-25.json,POP25-1515,橙海,8Jy0R5gjrVQ,1225718,2026-06-02,kept,近25年熱門新歌,Supper Moment / YouTube
Recent 25 Years Pop,songlists/pop-recent-25.json,POP25-1516,有色眼鏡,hz5hJjbXUXU,1223489,2026-06-02,kept,近25年熱門新歌,林家謙 Terence Lam / YouTube
Recent 25 Years Pop,songlists/pop-recent-25.json,POP25-1517,陽光空氣,gY2an4vsWX0,1216199,2026-06-02,kept,近25年熱門新歌,TVB Music Group / YouTube
Recent 25 Years Pop,songlists/pop-recent-25.json,POP25-1518,明天的微笑,099zk5P9CW8,1216116,2026-06-02,kept,近25年熱門新歌,滾石唱片 ROCK RECORDS / YouTube
Recent 25 Years Pop,songlists/pop-recent-25.json,POP25-1519,分開的常理,RX38MmhushM,1213772,2026-06-02,kept,近25年熱門新歌,相信音樂BinMusic / YouTube
Recent 25 Years Pop,songlists/pop-recent-25.json,POP25-1520,我的錯,-oGf-8ndto4,1210719,2026-06-02,kept,近25年熱門新歌,Karencici / YouTube
Recent 25 Years Pop,songlists/pop-recent-25.json,POP25-1521,祝你生日快樂,5NZhqNDSSGI,1205867,2026-06-02,kept,近25年熱門新歌,理想混蛋 Bestards / YouTube
Recent 25 Years Pop,songlists/pop-recent-25.json,POP25-1522,雛形,EG9RR22TUXI,1201316,2026-06-02,kept,近25年熱門新歌,LaLa 徐佳瑩 / YouTube
Recent 25 Years Pop,songlists/pop-recent-25.json,POP25-1523,曖昧林檎,gTOwfzItpSY,1198457,2026-06-02,kept,近25年熱門新歌,樂事達娛樂有限公司 / YouTube
Recent 25 Years Pop,songlists/pop-recent-25.json,POP25-1524,一刻戀上,T-jfK304W7o,1181770,2026-06-02,kept,近25年熱門新歌,寰亞音樂 Media Asia Music Official Channel / YouTube
Recent 25 Years Pop,songlists/pop-recent-25.json,POP25-1525,哭泣健康指南,L2I7TZCzBow,1178551,2026-06-02,kept,近25年熱門新歌,Gin Lee李幸倪 / YouTube
Recent 25 Years Pop,songlists/pop-recent-25.json,POP25-1526,拍檔,8kPPL-h-GuQ,1176372,2026-06-02,kept,近25年熱門新歌,福茂唱片 / YouTube
Recent 25 Years Pop,songlists/pop-recent-25.json,POP25-1527,不完整的旋律,f8aDjhn6jeA,1167590,2026-06-02,kept,近25年熱門新歌,leehomwangVEVO / YouTube
Recent 25 Years Pop,songlists/pop-recent-25.json,POP25-1528,大志若魚,pVnxe5QIADE,1164856,2026-06-02,kept,近25年熱門新歌,相信音樂BinMusic / YouTube
Recent 25 Years Pop,songlists/pop-recent-25.json,POP25-1529,漂鳥,vCgX5pipDDQ,1160508,2026-06-02,kept,近25年熱門新歌,理想混蛋 Bestards / YouTube
Recent 25 Years Pop,songlists/pop-recent-25.json,POP25-1530,我不要被你記住,wtpxykUQ8_M,1160362,2026-06-02,kept,近25年熱門新歌,Pakho Chau周柏豪 / YouTube
Recent 25 Years Pop,songlists/pop-recent-25.json,POP25-1531,宇宙小姐,rFZ6ydvwT20,1154346,2026-06-02,kept,近25年熱門新歌,華研國際 / YouTube
Recent 25 Years Pop,songlists/pop-recent-25.json,POP25-1532,煉獄健身室,pFRMZid8Olw,1153636,2026-06-02,kept,近25年熱門新歌,寰亞音樂 Media Asia Music Official Channel / YouTube
Recent 25 Years Pop,songlists/pop-recent-25.json,POP25-1533,合久必婚,HZ8DRiTDigA,1151288,2026-06-02,kept,近25年熱門新歌,The Show Must Go On / YouTube
Recent 25 Years Pop,songlists/pop-recent-25.json,POP25-1534,飄浮女孩,5ssDwDVjIAU,1145573,2026-06-02,kept,近25年熱門新歌,AMusic Official Channel / YouTube
Recent 25 Years Pop,songlists/pop-recent-25.json,POP25-1535,最冷的一天,qHKLV-UuVvs,1143066,2026-06-02,kept,近25年熱門新歌,TVB Music Group / YouTube
Recent 25 Years Pop,songlists/pop-recent-25.json,POP25-1536,一二三,6q_YFqX6uEw,1142746,2026-06-02,kept,近25年熱門新歌,Hebe Tien's Official Channel田馥甄官方專屬頻道 / YouTube
Recent 25 Years Pop,songlists/pop-recent-25.json,POP25-1537,我就奇怪,lUFPZiSfWng,1141516,2026-06-02,kept,近25年熱門新歌,sodagreen_aka_oaeen / YouTube
Recent 25 Years Pop,songlists/pop-recent-25.json,POP25-1538,獨身的理由,AiFaO2QzxqQ,1140461,2026-06-02,kept,近25年熱門新歌,my little airport / YouTube
Recent 25 Years Pop,songlists/pop-recent-25.json,POP25-1539,綠洲,bdNxw57bLZI,1137649,2026-06-02,kept,近25年熱門新歌,亞神音樂娛樂 / YouTube
Recent 25 Years Pop,songlists/pop-recent-25.json,POP25-1540,最後一間唱片舖,gwOhmYGihUw,1137316,2026-06-02,kept,近25年熱門新歌,Dear Jane / YouTube
Recent 25 Years Pop,songlists/pop-recent-25.json,POP25-1541,不安小姐,s1vpCMOLsTk,1128379,2026-06-02,kept,近25年熱門新歌,LaLa 徐佳瑩 / YouTube
Recent 25 Years Pop,songlists/pop-recent-25.json,POP25-1542,醜八怪,mCdi-W2R_AY,1123912,2026-06-02,kept,近25年熱門新歌,薛之謙 JokerXue / YouTube
Recent 25 Years Pop,songlists/pop-recent-25.json,POP25-1543,在地球爆炸之前,c6IKZrAIUtQ,1120418,2026-06-02,kept,近25年熱門新歌,理想混蛋 Bestards / YouTube
Recent 25 Years Pop,songlists/pop-recent-25.json,POP25-1544,無名氏,ILn_bD6JR5g,1117971,2026-06-02,kept,近25年熱門新歌,MC 張天賦 / YouTube
Recent 25 Years Pop,songlists/pop-recent-25.json,POP25-1545,花邊細胞,VolvXNFcWgM,1116941,2026-06-02,kept,近25年熱門新歌,MIRROR / YouTube
Recent 25 Years Pop,songlists/pop-recent-25.json,POP25-1546,最好,9sHEpge6xY4,1116681,2026-06-02,kept,近25年熱門新歌,薛之謙 JokerXue / YouTube
Recent 25 Years Pop,songlists/pop-recent-25.json,POP25-1547,極限,1EMYVt0odI0,1115480,2026-06-02,kept,近25年熱門新歌,亞神音樂娛樂 / YouTube
Recent 25 Years Pop,songlists/pop-recent-25.json,POP25-1548,花無雪,H8s8mKe7NQ4,1110821,2026-06-02,kept,近25年熱門新歌,英皇娛樂 eeg music / YouTube
Recent 25 Years Pop,songlists/pop-recent-25.json,POP25-1549,閃閃惹人愛,Ipw0M1N_1iI,1108430,2026-06-02,kept,近25年熱門新歌,Timeless Music / YouTube
Recent 25 Years Pop,songlists/pop-recent-25.json,POP25-1550,頌讚詩,MYtwCgfimZI,1104215,2026-06-02,kept,近25年熱門新歌,PhillamVEVO / YouTube
Recent 25 Years Pop,songlists/pop-recent-25.json,POP25-1551,金童子,hgGoXAwA6J4,1093935,2026-06-02,kept,近25年熱門新歌,Gareth.T / YouTube
Recent 25 Years Pop,songlists/pop-recent-25.json,POP25-1552,坐上慢車吹自由的風,-BoQwvCb3Ek,1091706,2026-06-02,kept,近25年熱門新歌,Rainie Yang's Official Channel楊丞琳官方專屬頻道 / YouTube
Recent 25 Years Pop,songlists/pop-recent-25.json,POP25-1553,自我的介紹,TNEWbqv7qcY,1091066,2026-06-02,kept,近25年熱門新歌,添翼音樂 TEAM EAR MUSIC / YouTube
Recent 25 Years Pop,songlists/pop-recent-25.json,POP25-1554,萬事大吉,83AG-PhUvjU,1090392,2026-06-02,kept,近25年熱門新歌,理想混蛋 Bestards / YouTube
Recent 25 Years Pop,songlists/pop-recent-25.json,POP25-1555,白玫瑰,7fPO8QtK1dg,1086570,2026-06-02,kept,近25年熱門新歌,GM Lyric / YouTube
Recent 25 Years Pop,songlists/pop-recent-25.json,POP25-1556,回眸一笑,4CxBJ1fLBnE,1085299,2026-06-02,kept,近25年熱門新歌,jasonchanVEVO / YouTube
Recent 25 Years Pop,songlists/pop-recent-25.json,POP25-1557,總算我們也愛過,zZnentvZyXU,1083342,2026-06-02,kept,近25年熱門新歌,福茂唱片 / YouTube
Recent 25 Years Pop,songlists/pop-recent-25.json,POP25-1558,目黑,6vMVnQJOsBs,1082954,2026-06-02,kept,近25年熱門新歌,Timeless Music Hong Kong天碟 / YouTube
Recent 25 Years Pop,songlists/pop-recent-25.json,POP25-1559,月無聲,Q9uBysuBNc0,1082219,2026-06-02,kept,近25年熱門新歌,TVB Music Group / YouTube
Recent 25 Years Pop,songlists/pop-recent-25.json,POP25-1560,樹,Zk3sgptSjZ8,1078363,2026-06-02,kept,近25年熱門新歌,Serrini / YouTube
Recent 25 Years Pop,songlists/pop-recent-25.json,POP25-1561,不曾寧靜的夜,doFqIhKQWss,1078104,2026-06-02,kept,近25年熱門新歌,宇宙人Cosmos People / YouTube
Recent 25 Years Pop,songlists/pop-recent-25.json,POP25-1562,密切接觸者,UMSBP3mX8q0,1076482,2026-06-02,kept,近25年熱門新歌,寰亞音樂 Media Asia Music Official Channel / YouTube
Recent 25 Years Pop,songlists/pop-recent-25.json,POP25-1563,可惜没如果,Gf_akcV3tRE,1075816,2026-06-02,kept,近25年熱門新歌,GM Lyric / YouTube
Recent 25 Years Pop,songlists/pop-recent-25.json,POP25-1564,心碎,b9uiaHdITe4,1075123,2026-06-02,kept,近25年熱門新歌,持修ChihSiou / YouTube
Recent 25 Years Pop,songlists/pop-recent-25.json,POP25-1565,手繪黑卡,dbO-5kOZEWY,1074037,2026-06-02,kept,近25年熱門新歌,Jay Fung 馮允謙 / YouTube
Recent 25 Years Pop,songlists/pop-recent-25.json,POP25-1566,地球來的人,kgW_XpA7JPg,1073780,2026-06-02,kept,近25年熱門新歌,Jay Fung 馮允謙 / YouTube
Recent 25 Years Pop,songlists/pop-recent-25.json,POP25-1567,無所事事,-XDMyD1l9_M,1073361,2026-06-02,kept,近25年熱門新歌,相信音樂BinMusic / YouTube
Recent 25 Years Pop,songlists/pop-recent-25.json,POP25-1568,我要的幸福,pOTYUXw97hc,1070486,2026-06-02,kept,近25年熱門新歌,Timeless Music / YouTube
Recent 25 Years Pop,songlists/pop-recent-25.json,POP25-1569,無名英雄,nnkrwMBK6lQ,1069150,2026-06-02,kept,近25年熱門新歌,滅火器 Fire EX. / YouTube
Recent 25 Years Pop,songlists/pop-recent-25.json,POP25-1570,第二順位,b2Vz6etdOCI,1066961,2026-06-02,kept,近25年熱門新歌,潘瑋柏官方頻道Will Pan / YouTube
Recent 25 Years Pop,songlists/pop-recent-25.json,POP25-1571,不要活成自己討厭的模樣,8ccfqN6oQYI,1066498,2026-06-02,kept,近25年熱門新歌,MIRROR / YouTube
Recent 25 Years Pop,songlists/pop-recent-25.json,POP25-1572,沙灘,q5b2eJzA_8U,1066277,2026-06-02,kept,近25年熱門新歌,Timeless Music / YouTube
Recent 25 Years Pop,songlists/pop-recent-25.json,POP25-1573,此刻無價,TZMjO7AM5xo,1061980,2026-06-02,kept,近25年熱門新歌,寰亞音樂 Media Asia Music Official Channel / YouTube
Recent 25 Years Pop,songlists/pop-recent-25.json,POP25-1574,敢,KUMnBDDlkQw,1061352,2026-06-02,kept,近25年熱門新歌,universalmusichk / YouTube
Recent 25 Years Pop,songlists/pop-recent-25.json,POP25-1575,純真,W1bxheRcR70,1060443,2026-06-02,kept,近25年熱門新歌,滾石唱片 ROCK RECORDS / YouTube
Recent 25 Years Pop,songlists/pop-recent-25.json,POP25-1576,後人類的美麗與哀愁,G1OqlJ4JpS4,1057128,2026-06-02,kept,近25年熱門新歌,Gin Lee李幸倪 / YouTube
Recent 25 Years Pop,songlists/pop-recent-25.json,POP25-1577,最後的風度,qh5mJxcYqPA,1056360,2026-06-02,kept,近25年熱門新歌,Timeless Music / YouTube
Recent 25 Years Pop,songlists/pop-recent-25.json,POP25-1578,身體語言,Yc0D5ozS6-E,1055702,2026-06-02,kept,近25年熱門新歌,Dear Jane / YouTube
Recent 25 Years Pop,songlists/pop-recent-25.json,POP25-1579,動物世界,1tJtxo-34iA,1054176,2026-06-02,kept,近25年熱門新歌,Cherry橋 / YouTube
Recent 25 Years Pop,songlists/pop-recent-25.json,POP25-1580,除下吊帶前,22DrwwFdrXE,1047953,2026-06-02,kept,近25年熱門新歌,warnermusichk / YouTube
Recent 25 Years Pop,songlists/pop-recent-25.json,POP25-1581,揮揮手,KU4I9olNrc0,1047814,2026-06-02,kept,近25年熱門新歌,JW 王灝兒 / YouTube
Recent 25 Years Pop,songlists/pop-recent-25.json,POP25-1582,轉彎到,lcqs7nQ1B5E,1047749,2026-06-02,kept,近25年熱門新歌,鄧小巧 Tang Siu Hau / YouTube
Recent 25 Years Pop,songlists/pop-recent-25.json,POP25-1583,給十年後的我,XO5LUg6qs1E,1044554,2026-06-02,kept,近25年熱門新歌,PAk924 / YouTube
Recent 25 Years Pop,songlists/pop-recent-25.json,POP25-1584,偶像已死,-24iWWT9hj4,1041312,2026-06-02,kept,近25年熱門新歌,Gareth.T / YouTube
Recent 25 Years Pop,songlists/pop-recent-25.json,POP25-1585,南昌街王子,T5aPBsbz_Q0,1040212,2026-06-02,kept,近25年熱門新歌,Fiona Sit薛凱琪 / YouTube
Recent 25 Years Pop,songlists/pop-recent-25.json,POP25-1586,潛水,fjK6LoEisok,1036775,2026-06-02,kept,近25年熱門新歌,張敬軒 Hins Cheung / YouTube
Recent 25 Years Pop,songlists/pop-recent-25.json,POP25-1587,反鎖,VtTX9u6xh08,1035871,2026-06-02,kept,近25年熱門新歌,韋禮安 WeiBird / YouTube
Recent 25 Years Pop,songlists/pop-recent-25.json,POP25-1588,九龍公園游泳池,8kla1Swx5tU,1034343,2026-06-02,kept,近25年熱門新歌,my little airport / YouTube
Recent 25 Years Pop,songlists/pop-recent-25.json,POP25-1589,四人遊,K5D3vYVMVZY,1033945,2026-06-02,kept,近25年熱門新歌,warnermusichk / YouTube
Recent 25 Years Pop,songlists/pop-recent-25.json,POP25-1590,如果我是一首歌,OHrs75hV6MI,1028795,2026-06-02,kept,近25年熱門新歌,thisisyoyotube / YouTube
Recent 25 Years Pop,songlists/pop-recent-25.json,POP25-1591,感動,MwUI8K21cnA,1027103,2026-06-02,kept,近25年熱門新歌,Brian C / YouTube
Recent 25 Years Pop,songlists/pop-recent-25.json,POP25-1592,準明星,MmH137Vrsww,1026474,2026-06-02,kept,近25年熱門新歌,LaLa 徐佳瑩 / YouTube
Recent 25 Years Pop,songlists/pop-recent-25.json,POP25-1593,網絡安全隱患,TyuMSmvNnhY,1025907,2026-06-02,kept,近25年熱門新歌,Serrini / YouTube
Recent 25 Years Pop,songlists/pop-recent-25.json,POP25-1594,討厭紅樓夢,cOy2rdGe8LE,1025028,2026-06-02,kept,近25年熱門新歌,Timeless Music / YouTube
Recent 25 Years Pop,songlists/pop-recent-25.json,POP25-1595,迷幻,pR3bvNzeWJc,1024391,2026-06-02,kept,近25年熱門新歌,吳青峰 Wu Qing Feng / YouTube
Recent 25 Years Pop,songlists/pop-recent-25.json,POP25-1596,給想要綻放的人,88k6VIytFdU,1022621,2026-06-02,kept,近25年熱門新歌,八三夭 831 / YouTube
Recent 25 Years Pop,songlists/pop-recent-25.json,POP25-1597,草戒指,WV4-GeGQdHA,1020913,2026-06-02,kept,近25年熱門新歌,Dear Jane / YouTube
Recent 25 Years Pop,songlists/pop-recent-25.json,POP25-1598,曖,t-LbD56AjCY,1018444,2026-06-02,kept,近25年熱門新歌,滾石唱片 ROCK RECORDS / YouTube
Recent 25 Years Pop,songlists/pop-recent-25.json,POP25-1599,約翰與洋子,3VNCuQodDLs,1018142,2026-06-02,kept,近25年熱門新歌,Dear Jane / YouTube
Recent 25 Years Pop,songlists/pop-recent-25.json,POP25-1600,不愛無壞,39YDgWeP4II,1013006,2026-06-02,kept,近25年熱門新歌,jasonchanVEVO / YouTube
Recent 25 Years Pop,songlists/pop-recent-25.json,POP25-1601,二十年後的歌,UNMjFrGR7oo,1010284,2026-06-02,kept,近25年熱門新歌,Dear Jane / YouTube
Recent 25 Years Pop,songlists/pop-recent-25.json,POP25-1602,全身暑假,gh562sHwaME,1008331,2026-06-02,kept,近25年熱門新歌,英皇娛樂 eeg music / YouTube
Recent 25 Years Pop,songlists/pop-recent-25.json,POP25-1603,漂浮,hXcsVlr6o2M,1006193,2026-06-02,kept,近25年熱門新歌,sodagreen_aka_oaeen / YouTube
Recent 25 Years Pop,songlists/pop-recent-25.json,POP25-1604,獨照,exHKkn3Xl0k,1005066,2026-06-02,kept,近25年熱門新歌,英皇娛樂 eeg music / YouTube
Recent 25 Years Pop,songlists/pop-recent-25.json,POP25-1605,你留給我的遺憾無以名狀,6b1BogVMcRo,1001290,2026-06-02,kept,近25年熱門新歌,理想混蛋 Bestards / YouTube
Recent 25 Years Pop,songlists/pop-recent-25.json,POP25-1606,無愧於當初的我,D4WlTJbcw38,994141,2026-06-02,kept,近25年熱門新歌,Gin Lee李幸倪 / YouTube
Recent 25 Years Pop,songlists/pop-recent-25.json,POP25-1607,百萬大道,KnyV38Rie8s,986524,2026-06-02,kept,近25年熱門新歌,MC 張天賦 / YouTube
Recent 25 Years Pop,songlists/pop-recent-25.json,POP25-1608,淚滴,N2t7H3qVwwg,981338,2026-06-02,kept,近25年熱門新歌,相信音樂BinMusic / YouTube
Recent 25 Years Pop,songlists/pop-recent-25.json,POP25-1609,天然的最好,dWxQ4TuLl78,980417,2026-06-02,kept,近25年熱門新歌,添翼音樂 TEAM EAR MUSIC / YouTube
Recent 25 Years Pop,songlists/pop-recent-25.json,POP25-1610,大海少年,zK83NYinTiE,975038,2026-06-02,kept,近25年熱門新歌,MIRROR / YouTube
Recent 25 Years Pop,songlists/pop-recent-25.json,POP25-1611,沉船,vPHdb9ygCJc,971075,2026-06-02,kept,近25年熱門新歌,福茂唱片 / YouTube
Recent 25 Years Pop,songlists/pop-recent-25.json,POP25-1612,安全感,OvdHQUPgF0c,966249,2026-06-02,kept,近25年熱門新歌,leehomwangVEVO / YouTube
Recent 25 Years Pop,songlists/pop-recent-25.json,POP25-1613,還有沒有愛,F_ftEjOi7-o,965744,2026-06-02,kept,近25年熱門新歌,持修ChihSiou / YouTube
Recent 25 Years Pop,songlists/pop-recent-25.json,POP25-1614,霸道總裁,UFNikE8uz9o,963874,2026-06-02,kept,近25年熱門新歌,MIRROR / YouTube
Recent 25 Years Pop,songlists/pop-recent-25.json,POP25-1615,下流社會,WVIhF7eKX94,961601,2026-06-02,kept,近25年熱門新歌,陳蕾Panther Chan / YouTube
Recent 25 Years Pop,songlists/pop-recent-25.json,POP25-1616,宏願,i3PvrAQJvFg,960347,2026-06-02,kept,近25年熱門新歌,Jimzee / YouTube
Recent 25 Years Pop,songlists/pop-recent-25.json,POP25-1617,輕輕,KMAWs9GhZFA,958780,2026-06-02,kept,近25年熱門新歌,添翼音樂 TEAM EAR MUSIC / YouTube
Recent 25 Years Pop,songlists/pop-recent-25.json,POP25-1618,似曾相識,h-akYlmcMmg,958737,2026-06-02,kept,近25年熱門新歌,Timeless Music / YouTube
Recent 25 Years Pop,songlists/pop-recent-25.json,POP25-1619,鐵樹,2QhULQhSqtg,957848,2026-06-02,kept,近25年熱門新歌,warnermusichk / YouTube
Recent 25 Years Pop,songlists/pop-recent-25.json,POP25-1620,樂壇已死,WrcjKTXOpHE,956364,2026-06-02,kept,近25年熱門新歌,TONE MUSIC TV / YouTube
Recent 25 Years Pop,songlists/pop-recent-25.json,POP25-1621,下雨了,vSRGk_LnlpQ,946736,2026-06-02,kept,近25年熱門新歌,JOKER XUE MUSIC / YouTube
Recent 25 Years Pop,songlists/pop-recent-25.json,POP25-1622,早到的,OGu2mqOQ9_k,941042,2026-06-02,kept,近25年熱門新歌,Gareth.T / YouTube
Recent 25 Years Pop,songlists/pop-recent-25.json,POP25-1623,身驕肉貴,iIuFJS2iUB4,940251,2026-06-02,kept,近25年熱門新歌,英皇娛樂 eeg music / YouTube
Recent 25 Years Pop,songlists/pop-recent-25.json,POP25-1624,差半步,3-vQfVnvUF0,939244,2026-06-02,kept,近25年熱門新歌,warnermusichk / YouTube
Recent 25 Years Pop,songlists/pop-recent-25.json,POP25-1625,表白,S9TCMHqQPF8,938315,2026-06-02,kept,近25年熱門新歌,lilpinkfrogtpc / YouTube
Recent 25 Years Pop,songlists/pop-recent-25.json,POP25-1626,決定我愛你,yLb1gJy6Ku4,935914,2026-06-02,kept,近25年熱門新歌,徐暐翔Vash Hsu / YouTube
Recent 25 Years Pop,songlists/pop-recent-25.json,POP25-1627,原點,rrmkDqO5-XI,935760,2026-06-02,kept,近25年熱門新歌,Timeless Music / YouTube
Recent 25 Years Pop,songlists/pop-recent-25.json,POP25-1628,心照一生,QGw8x4j_u5A,933888,2026-06-02,kept,近25年熱門新歌,RubberBand / YouTube
Recent 25 Years Pop,songlists/pop-recent-25.json,POP25-1629,我們一起離開吧,23EOOnhTdBQ,932629,2026-06-02,kept,近25年熱門新歌,my little airport / YouTube
Recent 25 Years Pop,songlists/pop-recent-25.json,POP25-1630,不想有遺憾,RmxcfoFh6T0,930639,2026-06-02,kept,近25年熱門新歌,福茂唱片 / YouTube
Recent 25 Years Pop,songlists/pop-recent-25.json,POP25-1631,真實,D4WGOXced0k,925807,2026-06-02,kept,近25年熱門新歌,华语歌曲频道 / YouTube
Recent 25 Years Pop,songlists/pop-recent-25.json,POP25-1632,超級英雄的約定,4EgTtcE3Lmc,920349,2026-06-02,kept,近25年熱門新歌,TRASH Band / YouTube
Recent 25 Years Pop,songlists/pop-recent-25.json,POP25-1633,沒明⽇的恐懼,GmVtpXz1AL4,917958,2026-06-02,kept,近25年熱門新歌,寰亞音樂 Media Asia Music Official Channel / YouTube
Recent 25 Years Pop,songlists/pop-recent-25.json,POP25-1634,愚人遊戲,SBsDkwbL-G4,4960834,2026-06-02,kept,近25年熱門新歌,相信音樂BinMusic / YouTube
Recent 25 Years Pop,songlists/pop-recent-25.json,POP25-1635,這就是愛嗎,9Cg8dK812og,916690,2026-06-02,kept,近25年熱門新歌,英皇娛樂 eeg music / YouTube
Recent 25 Years Pop,songlists/pop-recent-25.json,POP25-1636,小林不動產,KNwmV-dUBXU,913742,2026-06-02,kept,近25年熱門新歌,林家謙 Terence Lam / YouTube
Recent 25 Years Pop,songlists/pop-recent-25.json,POP25-1637,流淚手心,A-dmX5lKcgc,912300,2026-06-02,kept,近25年熱門新歌,leehomwangVEVO / YouTube
Recent 25 Years Pop,songlists/pop-recent-25.json,POP25-1638,一隻小豬,6gyZyIu0SUw,905000,2026-06-02,kept,近25年熱門新歌,英皇娛樂 eeg music / YouTube
Recent 25 Years Pop,songlists/pop-recent-25.json,POP25-1639,磨牙,YeLPxQsIm7M,903199,2026-06-02,kept,近25年熱門新歌,warnermusichk / YouTube
Recent 25 Years Pop,songlists/pop-recent-25.json,POP25-1640,落寞,6t5X1VeyqDg,899981,2026-06-02,kept,近25年熱門新歌,sodagreen_aka_oaeen / YouTube
Recent 25 Years Pop,songlists/pop-recent-25.json,POP25-1641,無題時想起的人,2e8KF4fvzlM,899637,2026-06-02,kept,近25年熱門新歌,PhillamVEVO / YouTube
Recent 25 Years Pop,songlists/pop-recent-25.json,POP25-1642,最寂寞的時候,vjybouULctM,891491,2026-06-02,kept,近25年熱門新歌,添翼音樂 TEAM EAR MUSIC / YouTube
Recent 25 Years Pop,songlists/pop-recent-25.json,POP25-1643,明白,ZwAx-9Ej0Zw,890494,2026-06-02,kept,近25年熱門新歌,福茂唱片 / YouTube
Recent 25 Years Pop,songlists/pop-recent-25.json,POP25-1644,愁人節,VBdQbYMcSPI,887868,2026-06-02,kept,近25年熱門新歌,lovehasitall / YouTube
Recent 25 Years Pop,songlists/pop-recent-25.json,POP25-1645,第一個早晨,KYkOSnvYPK4,885846,2026-06-02,kept,近25年熱門新歌,PhillamVEVO / YouTube
Recent 25 Years Pop,songlists/pop-recent-25.json,POP25-1646,稳稳的幸福,uKNAYfO8nck,885244,2026-06-02,kept,近25年熱門新歌,GM Lyric / YouTube
Recent 25 Years Pop,songlists/pop-recent-25.json,POP25-1647,最好的解藥,JSFkApgZVNU,883150,2026-06-02,kept,近25年熱門新歌,寰亞音樂 Media Asia Music Official Channel / YouTube
Recent 25 Years Pop,songlists/pop-recent-25.json,POP25-1648,離不開,pNDI9oBG7po,881938,2026-06-02,kept,近25年熱門新歌,Kay Tse 謝安琪 / YouTube
Recent 25 Years Pop,songlists/pop-recent-25.json,POP25-1649,我很好那麼你呢?,pr3o2Hjhs3s,880357,2026-06-02,kept,近25年熱門新歌,Timeless Music / YouTube
Recent 25 Years Pop,songlists/pop-recent-25.json,POP25-1650,從愛發落,UouciXVQ5Ak,880325,2026-06-02,kept,近25年熱門新歌,Show Lo's Official Channel羅志祥官方專屬頻道 / YouTube
Recent 25 Years Pop,songlists/pop-recent-25.json,POP25-1651,只要你不尷尬,C0tXBS8Rpyk,878270,2026-06-02,kept,近25年熱門新歌,洪嘉豪 Hung Kaho / YouTube
Recent 25 Years Pop,songlists/pop-recent-25.json,POP25-1652,在家裡,UD3K0ZTTbW4,876787,2026-06-02,kept,近25年熱門新歌,相信音樂BinMusic / YouTube
Recent 25 Years Pop,songlists/pop-recent-25.json,POP25-1653,不要怪我,02wG1vhhRn8,875821,2026-06-02,kept,近25年熱門新歌,華研國際 / YouTube
Recent 25 Years Pop,songlists/pop-recent-25.json,POP25-1654,作為怪物,dM5zQPZV60M,875236,2026-06-02,kept,近25年熱門新歌,吳青峰 Wu Qing Feng / YouTube
Recent 25 Years Pop,songlists/pop-recent-25.json,POP25-1655,然之後,2EdosoB8GeY,874660,2026-06-02,kept,近25年熱門新歌,Jay Fung 馮允謙 / YouTube
Recent 25 Years Pop,songlists/pop-recent-25.json,POP25-1656,聊表心意,mWrRsdnkKEc,874735,2026-06-02,kept,近25年熱門新歌,薛之謙 JokerXue / YouTube
Recent 25 Years Pop,songlists/pop-recent-25.json,POP25-1657,你對我已經唔係好似以前咁,FcmEPto-vA8,873636,2026-06-02,kept,近25年熱門新歌,ToNick / YouTube
Recent 25 Years Pop,songlists/pop-recent-25.json,POP25-1658,斷絕來往,pU9DwW4hbKo,870695,2026-06-02,kept,近25年熱門新歌,jasonchanVEVO / YouTube
Recent 25 Years Pop,songlists/pop-recent-25.json,POP25-1659,追風箏的孩子,cNkfFU0qCxk,870345,2026-06-02,kept,近25年熱門新歌,英皇娛樂 eeg music / YouTube
Recent 25 Years Pop,songlists/pop-recent-25.json,POP25-1660,誰人在身邊,mlVpSkDUgnU,870083,2026-06-02,kept,近25年熱門新歌,TVB Music Group / YouTube
Recent 25 Years Pop,songlists/pop-recent-25.json,POP25-1661,北上,iTtthpfRlhc,869458,2026-06-02,kept,近25年熱門新歌,YOYOROCK 滾石移動 / YouTube
Recent 25 Years Pop,songlists/pop-recent-25.json,POP25-1662,寂寞的季節,9J_NxeC-NeE,868985,2026-06-02,kept,近25年熱門新歌,Timeless Music / YouTube
Recent 25 Years Pop,songlists/pop-recent-25.json,POP25-1663,簡單,xzi2OnlWqgY,867006,2026-06-02,kept,近25年熱門新歌,福茂唱片 / YouTube
Recent 25 Years Pop,songlists/pop-recent-25.json,POP25-1664,小故事,x0XTUYOeJzY,864000,2026-06-02,kept,近25年熱門新歌,JW 王灝兒 / YouTube
Recent 25 Years Pop,songlists/pop-recent-25.json,POP25-1665,彈起來,uT_UNRBldYc,858412,2026-06-02,kept,近25年熱門新歌,福茂唱片 / YouTube
Recent 25 Years Pop,songlists/pop-recent-25.json,POP25-1666,大火,YKzSFmpLvGk,855873,2026-06-02,kept,近25年熱門新歌,錒鈴Emma / YouTube
Recent 25 Years Pop,songlists/pop-recent-25.json,POP25-1667,類似愛情,nlejjTDgHBg,853095,2026-06-02,kept,近25年熱門新歌,Timeless Music / YouTube
Recent 25 Years Pop,songlists/pop-recent-25.json,POP25-1668,不要愛我,C2KeZhBXxlE,851777,2026-06-02,kept,近25年熱門新歌,warnermusichk / YouTube
Recent 25 Years Pop,songlists/pop-recent-25.json,POP25-1669,好事派對,5HkZTZPbu24,851230,2026-06-02,kept,近25年熱門新歌,相信音樂BinMusic / YouTube
Recent 25 Years Pop,songlists/pop-recent-25.json,POP25-1670,認真的雪,yaW22kcP9VA,850369,2026-06-02,kept,近25年熱門新歌,音樂歌詞MusicLyrics / YouTube
Recent 25 Years Pop,songlists/pop-recent-25.json,POP25-1671,沒終點的青春,LV4aohczwsk,849751,2026-06-02,kept,近25年熱門新歌,MIRROR / YouTube
Recent 25 Years Pop,songlists/pop-recent-25.json,POP25-1672,門,IBI0OjA0X0s,848981,2026-06-02,kept,近25年熱門新歌,理想混蛋 Bestards / YouTube
Recent 25 Years Pop,songlists/pop-recent-25.json,POP25-1673,終於好天氣,pAmVSbYHfAM,846747,2026-06-02,kept,近25年熱門新歌,twofive yeung / YouTube
Recent 25 Years Pop,songlists/pop-recent-25.json,POP25-1674,隱形人,RsvKQtCmgzQ,846091,2026-06-02,kept,近25年熱門新歌,Timeless Music / YouTube
Recent 25 Years Pop,songlists/pop-recent-25.json,POP25-1675,半句再見,APO9bCc4WFk,845432,2026-06-02,kept,近25年熱門新歌,Bee / YouTube
Recent 25 Years Pop,songlists/pop-recent-25.json,POP25-1676,沙發海,AeyO-3kAwoQ,845349,2026-06-02,kept,近25年熱門新歌,添翼音樂 TEAM EAR MUSIC / YouTube
Recent 25 Years Pop,songlists/pop-recent-25.json,POP25-1677,大吟釀,HWUJq2vqyKA,845164,2026-06-02,kept,近25年熱門新歌,officialKOLORvids / YouTube
Recent 25 Years Pop,songlists/pop-recent-25.json,POP25-1678,52赫茲,HT1Zb4d0gAo,844823,2026-06-02,kept,近25年熱門新歌,officialKOLORvids / YouTube
Recent 25 Years Pop,songlists/pop-recent-25.json,POP25-1679,獲獎人,nI6UBeMSkBA,844313,2026-06-02,kept,近25年熱門新歌,李榮浩 Ronghao Li / YouTube
Recent 25 Years Pop,songlists/pop-recent-25.json,POP25-1680,尋找白金漢,2--Cp-jMcPE,840416,2026-06-02,kept,近25年熱門新歌,Jay Fung 馮允謙 / YouTube
Recent 25 Years Pop,songlists/pop-recent-25.json,POP25-1681,別問我,TEoAzRZaLfc,838096,2026-06-02,kept,近25年熱門新歌,福茂唱片 / YouTube
Recent 25 Years Pop,songlists/pop-recent-25.json,POP25-1682,漫長,kM_DLxId8ok,837076,2026-06-02,kept,近25年熱門新歌,RubberBand / YouTube
Recent 25 Years Pop,songlists/pop-recent-25.json,POP25-1683,疼愛,LtgYY82OO88,835206,2026-06-02,kept,近25年熱門新歌,Xin Yu / YouTube
Recent 25 Years Pop,songlists/pop-recent-25.json,POP25-1684,光亮,EMWyFiN3l5Q,833560,2026-06-02,kept,近25年熱門新歌,中华民族 / YouTube
Recent 25 Years Pop,songlists/pop-recent-25.json,POP25-1685,拍錯拖,4alFpaoLDLM,827866,2026-06-02,kept,近25年熱門新歌,Janice衛蘭 / YouTube
Recent 25 Years Pop,songlists/pop-recent-25.json,POP25-1686,南瓜車,oxfDnPX-QQc,827831,2026-06-02,kept,近25年熱門新歌,Timeless Music Hong Kong天碟 / YouTube
Recent 25 Years Pop,songlists/pop-recent-25.json,POP25-1687,熒光,aHI3OOUESdc,823560,2026-06-02,kept,近25年熱門新歌,陳蕾Panther Chan / YouTube
Recent 25 Years Pop,songlists/pop-recent-25.json,POP25-1688,甜蜜在十點五十九分前,dD2B7YZGw3k,822560,2026-06-02,kept,近25年熱門新歌,張蔓莎Sabrina Cheung / YouTube
Recent 25 Years Pop,songlists/pop-recent-25.json,POP25-1689,第一秒,aBYBPCde4_I,818870,2026-06-02,kept,近25年熱門新歌,universalmusichk / YouTube
Recent 25 Years Pop,songlists/pop-recent-25.json,POP25-1690,水型物語,eaw0TRQOcgQ,816828,2026-06-02,kept,近25年熱門新歌,Edan Lui 呂爵安 / YouTube
Recent 25 Years Pop,songlists/pop-recent-25.json,POP25-1691,明日明日,cnQhtj6ri0w,814152,2026-06-02,kept,近25年熱門新歌,Dear Jane / YouTube
Recent 25 Years Pop,songlists/pop-recent-25.json,POP25-1692,荒城渡,Oo7QZzkBffM,810597,2026-06-02,kept,近25年熱門新歌,NSMG 新湃传媒 / YouTube
Recent 25 Years Pop,songlists/pop-recent-25.json,POP25-1693,活人鏢靶,JJRCmgTElL0,808746,2026-06-02,kept,近25年熱門新歌,洪嘉豪 Hung Kaho / YouTube
Recent 25 Years Pop,songlists/pop-recent-25.json,POP25-1694,偷情的禮儀,GCiXSZr3b8E,807195,2026-06-02,kept,近25年熱門新歌,幻·國 imagine.nation / YouTube
Recent 25 Years Pop,songlists/pop-recent-25.json,POP25-1695,我地,4MpRwbiBbBI,806817,2026-06-02,kept,近25年熱門新歌,寰亞音樂 Media Asia Music Official Channel / YouTube
Recent 25 Years Pop,songlists/pop-recent-25.json,POP25-1696,車匙,BHliLUCYYRk,806090,2026-06-02,kept,近25年熱門新歌,jasonchanVEVO / YouTube
Recent 25 Years Pop,songlists/pop-recent-25.json,POP25-1697,脫骹的華爾茲,FmsH4OJrsBQ,803579,2026-06-02,kept,近25年熱門新歌,Dear Jane / YouTube
Recent 25 Years Pop,songlists/pop-recent-25.json,POP25-1698,那一個我,bl5Rak52iss,802831,2026-06-02,kept,近25年熱門新歌,Fiona Sit薛凱琪 / YouTube
Recent 25 Years Pop,songlists/pop-recent-25.json,POP25-1699,變成你,OArZO5WICI8,797491,2026-06-02,kept,近25年熱門新歌,TRASH Band / YouTube
Recent 25 Years Pop,songlists/pop-recent-25.json,POP25-1700,很久不見,Af2uWiNEA9c,795317,2026-06-02,kept,近25年熱門新歌,黃淑蔓 Feanna Wong / YouTube
Recent 25 Years Pop,songlists/pop-recent-25.json,POP25-1701,寶貝兒,s54QN8AZ_4Q,794185,2026-06-02,kept,近25年熱門新歌,吳青峰 Wu Qing Feng / YouTube
Recent 25 Years Pop,songlists/pop-recent-25.json,POP25-1702,在無名指有你的名字,sKw8rNksWXM,793940,2026-06-02,kept,近25年熱門新歌,蕭敬騰 Jam Hsiao / YouTube
Recent 25 Years Pop,songlists/pop-recent-25.json,POP25-1703,筆觸男孩憂鬱之死,l0XMhIYSbEI,793468,2026-06-02,kept,近25年熱門新歌,MIRROR / YouTube
Recent 25 Years Pop,songlists/pop-recent-25.json,POP25-1704,望,wU7v2YGjmJI,792460,2026-06-02,kept,近25年熱門新歌,Zhou Shen - Topic / YouTube
Recent 25 Years Pop,songlists/pop-recent-25.json,POP25-1705,啊不就好棒棒,m405naLWNuQ,791569,2026-06-02,kept,近25年熱門新歌,持修ChihSiou / YouTube
Recent 25 Years Pop,songlists/pop-recent-25.json,POP25-1706,慕容雪,UTQf91sKlJE,791222,2026-06-02,kept,近25年熱門新歌,Timeless Music Hong Kong天碟 / YouTube
Recent 25 Years Pop,songlists/pop-recent-25.json,POP25-1707,閱後即焚,5Qwybp6ZDsI,790584,2026-06-02,kept,近25年熱門新歌,jasonchanVEVO / YouTube
Recent 25 Years Pop,songlists/pop-recent-25.json,POP25-1708,不開心就跳起來,mgDhpTgzU9c,785268,2026-06-02,kept,近25年熱門新歌,韋禮安 WeiBird / YouTube
Recent 25 Years Pop,songlists/pop-recent-25.json,POP25-1709,星語心願,0f5k0KemeGs,781882,2026-06-02,kept,近25年熱門新歌,英皇娛樂 eeg music / YouTube
Recent 25 Years Pop,songlists/pop-recent-25.json,POP25-1710,我們還有幾多時間,L17tD_aPypM,781467,2026-06-02,kept,近25年熱門新歌,寰亞音樂 Media Asia Music Official Channel / YouTube
Recent 25 Years Pop,songlists/pop-recent-25.json,POP25-1711,永久保存,61I_rOB-jUs,781349,2026-06-02,kept,近25年熱門新歌,jasonchanVEVO / YouTube
Recent 25 Years Pop,songlists/pop-recent-25.json,POP25-1712,一桌菜,8KhiikVXO0s,781274,2026-06-02,kept,近25年熱門新歌,相信音樂BinMusic / YouTube
Recent 25 Years Pop,songlists/pop-recent-25.json,POP25-1713,壞天氣,CFqHIgPsrl8,778618,2026-06-02,kept,近25年熱門新歌,Timeless Music / YouTube
Recent 25 Years Pop,songlists/pop-recent-25.json,POP25-1714,同類,GqHl9lH-RoY,774626,2026-06-02,kept,近25年熱門新歌,Timeless Music / YouTube
Recent 25 Years Pop,songlists/pop-recent-25.json,POP25-1715,男二號,mtircNuyHn0,770419,2026-06-02,kept,近25年熱門新歌,薛之謙 JokerXue / YouTube
Recent 25 Years Pop,songlists/pop-recent-25.json,POP25-1716,今天終於一人回家,cRdzIoYaY0U,770143,2026-06-02,kept,近25年熱門新歌,Gin Lee 李幸倪 / YouTube
Recent 25 Years Pop,songlists/pop-recent-25.json,POP25-1717,死性不改,vLARBmZv3W0,768618,2026-06-02,kept,近25年熱門新歌,ChillGOOD TV / YouTube
Recent 25 Years Pop,songlists/pop-recent-25.json,POP25-1718,凡星,qu_FDl3ZCTY,766732,2026-06-02,kept,近25年熱門新歌,C90s 港仔音樂 / YouTube
Recent 25 Years Pop,songlists/pop-recent-25.json,POP25-1719,路過人間,OPi5u3KXB70,766631,2026-06-02,kept,近25年熱門新歌,Yi lyrics / YouTube
Recent 25 Years Pop,songlists/pop-recent-25.json,POP25-1720,一比一,_p3V2AxObnI,765813,2026-06-02,kept,近25年熱門新歌,福茂唱片 / YouTube
Recent 25 Years Pop,songlists/pop-recent-25.json,POP25-1721,光引致疼痛,iZmkQ1CDWNI,764048,2026-06-02,kept,近25年熱門新歌,黃淑蔓 Feanna Wong / YouTube
Recent 25 Years Pop,songlists/pop-recent-25.json,POP25-1722,星期三或禮拜三,xub79AeynZI,763194,2026-06-02,kept,近25年熱門新歌,forgoodmusic / YouTube
Recent 25 Years Pop,songlists/pop-recent-25.json,POP25-1723,單身,X6ottGWyNuw,762982,2026-06-02,kept,近25年熱門新歌,MIRROR / YouTube
Recent 25 Years Pop,songlists/pop-recent-25.json,POP25-1724,共同望銀河那時,4Tz6AZFQvJM,761989,2026-06-02,kept,近25年熱門新歌,寰亞音樂 Media Asia Music Official Channel / YouTube
Recent 25 Years Pop,songlists/pop-recent-25.json,POP25-1725,西西弗斯之歌,70gCdNUv6Vo,761714,2026-06-02,kept,近25年熱門新歌,my little airport / YouTube
Recent 25 Years Pop,songlists/pop-recent-25.json,POP25-1726,小孩,fznsIX-WDy8,756697,2026-06-02,kept,近25年熱門新歌,warnermusichk / YouTube
Recent 25 Years Pop,songlists/pop-recent-25.json,POP25-1727,仍有心跳脈搏,oppqx-Askjw,755146,2026-06-02,kept,近25年熱門新歌,COLLAR / YouTube
Recent 25 Years Pop,songlists/pop-recent-25.json,POP25-1728,蘇麗珍,XiNtrQbOoNc,751804,2026-06-02,kept,近25年熱門新歌,warnermusichk / YouTube
Recent 25 Years Pop,songlists/pop-recent-25.json,POP25-1729,出賣,JyMubZuCQZg,750332,2026-06-02,kept,近25年熱門新歌,英皇娛樂 eeg music / YouTube
Recent 25 Years Pop,songlists/pop-recent-25.json,POP25-1730,我和幸福有約定,itAUdKtsdY8,749429,2026-06-02,kept,近25年熱門新歌,華研國際 / YouTube
Recent 25 Years Pop,songlists/pop-recent-25.json,POP25-1731,崇拜,Aa7hCThtL1Q,747757,2026-06-02,kept,近25年熱門新歌,薛之謙 JokerXue / YouTube
Recent 25 Years Pop,songlists/pop-recent-25.json,POP25-1732,多謝你自己,hQ-CEKgD8Gs,747100,2026-06-02,kept,近25年熱門新歌,Dear Jane / YouTube
Recent 25 Years Pop,songlists/pop-recent-25.json,POP25-1733,星夜星塵,k9DtF0uj5_c,746034,2026-06-02,kept,近25年熱門新歌,TVB Music Group / YouTube
Recent 25 Years Pop,songlists/pop-recent-25.json,POP25-1734,以愛情的罪名,Na0LxGNkiPI,745971,2026-06-02,kept,近25年熱門新歌,universalmusichk / YouTube
Recent 25 Years Pop,songlists/pop-recent-25.json,POP25-1735,荊棘海,lbuUY4s8rYs,742732,2026-06-02,kept,近25年熱門新歌,泳兒 Vincy Chan / YouTube
Recent 25 Years Pop,songlists/pop-recent-25.json,POP25-1736,陌生人,LYpWvdGAyus,742542,2026-06-02,kept,近25年熱門新歌,Timeless Music / YouTube
Recent 25 Years Pop,songlists/pop-recent-25.json,POP25-1737,回憶備份,lfMPdE4zNwA,741901,2026-06-02,kept,近25年熱門新歌,ToNick / YouTube
Recent 25 Years Pop,songlists/pop-recent-25.json,POP25-1738,已讀不回94我,VUnf5RCGXiI,741689,2026-06-02,kept,近25年熱門新歌,蕭敬騰 Jam Hsiao / YouTube
Recent 25 Years Pop,songlists/pop-recent-25.json,POP25-1739,不孤島,AHeHF9Bz458,740559,2026-06-02,kept,近25年熱門新歌,相信音樂BinMusic / YouTube
Recent 25 Years Pop,songlists/pop-recent-25.json,POP25-1740,一样的月光,SkccRDxghqI,740293,2026-06-02,kept,近25年熱門新歌,Lyrics Page / YouTube
Recent 25 Years Pop,songlists/pop-recent-25.json,POP25-1741,新一天,sIVwNpfeYrA,740179,2026-06-02,kept,近25年熱門新歌,universalmusichk / YouTube
Recent 25 Years Pop,songlists/pop-recent-25.json,POP25-1742,候鳥,okfLPZot6tc,739186,2026-06-02,kept,近25年熱門新歌,officialKOLORvids / YouTube
Recent 25 Years Pop,songlists/pop-recent-25.json,POP25-1743,上心,2O6MmDWx5Qw,733189,2026-06-02,kept,近25年熱門新歌,Ivan Lee / YouTube
Recent 25 Years Pop,songlists/pop-recent-25.json,POP25-1744,孩子,x7qlnxUffpw,729586,2026-06-02,kept,近25年熱門新歌,滾石唱片 ROCK RECORDS / YouTube
Recent 25 Years Pop,songlists/pop-recent-25.json,POP25-1745,散光,07dmSlR33Qw,728891,2026-06-02,kept,近25年熱門新歌,泳兒 Vincy Chan / YouTube
Recent 25 Years Pop,songlists/pop-recent-25.json,POP25-1746,80後時代曲,mKSKV-JBhP4,727821,2026-06-02,kept,近25年熱門新歌,KingdomCMusic / YouTube
Recent 25 Years Pop,songlists/pop-recent-25.json,POP25-1747,沒有咖啡的喫茶店,vx0vXjLAgo8,725083,2026-06-02,kept,近25年熱門新歌,AGA / YouTube
Recent 25 Years Pop,songlists/pop-recent-25.json,POP25-1748,各自的模樣,EeKhrXQeB0Y,723946,2026-06-02,kept,近25年熱門新歌,理想混蛋 Bestards / YouTube
Recent 25 Years Pop,songlists/pop-recent-25.json,POP25-1749,哥本哈根的另一個我,6u7aQV_2-2U,722937,2026-06-02,kept,近25年熱門新歌,Fiona Sit薛凱琪 / YouTube
Recent 25 Years Pop,songlists/pop-recent-25.json,POP25-1750,吉他手,t_qY5dXbzzw,721732,2026-06-02,kept,近25年熱門新歌,滾石唱片 ROCK RECORDS / YouTube
Recent 25 Years Pop,songlists/pop-recent-25.json,POP25-1751,捱麵包的人,RVWeuDXW6es,718578,2026-06-02,kept,近25年熱門新歌,吳林峰 Official Channel / YouTube
Recent 25 Years Pop,songlists/pop-recent-25.json,POP25-1752,其實痛是你的想像,XYIJuXN5hoE,717921,2026-06-02,kept,近25年熱門新歌,鄧小巧 Tang Siu Hau / YouTube
Recent 25 Years Pop,songlists/pop-recent-25.json,POP25-1753,穿波鞋的惡魔,bJjxBNtqHW4,716827,2026-06-02,kept,近25年熱門新歌,洪嘉豪 Hung Kaho / YouTube
Recent 25 Years Pop,songlists/pop-recent-25.json,POP25-1754,長相思,W1a9NrFW4N0,716450,2026-06-02,kept,近25年熱門新歌,華研國際 / YouTube
Recent 25 Years Pop,songlists/pop-recent-25.json,POP25-1755,全部的所有,HHVWmU5pxyw,716360,2026-06-02,kept,近25年熱門新歌,蔡健雅 Tanya Chua / YouTube
Recent 25 Years Pop,songlists/pop-recent-25.json,POP25-1756,沒有煙抽的日子,pNsJQxNokAc,714608,2026-06-02,kept,近25年熱門新歌,sodagreen_aka_oaeen / YouTube
Recent 25 Years Pop,songlists/pop-recent-25.json,POP25-1757,感動就不遠,S-PSqs18SAc,713136,2026-06-02,kept,近25年熱門新歌,福茂唱片 / YouTube
Recent 25 Years Pop,songlists/pop-recent-25.json,POP25-1758,你瘦夠了嗎？,6VQEy-qGf0Q,712975,2026-06-02,kept,近25年熱門新歌,hmvod / YouTube
Recent 25 Years Pop,songlists/pop-recent-25.json,POP25-1759,不想認輸,jecD26knOi8,708923,2026-06-02,kept,近25年熱門新歌,相信音樂BinMusic / YouTube
Recent 25 Years Pop,songlists/pop-recent-25.json,POP25-1760,到時見,sw3aWA-I8lw,705771,2026-06-02,kept,近25年熱門新歌,張蔓莎Sabrina Cheung / YouTube
Recent 25 Years Pop,songlists/pop-recent-25.json,POP25-1761,講不出的原因,6-d0RrVg9EU,704187,2026-06-02,kept,近25年熱門新歌,Kay Tse 謝安琪 / YouTube
Recent 25 Years Pop,songlists/pop-recent-25.json,POP25-1762,愛情36計,PJYJAWvZfso,701321,2026-06-02,kept,近25年熱門新歌,金曲年代GOLDEN ERA / YouTube
Recent 25 Years Pop,songlists/pop-recent-25.json,POP25-1763,你的宇宙,fwmnZy9Mcwo,699770,2026-06-02,kept,近25年熱門新歌,相信音樂BinMusic / YouTube
Recent 25 Years Pop,songlists/pop-recent-25.json,POP25-1764,已經都壞掉了,vd_DcWwnoG4,699532,2026-06-02,kept,近25年熱門新歌,持修ChihSiou / YouTube
Recent 25 Years Pop,songlists/pop-recent-25.json,POP25-1765,維多利亞,kXQte9TiBAc,695840,2026-06-02,kept,近25年熱門新歌,JW 王灝兒 / YouTube
Recent 25 Years Pop,songlists/pop-recent-25.json,POP25-1766,無憾的生存,GoTx_1GqrK8,692645,2026-06-02,kept,近25年熱門新歌,Dear Jane / YouTube
Recent 25 Years Pop,songlists/pop-recent-25.json,POP25-1767,下一次戀愛,wLkjB5vTEUs,690041,2026-06-02,kept,近25年熱門新歌,Timeless Music / YouTube
Recent 25 Years Pop,songlists/pop-recent-25.json,POP25-1768,花田錯,re2GblxOuHQ,688877,2026-06-02,kept,近25年熱門新歌,王力宏 Wang Leehom / YouTube
Recent 25 Years Pop,songlists/pop-recent-25.json,POP25-1769,救,YsOGsf_9PdM,684627,2026-06-02,kept,近25年熱門新歌,洪嘉豪 Hung Kaho / YouTube
Recent 25 Years Pop,songlists/pop-recent-25.json,POP25-1770,再為你做點什麼,98_FtdHXPbk,681744,2026-06-02,kept,近25年熱門新歌,持修ChihSiou / YouTube
Recent 25 Years Pop,songlists/pop-recent-25.json,POP25-1771,早安臺灣,LP-KBa12Kzc,677308,2026-06-02,kept,近25年熱門新歌,滅火器 Fire EX. / YouTube
Recent 25 Years Pop,songlists/pop-recent-25.json,POP25-1772,摔角,rUTRdYGi8j8,675092,2026-06-02,kept,近25年熱門新歌,warnermusichk / YouTube
Recent 25 Years Pop,songlists/pop-recent-25.json,POP25-1773,不簡單,oRauaQO50IY,674177,2026-06-02,kept,近25年熱門新歌,相信音樂BinMusic / YouTube
Recent 25 Years Pop,songlists/pop-recent-25.json,POP25-1774,仍會等,oJZbt9IVlaY,672551,2026-06-02,kept,近25年熱門新歌,寰亞音樂 Media Asia Music Official Channel / YouTube
Recent 25 Years Pop,songlists/pop-recent-25.json,POP25-1775,嫉妒,Vn8Q93YQuUA,672499,2026-06-02,kept,近25年熱門新歌,滾石唱片 ROCK RECORDS / YouTube
Recent 25 Years Pop,songlists/pop-recent-25.json,POP25-1776,願望之翼,DyP40kjim9U,671645,2026-06-02,kept,近25年熱門新歌,寰亞音樂 Media Asia Music Official Channel / YouTube
Recent 25 Years Pop,songlists/pop-recent-25.json,POP25-1777,羽毛鱗刺,JE-PloFDpkw,669718,2026-06-02,kept,近25年熱門新歌,Dear Jane / YouTube
Recent 25 Years Pop,songlists/pop-recent-25.json,POP25-1778,麻煩你,v4n_pW5BksA,667007,2026-06-02,kept,近25年熱門新歌,英皇娛樂 eeg music / YouTube
Recent 25 Years Pop,songlists/pop-recent-25.json,POP25-1779,牛頭角青年,8QP_wfg8GU8,665402,2026-06-02,kept,近25年熱門新歌,my little airport / YouTube
Recent 25 Years Pop,songlists/pop-recent-25.json,POP25-1780,陌生之城,IuSh53sZUVM,665153,2026-06-02,kept,近25年熱門新歌,AGA / YouTube
Recent 25 Years Pop,songlists/pop-recent-25.json,POP25-1781,好天氣,YDVbJaoxeF8,664647,2026-06-02,kept,近25年熱門新歌,福茂唱片 / YouTube
Recent 25 Years Pop,songlists/pop-recent-25.json,POP25-1782,太陽,fRcqZqi56Ws,664311,2026-06-02,kept,近25年熱門新歌,添翼音樂 TEAM EAR MUSIC / YouTube
Recent 25 Years Pop,songlists/pop-recent-25.json,POP25-1783,介乎法國與旺角的詩意,uAC1hJxRHAI,663705,2026-06-02,kept,近25年熱門新歌,my little airport / YouTube
Recent 25 Years Pop,songlists/pop-recent-25.json,POP25-1784,三天三夜,j9XfGKJ4VDI,662170,2026-06-02,kept,近25年熱門新歌,华语歌曲频道 / YouTube
Recent 25 Years Pop,songlists/pop-recent-25.json,POP25-1785,不是真的愛我,KH-zgWKB7EQ,661564,2026-06-02,kept,近25年熱門新歌,Timeless Music / YouTube
Recent 25 Years Pop,songlists/pop-recent-25.json,POP25-1786,三十日,vPVoqtkQ1C0,661288,2026-06-02,kept,近25年熱門新歌,Timeless Music Hong Kong天碟 / YouTube
Recent 25 Years Pop,songlists/pop-recent-25.json,POP25-1787,因為,qdf8eR6pAfU,658988,2026-06-02,kept,近25年熱門新歌,福茂唱片 / YouTube
Recent 25 Years Pop,songlists/pop-recent-25.json,POP25-1788,神奇,O_c-xIop954,656576,2026-06-02,kept,近25年熱門新歌,Timeless Music / YouTube
Recent 25 Years Pop,songlists/pop-recent-25.json,POP25-1789,哪兒,BnVYb8QN-Ds,655928,2026-06-02,kept,近25年熱門新歌,LilAshesVEVO / YouTube
Recent 25 Years Pop,songlists/pop-recent-25.json,POP25-1790,你的承諾,if26FOSWiGQ,655407,2026-06-02,kept,近25年熱門新歌,英皇娛樂 eeg music / YouTube
Recent 25 Years Pop,songlists/pop-recent-25.json,POP25-1791,我想要占据你,LQ8Cj4f7aJU,650852,2026-06-02,kept,近25年熱門新歌,BC MUSIC CHANNEL / YouTube
Recent 25 Years Pop,songlists/pop-recent-25.json,POP25-1792,你應該是這世界上最懂我的人啊？,UtRNggq3ROk,648829,2026-06-02,kept,近25年熱門新歌,MIRROR / YouTube
Recent 25 Years Pop,songlists/pop-recent-25.json,POP25-1793,活著,aRRo0eKuqn0,647282,2026-06-02,kept,近25年熱門新歌,universalmusichk / YouTube
Recent 25 Years Pop,songlists/pop-recent-25.json,POP25-1794,如果海能夠,s9ju4E7JI4A,645826,2026-06-02,kept,近25年熱門新歌,動力火車 Power Station官方專屬頻道 / YouTube
Recent 25 Years Pop,songlists/pop-recent-25.json,POP25-1795,睜開眼,SLEaUzsONgA,645233,2026-06-02,kept,近25年熱門新歌,Timeless Music Hong Kong天碟 / YouTube
Recent 25 Years Pop,songlists/pop-recent-25.json,POP25-1796,痛得無法自拔,LLP8oHf_j-k,643591,2026-06-02,kept,近25年熱門新歌,理想混蛋 Bestards / YouTube
Recent 25 Years Pop,songlists/pop-recent-25.json,POP25-1797,獅虎流,WWlgr4U7JVw,640901,2026-06-02,kept,近25年熱門新歌,ERROR / YouTube
Recent 25 Years Pop,songlists/pop-recent-25.json,POP25-1798,草原,6oH-qDx1baU,640790,2026-06-02,kept,近25年熱門新歌,PhillamVEVO / YouTube
Recent 25 Years Pop,songlists/pop-recent-25.json,POP25-1799,同一,13EsWFfFaZY,640033,2026-06-02,kept,近25年熱門新歌,Supper Moment / YouTube
Recent 25 Years Pop,songlists/pop-recent-25.json,POP25-1800,相信 2Ø24,a8AlskyGecY,639644,2026-06-02,kept,近25年熱門新歌,TRASH Band / YouTube
Recent 25 Years Pop,songlists/pop-recent-25.json,POP25-1801,輕熟女,exzEkZo6dqc,639149,2026-06-02,kept,近25年熱門新歌,JW 王灝兒 / YouTube
Recent 25 Years Pop,songlists/pop-recent-25.json,POP25-1802,黃金年代,UX7oP6HJlwI,636843,2026-06-02,kept,近25年熱門新歌,相信音樂BinMusic / YouTube
Recent 25 Years Pop,songlists/pop-recent-25.json,POP25-1803,沙龙,D9xqjq4C2W4,634055,2026-06-02,kept,近25年熱門新歌,GM Lyric / YouTube
Recent 25 Years Pop,songlists/pop-recent-25.json,POP25-1804,特別的人,C19_Qi4apzw,632197,2026-06-02,kept,近25年熱門新歌,LFYBzone / YouTube
Recent 25 Years Pop,songlists/pop-recent-25.json,POP25-1805,氹我,RB1gmD-8lyY,631058,2026-06-02,kept,近25年熱門新歌,AMusic Official Channel / YouTube
Recent 25 Years Pop,songlists/pop-recent-25.json,POP25-1806,野蠻遊戲,EPduQ7Eu3sw,631120,2026-06-02,kept,近25年熱門新歌,金曲年代GOLDEN ERA / YouTube
Recent 25 Years Pop,songlists/pop-recent-25.json,POP25-1807,憂傷的嫖客,PRsdg6Yn0U0,630155,2026-06-02,kept,近25年熱門新歌,my little airport / YouTube
Recent 25 Years Pop,songlists/pop-recent-25.json,POP25-1808,完美比例,nJuzcmj4yE0,629739,2026-06-02,kept,近25年熱門新歌,rainieyangVEVO / YouTube
Recent 25 Years Pop,songlists/pop-recent-25.json,POP25-1809,水滾茶靚,_Cadb18eMu4,627756,2026-06-02,kept,近25年熱門新歌,ToNick / YouTube
Recent 25 Years Pop,songlists/pop-recent-25.json,POP25-1810,航拍,idVhlEbwW40,626407,2026-06-02,kept,近25年熱門新歌,Sony Music Entertainment Hong Kong / YouTube
Recent 25 Years Pop,songlists/pop-recent-25.json,POP25-1811,偶然與巧合,a7qGVVlTfvw,621760,2026-06-02,kept,近25年熱門新歌,添翼音樂 TEAM EAR MUSIC / YouTube
Recent 25 Years Pop,songlists/pop-recent-25.json,POP25-1812,出口,cyZKuv6LFgk,620967,2026-06-02,kept,近25年熱門新歌,亞神音樂娛樂 / YouTube
Recent 25 Years Pop,songlists/pop-recent-25.json,POP25-1813,我懂,lF5ofSY2D-M,620945,2026-06-02,kept,近25年熱門新歌,洪嘉豪 Hung Kaho / YouTube
Recent 25 Years Pop,songlists/pop-recent-25.json,POP25-1814,下世愛你,IJ6Li2F5W8w,619536,2026-06-02,kept,近25年熱門新歌,洪嘉豪 Hung Kaho / YouTube
Recent 25 Years Pop,songlists/pop-recent-25.json,POP25-1815,離人淚,i_2jB9gMzTo,615051,2026-06-02,kept,近25年熱門新歌,Timeless Music Hong Kong天碟 / YouTube
Recent 25 Years Pop,songlists/pop-recent-25.json,POP25-1816,過客,Zy6uzSLodn0,613355,2026-06-02,kept,近25年熱門新歌,officialKOLORvids / YouTube
Recent 25 Years Pop,songlists/pop-recent-25.json,POP25-1817,原来,Z1g9RHyphHI,612152,2026-06-02,kept,近25年熱門新歌,GM Lyric / YouTube
Recent 25 Years Pop,songlists/pop-recent-25.json,POP25-1818,空無之地,ShAU5XoFcUQ,610846,2026-06-02,kept,近25年熱門新歌,陳蕾Panther Chan / YouTube
Recent 25 Years Pop,songlists/pop-recent-25.json,POP25-1819,躍,SiZIjD9CRFk,609492,2026-06-02,kept,近25年熱門新歌,薛之謙 JokerXue / YouTube
Recent 25 Years Pop,songlists/pop-recent-25.json,POP25-1820,本能寺,Fvv56mAERxw,609352,2026-06-02,kept,近25年熱門新歌,jasonchanVEVO / YouTube
Recent 25 Years Pop,songlists/pop-recent-25.json,POP25-1821,寂寞圓舞,txedrZ_enMc,608492,2026-06-02,kept,近25年熱門新歌,Keung To 姜濤 - Topic / YouTube
Recent 25 Years Pop,songlists/pop-recent-25.json,POP25-1822,會不會,Mjy3bRULYDY,608176,2026-06-02,kept,近25年熱門新歌,滾石唱片 ROCK RECORDS / YouTube
Recent 25 Years Pop,songlists/pop-recent-25.json,POP25-1823,甜蜜蜜,VDy4PO4grK8,606845,2026-06-02,kept,近25年熱門新歌,warnermusichk / YouTube
Recent 25 Years Pop,songlists/pop-recent-25.json,POP25-1824,迪斯可,fDv5vK6M_p4,604383,2026-06-02,kept,近25年熱門新歌,亞神音樂娛樂 / YouTube
Recent 25 Years Pop,songlists/pop-recent-25.json,POP25-1825,防盜鎖,v8p9ZI6n3eE,602803,2026-06-02,kept,近25年熱門新歌,Timeless Music / YouTube
Recent 25 Years Pop,songlists/pop-recent-25.json,POP25-1826,計劃書,9-XfveDuY4E,600346,2026-06-02,kept,近25年熱門新歌,泳兒 Vincy Chan / YouTube
Recent 25 Years Pop,songlists/pop-recent-25.json,POP25-1827,寂寞考,EYTAmsJrcMo,595993,2026-06-02,kept,近25年熱門新歌,添翼音樂 TEAM EAR MUSIC / YouTube
Recent 25 Years Pop,songlists/pop-recent-25.json,POP25-1828,下一個奇蹟,C20-k-RaIzM,594385,2026-06-02,kept,近25年熱門新歌,福茂唱片 / YouTube
Recent 25 Years Pop,songlists/pop-recent-25.json,POP25-1829,百分百,hz_i4vV-Nl0,594268,2026-06-02,kept,近25年熱門新歌,福茂唱片 / YouTube
Recent 25 Years Pop,songlists/pop-recent-25.json,POP25-1830,回到中學的暑假,XOiqIAZgjX8,592011,2026-06-02,kept,近25年熱門新歌,my little airport / YouTube
Recent 25 Years Pop,songlists/pop-recent-25.json,POP25-1831,命盡頭,KEjRb9KAyEY,589483,2026-06-02,kept,近25年熱門新歌,jasonchanVEVO / YouTube
Recent 25 Years Pop,songlists/pop-recent-25.json,POP25-1832,寂寞的怪獸,FtL2tv4itXY,589329,2026-06-02,kept,近25年熱門新歌,universalmusichk / YouTube
Recent 25 Years Pop,songlists/pop-recent-25.json,POP25-1833,天生一對,SAVxcVa8RAk,588865,2026-06-02,kept,近25年熱門新歌,Fiona Sit薛凱琪 / YouTube
Recent 25 Years Pop,songlists/pop-recent-25.json,POP25-1834,日出的缺口,Vy1mEPW--eg,588374,2026-06-02,kept,近25年熱門新歌,Byejack / YouTube
Recent 25 Years Pop,songlists/pop-recent-25.json,POP25-1835,讓我想一想,FAICyJ8qM_Y,585966,2026-06-02,kept,近25年熱門新歌,滾石唱片 ROCK RECORDS / YouTube
Recent 25 Years Pop,songlists/pop-recent-25.json,POP25-1836,月亮代表誰的心,-iyyvnzxUnE,581173,2026-06-02,kept,近25年熱門新歌,Timeless Music / YouTube
Recent 25 Years Pop,songlists/pop-recent-25.json,POP25-1837,漫天星,dO_U7TZdVVM,579401,2026-06-02,kept,近25年熱門新歌,洪嘉豪 Hung Kaho / YouTube
Recent 25 Years Pop,songlists/pop-recent-25.json,POP25-1838,明天留給我,SyAQJSaEN-w,579330,2026-06-02,kept,近25年熱門新歌,相信音樂BinMusic / YouTube
Recent 25 Years Pop,songlists/pop-recent-25.json,POP25-1839,旅程,WCjJXC_pPak,577335,2026-06-02,kept,近25年熱門新歌,豐華唱片ForwardMusic / YouTube
Recent 25 Years Pop,songlists/pop-recent-25.json,POP25-1840,豐乳肥臀,aHsXA5TX0XY,576282,2026-06-02,kept,近25年熱門新歌,寰亞音樂 Media Asia Music Official Channel / YouTube
Recent 25 Years Pop,songlists/pop-recent-25.json,POP25-1841,我很小朋友,Wg6QrdTl_So,576137,2026-06-02,kept,近25年熱門新歌,Gareth.T / YouTube
Recent 25 Years Pop,songlists/pop-recent-25.json,POP25-1842,相對無言,RaGo3lOXEqM,573722,2026-06-02,kept,近25年熱門新歌,Timeless Music / YouTube
Recent 25 Years Pop,songlists/pop-recent-25.json,POP25-1843,1到10=我和你,gGK9o92rP_w,571808,2026-06-02,kept,近25年熱門新歌,福茂唱片 / YouTube
Recent 25 Years Pop,songlists/pop-recent-25.json,POP25-1844,因講了出來,vW8YeBGHzgY,571567,2026-06-02,kept,近25年熱門新歌,my little airport / YouTube
Recent 25 Years Pop,songlists/pop-recent-25.json,POP25-1845,約齊靈魂在墳墓開生日派對,LwEACnpKIp8,562479,2026-06-02,kept,近25年熱門新歌,MIRROR / YouTube
Recent 25 Years Pop,songlists/pop-recent-25.json,POP25-1846,本性倔強,cZo31BJEsuc,559996,2026-06-02,kept,近25年熱門新歌,館長成吉思汗 / YouTube
Recent 25 Years Pop,songlists/pop-recent-25.json,POP25-1847,生活总该迎着光亮,MzcEbd3qPbw,558726,2026-06-02,kept,近25年熱門新歌,TME_official / YouTube
Recent 25 Years Pop,songlists/pop-recent-25.json,POP25-1848,想個不停,_32_U1L0S4o,556928,2026-06-02,kept,近25年熱門新歌,福茂唱片 / YouTube
Recent 25 Years Pop,songlists/pop-recent-25.json,POP25-1849,小小癡纏,mwWBubsntAU,555668,2026-06-02,kept,近25年熱門新歌,太陽娛樂音樂 Sun Entertainment Music / YouTube
Recent 25 Years Pop,songlists/pop-recent-25.json,POP25-1850,開錯燈,LCrAukT_r2k,555512,2026-06-02,kept,近25年熱門新歌,universalmusichk / YouTube
Recent 25 Years Pop,songlists/pop-recent-25.json,POP25-1851,最瘋狂的藝術家,M5ALwhQkTwk,554428,2026-06-02,kept,近25年熱門新歌,八三夭 831 / YouTube
Recent 25 Years Pop,songlists/pop-recent-25.json,POP25-1852,記憶倒行,9C05xxTgvk0,551685,2026-06-02,kept,近25年熱門新歌,MIRROR / YouTube
Recent 25 Years Pop,songlists/pop-recent-25.json,POP25-1853,沙門 Śramaṇa,hz1-B00Lo1E,551382,2026-06-02,kept,近25年熱門新歌,陳蕾Panther Chan / YouTube
Recent 25 Years Pop,songlists/pop-recent-25.json,POP25-1854,小涼伴,qpucFHeFNOM,551173,2026-06-02,kept,近25年熱門新歌,Timeless Music Hong Kong天碟 / YouTube
Recent 25 Years Pop,songlists/pop-recent-25.json,POP25-1855,太聪明,7Wuk4hsABXY,546046,2026-06-02,kept,近25年熱門新歌,华语小歌库 / YouTube
Recent 25 Years Pop,songlists/pop-recent-25.json,POP25-1856,初老,bmAZ98kdtsk,544828,2026-06-02,kept,近25年熱門新歌,officialKOLORvids / YouTube
Recent 25 Years Pop,songlists/pop-recent-25.json,POP25-1857,家家歌,ZaDM1p742EY,544767,2026-06-02,kept,近25年熱門新歌,相信音樂BinMusic / YouTube
Recent 25 Years Pop,songlists/pop-recent-25.json,POP25-1858,離散序,5fV6GfjCEPo,544013,2026-06-02,kept,近25年熱門新歌,ToNick / YouTube
Recent 25 Years Pop,songlists/pop-recent-25.json,POP25-1859,成婚破浪,LBwkt6TTM80,543959,2026-06-02,kept,近25年熱門新歌,Kay Tse 謝安琪 / YouTube
Recent 25 Years Pop,songlists/pop-recent-25.json,POP25-1860,聲音導航,_UUgcxLTpuE,542927,2026-06-02,kept,近25年熱門新歌,Jay Fung 馮允謙 / YouTube
Recent 25 Years Pop,songlists/pop-recent-25.json,POP25-1861,好好地過,Ts4IWDUHdgU,541736,2026-06-02,kept,近25年熱門新歌,RubberBand / YouTube
Recent 25 Years Pop,songlists/pop-recent-25.json,POP25-1862,最牽掛的,nTtCHn67Gj4,541185,2026-06-02,kept,近25年熱門新歌,大公文匯全媒體 / YouTube
Recent 25 Years Pop,songlists/pop-recent-25.json,POP25-1863,没了你,yqtfq1X2ukk,540812,2026-06-02,kept,近25年熱門新歌,Wills Channel / YouTube
Recent 25 Years Pop,songlists/pop-recent-25.json,POP25-1864,頑強,IDEZrcFwr9E,540243,2026-06-02,kept,近25年熱門新歌,理想混蛋 Bestards / YouTube
Recent 25 Years Pop,songlists/pop-recent-25.json,POP25-1865,不是因为天气晴朗才爱你,kUIlCTeLCMs,538609,2026-06-02,kept,近25年熱門新歌,佟棉 Tong Mian / YouTube
Recent 25 Years Pop,songlists/pop-recent-25.json,POP25-1866,我很快乐,Pdmy7x5OR78,537507,2026-06-02,kept,近25年熱門新歌,Music For A Better Life / YouTube
Recent 25 Years Pop,songlists/pop-recent-25.json,POP25-1867,生命有價,vGeA_6muldI,535794,2026-06-02,kept,近25年熱門新歌,LilAshesVEVO / YouTube
Recent 25 Years Pop,songlists/pop-recent-25.json,POP25-1868,就算全世界與我為敵,bVsa8RP71rg,535756,2026-06-02,kept,近25年熱門新歌,滾石唱片 ROCK RECORDS / YouTube
Recent 25 Years Pop,songlists/pop-recent-25.json,POP25-1869,戀戀,1-ttW1yeXSQ,533465,2026-06-02,kept,近25年熱門新歌,F.I.R. 飛兒樂團 / YouTube
Recent 25 Years Pop,songlists/pop-recent-25.json,POP25-1870,雙冠軍,P9eCo63sC3U,529870,2026-06-02,kept,近25年熱門新歌,英皇娛樂 eeg music / YouTube
Recent 25 Years Pop,songlists/pop-recent-25.json,POP25-1871,旁若無人,fKSzkXbkOGs,526509,2026-06-02,kept,近25年熱門新歌,jasonchanVEVO / YouTube
Recent 25 Years Pop,songlists/pop-recent-25.json,POP25-1872,瀟灑的走,V1QlFAYsXeo,525605,2026-06-02,kept,近25年熱門新歌,華研國際 / YouTube
Recent 25 Years Pop,songlists/pop-recent-25.json,POP25-1873,黑洞裡,BliOkLi4fss,523797,2026-06-02,kept,近25年熱門新歌,warnermusichk / YouTube
Recent 25 Years Pop,songlists/pop-recent-25.json,POP25-1874,意外,-QlL0V0B7a8,521282,2026-06-02,kept,近25年熱門新歌,薛之謙 JokerXue / YouTube
Recent 25 Years Pop,songlists/pop-recent-25.json,POP25-1875,記住我們,oecwLw9015U,518326,2026-06-02,kept,近25年熱門新歌,Art of Loving / YouTube
Recent 25 Years Pop,songlists/pop-recent-25.json,POP25-1876,漂流木,igwGgVFo40Y,518338,2026-06-02,kept,近25年熱門新歌,jasonchanVEVO / YouTube
Recent 25 Years Pop,songlists/pop-recent-25.json,POP25-1877,更遠的前方,SHt5Zsd_f30,517823,2026-06-02,kept,近25年熱門新歌,滅火器 Fire EX. / YouTube
Recent 25 Years Pop,songlists/pop-recent-25.json,POP25-1878,吳小姐,B-I2hbclzXc,517000,2026-06-02,kept,近25年熱門新歌,my little airport / YouTube
Recent 25 Years Pop,songlists/pop-recent-25.json,POP25-1879,蘇菲亞的波霸珍珠奶茶,fB32eJ5P4yI,515643,2026-06-02,kept,近25年熱門新歌,Serrini / YouTube
Recent 25 Years Pop,songlists/pop-recent-25.json,POP25-1880,你快樂嗎,SaffTafBkH8,513938,2026-06-02,kept,近25年熱門新歌,陳蕾Panther Chan / YouTube
Recent 25 Years Pop,songlists/pop-recent-25.json,POP25-1881,地球空心論,nYogNoBHhaA,510830,2026-06-02,kept,近25年熱門新歌,Dear Jane / YouTube
Recent 25 Years Pop,songlists/pop-recent-25.json,POP25-1882,其實寂寞,dN-rqS1-KFk,510334,2026-06-02,kept,近25年熱門新歌,幻·國 imagine.nation / YouTube
Recent 25 Years Pop,songlists/pop-recent-25.json,POP25-1883,在錯誤的宇宙尋找愛,QAffF13VsMU,505035,2026-06-02,kept,近25年熱門新歌,ChillGOOD TV / YouTube
Recent 25 Years Pop,songlists/pop-recent-25.json,POP25-1884,好想要揮霍,VxFmLto20dQ,504857,2026-06-02,kept,近25年熱門新歌,添翼音樂 TEAM EAR MUSIC / YouTube
Recent 25 Years Pop,songlists/pop-recent-25.json,POP25-1885,所有遺失的東西,YlESY4i72qg,501768,2026-06-02,kept,近25年熱門新歌,泳兒 Vincy Chan / YouTube
Recent 25 Years Pop,songlists/pop-recent-25.json,POP25-1886,無糖可樂,bgLyJpjWTvY,499901,2026-06-02,removed-under-500k,近25年熱門新歌,泳兒 Vincy Chan / YouTube
Recent 25 Years Pop,songlists/pop-recent-25.json,POP25-1887,心病,WggyiKCEXh0,499883,2026-06-02,removed-under-500k,近25年熱門新歌,英皇娛樂 eeg music / YouTube
Recent 25 Years Pop,songlists/pop-recent-25.json,POP25-1888,一場誤會,pqJ8OMrJQ-g,498298,2026-06-02,removed-under-500k,近25年熱門新歌,AMusic Official Channel / YouTube
Recent 25 Years Pop,songlists/pop-recent-25.json,POP25-1889,不見即散,_SlGQL7VytA,496800,2026-06-02,removed-under-500k,近25年熱門新歌,新青年理髮廳NewYouthBarbershop / YouTube
Recent 25 Years Pop,songlists/pop-recent-25.json,POP25-1890,此時此刻,fFJCd1c17xc,496753,2026-06-02,removed-under-500k,近25年熱門新歌,TVB Music Group / YouTube
Recent 25 Years Pop,songlists/pop-recent-25.json,POP25-1891,乖乖牌,BfyhLSXjvLI,495117,2026-06-02,removed-under-500k,近25年熱門新歌,JOLIN 蔡依林 / YouTube
Recent 25 Years Pop,songlists/pop-recent-25.json,POP25-1892,這一刻,jJeVcB9HBUM,494814,2026-06-02,removed-under-500k,近25年熱門新歌,Timeless Music / YouTube
Recent 25 Years Pop,songlists/pop-recent-25.json,POP25-1893,我們是無法說明的季節,VZ7KhU9BQe8,494267,2026-06-02,removed-under-500k,近25年熱門新歌,ToNick / YouTube
Recent 25 Years Pop,songlists/pop-recent-25.json,POP25-1894,后来,QSGnDDTnTzI,18053694,2026-06-02,kept,近25年熱門新歌,Pandarin / YouTube
Recent 25 Years Pop,songlists/pop-recent-25.json,POP25-1895,不變,4YkKxyPxE44,491412,2026-06-02,removed-under-500k,近25年熱門新歌,韋禮安 WeiBird / YouTube
Recent 25 Years Pop,songlists/pop-recent-25.json,POP25-1896,你的損失,N_bghNhUpkA,488832,2026-06-02,removed-under-500k,近25年熱門新歌,寰亞音樂 Media Asia Music Official Channel / YouTube
Recent 25 Years Pop,songlists/pop-recent-25.json,POP25-1897,到了那裏就對吧,5y35PpKiF4s,488181,2026-06-02,removed-under-500k,近25年熱門新歌,寰亞音樂 Media Asia Music Official Channel / YouTube
Recent 25 Years Pop,songlists/pop-recent-25.json,POP25-1898,雪愛,gnwjoc2e3cI,487988,2026-06-02,removed-under-500k,近25年熱門新歌,寰亞音樂 Media Asia Music Official Channel / YouTube
Recent 25 Years Pop,songlists/pop-recent-25.json,POP25-1899,深信不疑,9sHSs5mGy1M,487199,2026-06-02,removed-under-500k,近25年熱門新歌,Timeless Music / YouTube
Recent 25 Years Pop,songlists/pop-recent-25.json,POP25-1900,外向型憂鬱人格,IAUjhYA6jfQ,486666,2026-06-02,removed-under-500k,近25年熱門新歌,鄧小巧 Tang Siu Hau / YouTube
Recent 25 Years Pop,songlists/pop-recent-25.json,POP25-1901,勁浪漫 超溫馨,FeC_IOX1Wfc,486074,2026-06-02,removed-under-500k,近25年熱門新歌,ChillGOOD TV / YouTube
Recent 25 Years Pop,songlists/pop-recent-25.json,POP25-1902,那是你離開了北京的生活,iTT8y22-894,484780,2026-06-02,removed-under-500k,近25年熱門新歌,薛之謙 JokerXue / YouTube
Recent 25 Years Pop,songlists/pop-recent-25.json,POP25-1903,明天的秘密,gJ5Xuqg0KnY,484396,2026-06-02,removed-under-500k,近25年熱門新歌,loveelva0824 / YouTube
Recent 25 Years Pop,songlists/pop-recent-25.json,POP25-1904,給未來的自己,iPwwTCt9fck,483655,2026-06-02,removed-under-500k,近25年熱門新歌,柏呈昇 / YouTube
Recent 25 Years Pop,songlists/pop-recent-25.json,POP25-1905,在那天回不去的路上,XM2OD8K8Nmw,479203,2026-06-02,removed-under-500k,近25年熱門新歌,薛之謙 JokerXue / YouTube
Recent 25 Years Pop,songlists/pop-recent-25.json,POP25-1906,撼動,LdveLfGK658,478084,2026-06-02,removed-under-500k,近25年熱門新歌,Supper Moment / YouTube
Recent 25 Years Pop,songlists/pop-recent-25.json,POP25-1907,花灑下的歌,ICQHE_cxFEw,477513,2026-06-02,removed-under-500k,近25年熱門新歌,PhillamVEVO / YouTube
Recent 25 Years Pop,songlists/pop-recent-25.json,POP25-1908,微涼的你,7Dq1GNuC3yE,477040,2026-06-02,removed-under-500k,近25年熱門新歌,滾石唱片 ROCK RECORDS / YouTube
Recent 25 Years Pop,songlists/pop-recent-25.json,POP25-1909,野心,oJFEOqekQ7Y,476897,2026-06-02,removed-under-500k,近25年熱門新歌,薛之謙 JokerXue / YouTube
Recent 25 Years Pop,songlists/pop-recent-25.json,POP25-1910,最終話,rUGaqdXRt4U,476594,2026-06-02,removed-under-500k,近25年熱門新歌,JOLIN 蔡依林 / YouTube
Recent 25 Years Pop,songlists/pop-recent-25.json,POP25-1911,太空警察,KZf7aOIgzxs,476361,2026-06-02,removed-under-500k,近25年熱門新歌,相信音樂BinMusic / YouTube
Recent 25 Years Pop,songlists/pop-recent-25.json,POP25-1912,明日花,xW0XLoTOzE8,475994,2026-06-02,removed-under-500k,近25年熱門新歌,泳兒 Vincy Chan / YouTube
Recent 25 Years Pop,songlists/pop-recent-25.json,POP25-1913,一釐米,FxuMF4yNqDA,473110,2026-06-02,removed-under-500k,近25年熱門新歌,AGA / YouTube
Recent 25 Years Pop,songlists/pop-recent-25.json,POP25-1914,蜃楼,K5BpQT6p9ss,473109,2026-06-02,removed-under-500k,近25年熱門新歌,Warner Music China华纳音乐中国 / YouTube
Recent 25 Years Pop,songlists/pop-recent-25.json,POP25-1915,不言自明,2RPuyWSUJP0,469212,2026-06-02,removed-under-500k,近25年熱門新歌,張蔓姿 Gigi Cheung / YouTube
Recent 25 Years Pop,songlists/pop-recent-25.json,POP25-1916,因愛之名,t5dahp0mO7M,468611,2026-06-02,removed-under-500k,近25年熱門新歌,影音使團有限公司 The Media Evangelism Limited / YouTube
Recent 25 Years Pop,songlists/pop-recent-25.json,POP25-1917,我好嗎,NzbIolOSWto,13963374,2026-06-02,kept,近25年熱門新歌,梁靜茹  Fish Leong / YouTube
Recent 25 Years Pop,songlists/pop-recent-25.json,POP25-1918,別讓我走遠,sSidvDS5Naw,7137840,2026-06-02,kept,近25年熱門新歌,大慕n可可官方頻道  l  DAMOU n KOKO Channel / YouTube
Recent 25 Years Pop,songlists/pop-recent-25.json,POP25-1919,我多想變成她,tOep1yAuYEY,3289584,2026-06-02,kept,近25年熱門新歌,艾怡良 Eve Ai / YouTube
Recent 25 Years Pop,songlists/pop-recent-25.json,POP25-1920,陪你,uOMv3vDP0jo,1961048,2026-06-02,kept,近25年熱門新歌,陶喆 David Tao / YouTube
Recent 25 Years Pop,songlists/pop-recent-25.json,POP25-1921,千言萬語,cgnPinA7D8U,1872930,2026-06-02,kept,近25年熱門新歌,陶喆 David Tao / YouTube
Recent 25 Years Pop,songlists/pop-recent-25.json,POP25-1922,沒什麼大不了,QCxqnUWOq9s,1867529,2026-06-02,kept,近25年熱門新歌,Kimberley Chen / YouTube
Recent 25 Years Pop,songlists/pop-recent-25.json,POP25-1923,带我去找夜生活,J24VFfTXXdA,1720285,2026-06-02,kept,近25年熱門新歌,Douyin Song 抖音歌曲 / YouTube
Recent 25 Years Pop,songlists/pop-recent-25.json,POP25-1924,哥倫布的蛋,BGm4PqPT9u8,1375822,2026-06-02,kept,近25年熱門新歌,QingfengwuVEVO / YouTube
Recent 25 Years Pop,songlists/pop-recent-25.json,POP25-1925,終於我們,QmAYqA_dreE,1183631,2026-06-02,kept,近25年熱門新歌,warnermusichk / YouTube
Recent 25 Years Pop,songlists/pop-recent-25.json,POP25-1926,記得梳頭,l3o5Sqd_nxg,588981,2026-06-02,kept,近25年熱門新歌,ToNick / YouTube
Recent 25 Years Pop,songlists/pop-recent-25.json,POP25-1927,我的回忆不是我的,Znv_DnJSD4A,569736,2026-06-02,kept,近25年熱門新歌,Ady Video Lyric / YouTube
Recent 25 Years Pop,songlists/pop-recent-25.json,POP25-1928,陪著你走,ZWxOBtJsd0w,468293,2026-06-02,removed-under-500k,近25年熱門新歌,MenchieExtract / YouTube
Recent 25 Years Pop,songlists/pop-recent-25.json,POP25-1929,嘔吐,s7fd9pqTjwY,467827,2026-06-02,removed-under-500k,近25年熱門新歌,my little airport / YouTube
Recent 25 Years Pop,songlists/pop-recent-25.json,POP25-1930,絕對值,xDREmRylRhw,467406,2026-06-02,removed-under-500k,近25年熱門新歌,理想混蛋 Bestards / YouTube
Recent 25 Years Pop,songlists/pop-recent-25.json,POP25-1931,勇气,KfwJhh0MLLU,466669,2026-06-02,removed-under-500k,近25年熱門新歌,GM Lyric / YouTube
Recent 25 Years Pop,songlists/pop-recent-25.json,POP25-1932,大人之後,HYY14NudXGE,465863,2026-06-02,removed-under-500k,近25年熱門新歌,MIRROR / YouTube
Recent 25 Years Pop,songlists/pop-recent-25.json,POP25-1933,天地會,wgHnMtfo_YY,463824,2026-06-02,removed-under-500k,近25年熱門新歌,officialKOLORvids / YouTube
Recent 25 Years Pop,songlists/pop-recent-25.json,POP25-1934,不營業的日常,mU5UO3KXOlg,459164,2026-06-02,removed-under-500k,近25年熱門新歌,相信音樂BinMusic / YouTube
Recent 25 Years Pop,songlists/pop-recent-25.json,POP25-1935,就像白癡一樣,t3cH9Ib_bYA,458736,2026-06-02,removed-under-500k,近25年熱門新歌,添翼音樂 TEAM EAR MUSIC / YouTube
Recent 25 Years Pop,songlists/pop-recent-25.json,POP25-1936,華麗邂逅,vPWrJlnWZfg,455712,2026-06-02,removed-under-500k,近25年熱門新歌,英皇娛樂 eeg music / YouTube
Recent 25 Years Pop,songlists/pop-recent-25.json,POP25-1937,美麗的誤會,f8PXZ9celjQ,454971,2026-06-02,removed-under-500k,近25年熱門新歌,Timeless Music / YouTube
Recent 25 Years Pop,songlists/pop-recent-25.json,POP25-1938,了不起,RKBfMbjR9hg,452384,2026-06-02,removed-under-500k,近25年熱門新歌,Shu Ki Chow / YouTube
Recent 25 Years Pop,songlists/pop-recent-25.json,POP25-1939,小夜燈,RyoFapcT8o4,452214,2026-06-02,removed-under-500k,近25年熱門新歌,寰亞音樂 Media Asia Music Official Channel / YouTube
Recent 25 Years Pop,songlists/pop-recent-25.json,POP25-1940,後知後覺,i3U1B5wizAw,450792,2026-06-02,removed-under-500k,近25年熱門新歌,英皇娛樂 eeg music / YouTube
Recent 25 Years Pop,songlists/pop-recent-25.json,POP25-1941,太美麗,E0meHrrLi4c,450719,2026-06-02,removed-under-500k,近25年熱門新歌,Timeless Music / YouTube
Recent 25 Years Pop,songlists/pop-recent-25.json,POP25-1942,我就是個樸實無華的Bass手,NBcGQM34Aqk,450413,2026-06-02,removed-under-500k,近25年熱門新歌,sodagreen_aka_oaeen / YouTube
Recent 25 Years Pop,songlists/pop-recent-25.json,POP25-1943,仙樂處處飄,BIMBJibg_mQ,450011,2026-06-02,removed-under-500k,近25年熱門新歌,LilAshesVEVO / YouTube
Recent 25 Years Pop,songlists/pop-recent-25.json,POP25-1944,謎之微笑,bRyIt3vcXIU,449820,2026-06-02,removed-under-500k,近25年熱門新歌,洪嘉豪 Hung Kaho / YouTube
Recent 25 Years Pop,songlists/pop-recent-25.json,POP25-1945,妒忌心,UNoF7f6Hfqc,445675,2026-06-02,removed-under-500k,近25年熱門新歌,JW 王灝兒 / YouTube
Recent 25 Years Pop,songlists/pop-recent-25.json,POP25-1946,沙漏,VkB50BrKkhI,445589,2026-06-02,removed-under-500k,近25年熱門新歌,添翼音樂 TEAM EAR MUSIC / YouTube
Recent 25 Years Pop,songlists/pop-recent-25.json,POP25-1947,納斯卡線,afqDcLPAdeM,441970,2026-06-02,removed-under-500k,近25年熱門新歌,TVB Music Group / YouTube
Recent 25 Years Pop,songlists/pop-recent-25.json,POP25-1948,字花,yBkcsXVKTkg,440319,2026-06-02,removed-under-500k,近25年熱門新歌,warnermusichk / YouTube
Recent 25 Years Pop,songlists/pop-recent-25.json,POP25-1949,遠遠關心,P3WQp4O6IEw,439864,2026-06-02,removed-under-500k,近25年熱門新歌,Fiona Sit薛凱琪 / YouTube
Recent 25 Years Pop,songlists/pop-recent-25.json,POP25-1950,失落沮喪歌,UqD8OD0a-xU,438454,2026-06-02,removed-under-500k,近25年熱門新歌,mickbigbro / YouTube
Recent 25 Years Pop,songlists/pop-recent-25.json,POP25-1951,再見不再見,1DW6Mba9DB8,438040,2026-06-02,removed-under-500k,近25年熱門新歌,jasonchanVEVO / YouTube
Recent 25 Years Pop,songlists/pop-recent-25.json,POP25-1952,身後,4V3hxNyiwaA,16703993,2026-06-02,kept,近25年熱門新歌,聲動娛樂 Mei Entertainment / YouTube
Recent 25 Years Pop,songlists/pop-recent-25.json,POP25-1953,千年之戀,5fTrPL5b4Lg,14606015,2026-06-02,kept,近25年熱門新歌,Timeless Music / YouTube
Recent 25 Years Pop,songlists/pop-recent-25.json,POP25-1954,我們的愛,88D2-J_pk7A,11063346,2026-06-02,kept,近25年熱門新歌,Timeless Music / YouTube
Recent 25 Years Pop,songlists/pop-recent-25.json,POP25-1955,你的微笑,5-2ednIJsa8,10014974,2026-06-02,kept,近25年熱門新歌,Timeless Music / YouTube
Recent 25 Years Pop,songlists/pop-recent-25.json,POP25-1956,讓愛重生,F8pLZA0CIj4,4412931,2026-06-02,kept,近25年熱門新歌,Timeless Music / YouTube
Recent 25 Years Pop,songlists/pop-recent-25.json,POP25-1957,把愛放開,Y0KEJySOSN4,2677059,2026-06-02,kept,近25年熱門新歌,Timeless Music / YouTube
Recent 25 Years Pop,songlists/pop-recent-25.json,POP25-1958,天天夜夜,HXmZiylxAsw,2475979,2026-06-02,kept,近25年熱門新歌,Timeless Music / YouTube
Recent 25 Years Pop,songlists/pop-recent-25.json,POP25-1959,你很愛他,8GHPf1loWTk,2276702,2026-06-02,kept,近25年熱門新歌,Timeless Music / YouTube
Recent 25 Years Pop,songlists/pop-recent-25.json,POP25-1960,眷戀,tN5KvUXrUdw,1915661,2026-06-02,kept,近25年熱門新歌,Timeless Music / YouTube
Recent 25 Years Pop,songlists/pop-recent-25.json,POP25-1961,青春,hGWVy_n00ug,1519584,2026-06-02,kept,近25年熱門新歌,sodagreen_aka_oaeen / YouTube
Recent 25 Years Pop,songlists/pop-recent-25.json,POP25-1962,刺鳥,calHth0AOtI,1303868,2026-06-02,kept,近25年熱門新歌,Timeless Music / YouTube
Recent 25 Years Pop,songlists/pop-recent-25.json,POP25-1963,荊棘裡的花,72qWjIZ_PbE,1258100,2026-06-02,kept,近25年熱門新歌,Timeless Music / YouTube
Recent 25 Years Pop,songlists/pop-recent-25.json,POP25-1964,無常家,hEcr6oU1nDc,435887,2026-06-02,removed-under-500k,近25年熱門新歌,thisisyoyotube / YouTube
Recent 25 Years Pop,songlists/pop-recent-25.json,POP25-1965,同歸於盡,LfPqVVqqKS4,435773,2026-06-02,removed-under-500k,近25年熱門新歌,泳兒 Vincy Chan / YouTube
Recent 25 Years Pop,songlists/pop-recent-25.json,POP25-1966,愛的習慣,DAQCJVem9eM,434173,2026-06-02,removed-under-500k,近25年熱門新歌,Timeless Music Hong Kong天碟 / YouTube
Recent 25 Years Pop,songlists/pop-recent-25.json,POP25-1967,解脫,njWpOhw2K20,433882,2026-06-02,removed-under-500k,近25年熱門新歌,华语歌曲频道 / YouTube
Recent 25 Years Pop,songlists/pop-recent-25.json,POP25-1968,背叛情歌,nxC_ojL4NhQ,432872,2026-06-02,removed-under-500k,近25年熱門新歌,华语歌曲频道 / YouTube
Recent 25 Years Pop,songlists/pop-recent-25.json,POP25-1969,你討厭也沒關係,5YbDBFr1QT8,432635,2026-06-02,removed-under-500k,近25年熱門新歌,理想混蛋 Bestards / YouTube
Recent 25 Years Pop,songlists/pop-recent-25.json,POP25-1970,十個他不如你一個,zn48EanNr5A,431586,2026-06-02,removed-under-500k,近25年熱門新歌,AMusic Official Channel / YouTube
Recent 25 Years Pop,songlists/pop-recent-25.json,POP25-1971,愛情復興,4fvecWVl2GI,430811,2026-06-02,removed-under-500k,近25年熱門新歌,英皇娛樂 eeg music / YouTube
Recent 25 Years Pop,songlists/pop-recent-25.json,POP25-1972,廣州足浴一夜,vu71wVPf868,430015,2026-06-02,removed-under-500k,近25年熱門新歌,my little airport / YouTube
Recent 25 Years Pop,songlists/pop-recent-25.json,POP25-1973,不眠,tbOdpbC3tZU,429763,2026-06-02,removed-under-500k,近25年熱門新歌,福茂唱片 / YouTube
Recent 25 Years Pop,songlists/pop-recent-25.json,POP25-1974,剎那的,ws4HFAWDfic,427132,2026-06-02,removed-under-500k,近25年熱門新歌,張蔓莎Sabrina Cheung / YouTube
Recent 25 Years Pop,songlists/pop-recent-25.json,POP25-1975,寒命,qh5HJCXgNyA,427049,2026-06-02,removed-under-500k,近25年熱門新歌,Janice衛蘭 / YouTube
Recent 25 Years Pop,songlists/pop-recent-25.json,POP25-1976,多麼感激,3-XGdT1fU2Y,426072,2026-06-02,removed-under-500k,近25年熱門新歌,TVB Music Group / YouTube
Recent 25 Years Pop,songlists/pop-recent-25.json,POP25-1977,玩樂,5udFXvtHjJQ,425932,2026-06-02,removed-under-500k,近25年熱門新歌,warnermusichk / YouTube
Recent 25 Years Pop,songlists/pop-recent-25.json,POP25-1978,天地一沙鷗,ftI3b-HQtBs,425882,2026-06-02,removed-under-500k,近25年熱門新歌,universalmusichk / YouTube
Recent 25 Years Pop,songlists/pop-recent-25.json,POP25-1979,去火星戀愛,xaT780Qhg7Y,423602,2026-06-02,removed-under-500k,近25年熱門新歌,英皇娛樂 eeg music / YouTube
Recent 25 Years Pop,songlists/pop-recent-25.json,POP25-1980,夜晚的光明,4rRSjK9sJPk,423052,2026-06-02,removed-under-500k,近25年熱門新歌,相信音樂BinMusic / YouTube
Recent 25 Years Pop,songlists/pop-recent-25.json,POP25-1981,台11,EGZyecHCxAc,421952,2026-06-02,removed-under-500k,近25年熱門新歌,滅火器 Fire EX. / YouTube
Recent 25 Years Pop,songlists/pop-recent-25.json,POP25-1982,放棄治療,Dg-n_naw2jo,421859,2026-06-02,removed-under-500k,近25年熱門新歌,Serrini / YouTube
Recent 25 Years Pop,songlists/pop-recent-25.json,POP25-1983,愛情的大壞蛋,3PYhse56frU,421857,2026-06-02,removed-under-500k,近25年熱門新歌,Cheng Lyrics Video / YouTube
Recent 25 Years Pop,songlists/pop-recent-25.json,POP25-1984,同名歌曲,5y5_g9ZIg1s,421021,2026-06-02,removed-under-500k,近25年熱門新歌,Redline Music / YouTube
Recent 25 Years Pop,songlists/pop-recent-25.json,POP25-1985,侘寂,nqS0dhawXP8,417685,2026-06-02,removed-under-500k,近25年熱門新歌,universalmusichk / YouTube
Recent 25 Years Pop,songlists/pop-recent-25.json,POP25-1986,今天沒回家,Oi0evKHUzzQ,416680,2026-06-02,removed-under-500k,近25年熱門新歌,Timeless Music / YouTube
Recent 25 Years Pop,songlists/pop-recent-25.json,POP25-1987,荒島之幻象,coxeA969dGQ,412716,2026-06-02,removed-under-500k,近25年熱門新歌,陳蕾Panther Chan / YouTube
Recent 25 Years Pop,songlists/pop-recent-25.json,POP25-1988,小半生,f7rpl7F-HiI,411783,2026-06-02,removed-under-500k,近25年熱門新歌,JW 王灝兒 / YouTube
Recent 25 Years Pop,songlists/pop-recent-25.json,POP25-1989,氣流,mT3WUbCFcHw,411135,2026-06-02,removed-under-500k,近25年熱門新歌,寰亞音樂 Media Asia Music Official Channel / YouTube
Recent 25 Years Pop,songlists/pop-recent-25.json,POP25-1990,月牙灣,udjKDXxBRNo,409266,2026-06-02,removed-under-500k,近25年熱門新歌,华语歌曲频道 / YouTube
Recent 25 Years Pop,songlists/pop-recent-25.json,POP25-1991,敢動,qL_8TIfb0Xk,408752,2026-06-02,removed-under-500k,近25年熱門新歌,新青年理髮廳NewYouthBarbershop / YouTube
Recent 25 Years Pop,songlists/pop-recent-25.json,POP25-1992,我們之間的事,7_S_EjaUhzE,407342,2026-06-02,removed-under-500k,近25年熱門新歌,福茂唱片 / YouTube
Recent 25 Years Pop,songlists/pop-recent-25.json,POP25-1993,原來這一種叫做沒有,L7Vvs8s-PsQ,407203,2026-06-02,removed-under-500k,近25年熱門新歌,新青年理髮廳NewYouthBarbershop / YouTube
Recent 25 Years Pop,songlists/pop-recent-25.json,POP25-1994,大家來戀愛,5V5VvCcp46k,406681,2026-06-02,removed-under-500k,近25年熱門新歌,滾石唱片 ROCK RECORDS / YouTube
Recent 25 Years Pop,songlists/pop-recent-25.json,POP25-1995,男人怎可以,g1GBE8eeNyM,410049,2026-06-02,removed-under-500k,近25年熱門新歌,MC 張天賦 / YouTube
Recent 25 Years Pop,songlists/pop-recent-25.json,POP25-1996,放下放不下,TMkAmb56mJI,406175,2026-06-02,removed-under-500k,近25年熱門新歌,寰亞音樂 Media Asia Music Official Channel / YouTube
Recent 25 Years Pop,songlists/pop-recent-25.json,POP25-1997,光環,Xnr7GmGP0aE,405499,2026-06-02,removed-under-500k,近25年熱門新歌,universalmusichk / YouTube
Recent 25 Years Pop,songlists/pop-recent-25.json,POP25-1998,沐春風,BFd5SfOb3Eg,404577,2026-06-02,removed-under-500k,近25年熱門新歌,幻·國 imagine.nation / YouTube
Recent 25 Years Pop,songlists/pop-recent-25.json,POP25-1999,我在暗中儲首期,2WeJKRU5rk0,402833,2026-06-02,removed-under-500k,近25年熱門新歌,my little airport / YouTube
Recent 25 Years Pop,songlists/pop-recent-25.json,POP25-2000,追梦,N83_l0rYKQY,402264,2026-06-02,removed-under-500k,近25年熱門新歌,MusicWorld / YouTube
Recent 25 Years Pop,songlists/pop-recent-25.json,POP25-2001,暗戀,FI6yTZUlSe4,402211,2026-06-02,removed-under-500k,近25年熱門新歌,Timeless Music / YouTube
Recent 25 Years Pop,songlists/pop-recent-25.json,POP25-2002,周末畫報,uCJzJNnnXoc,402177,2026-06-02,removed-under-500k,近25年熱門新歌,Fiona Sit薛凱琪 / YouTube
Recent 25 Years Pop,songlists/pop-recent-25.json,POP25-2003,我,V0GGtX7kJO8,396542,2026-06-02,removed-under-500k,近25年熱門新歌,thisisyoyotube / YouTube
Recent 25 Years Pop,songlists/pop-recent-25.json,POP25-2004,幾分,C3DVSbvJ7RQ,396563,2026-06-02,removed-under-500k,近25年熱門新歌,showlomusic / YouTube
Recent 25 Years Pop,songlists/pop-recent-25.json,POP25-2005,每當變幻時,nCh33AqWGaU,395591,2026-06-02,removed-under-500k,近25年熱門新歌,Terence Lam - Topic / YouTube
Recent 25 Years Pop,songlists/pop-recent-25.json,POP25-2006,吉卜力,tTxX9cG_tSk,395436,2026-06-02,removed-under-500k,近25年熱門新歌,Jay Fung 馮允謙 / YouTube
Recent 25 Years Pop,songlists/pop-recent-25.json,POP25-2007,我們都怕痛,PvZbn-5FkKU,394969,2026-06-02,removed-under-500k,近25年熱門新歌,Faye / YouTube
Recent 25 Years Pop,songlists/pop-recent-25.json,POP25-2008,反話,7cmrc5DeDXo,393777,2026-06-02,removed-under-500k,近25年熱門新歌,英皇娛樂 eeg music / YouTube
Recent 25 Years Pop,songlists/pop-recent-25.json,POP25-2009,愛你還愛你,y8tN33qc-cI,393565,2026-06-02,removed-under-500k,近25年熱門新歌,AMusic Official Channel / YouTube
Recent 25 Years Pop,songlists/pop-recent-25.json,POP25-2010,我們的胡士托,OKP91vz2YtU,393165,2026-06-02,removed-under-500k,近25年熱門新歌,KingdomCMusic / YouTube
Recent 25 Years Pop,songlists/pop-recent-25.json,POP25-2011,老少平安,GQiELd2gUCs,392808,2026-06-02,removed-under-500k,近25年熱門新歌,Pakho Chau周柏豪 / YouTube
Recent 25 Years Pop,songlists/pop-recent-25.json,POP25-2012,如何變回不知道,22523-wyQ0Y,392319,2026-06-02,removed-under-500k,近25年熱門新歌,Dear Jane / YouTube
Recent 25 Years Pop,songlists/pop-recent-25.json,POP25-2013,我也很想他,KqLpfdLMB00,391423,2026-06-02,removed-under-500k,近25年熱門新歌,华语歌曲频道 / YouTube
Recent 25 Years Pop,songlists/pop-recent-25.json,POP25-2014,二十二,40qNlkA6UoQ,391234,2026-06-02,removed-under-500k,近25年熱門新歌,华语歌曲频道 / YouTube
Recent 25 Years Pop,songlists/pop-recent-25.json,POP25-2015,今天沒大麻在身,JPY0ql3DUeg,387880,2026-06-02,removed-under-500k,近25年熱門新歌,my little airport / YouTube
Recent 25 Years Pop,songlists/pop-recent-25.json,POP25-2016,飄著,EM6fCWanCP4,387812,2026-06-02,removed-under-500k,近25年熱門新歌,Timeless Music / YouTube
Recent 25 Years Pop,songlists/pop-recent-25.json,POP25-2017,一了百了,IYRy7EpC82Q,387244,2026-06-02,removed-under-500k,近25年熱門新歌,泳兒 Vincy Chan / YouTube
Recent 25 Years Pop,songlists/pop-recent-25.json,POP25-2018,阿飛與阿基,_HO_hfIbJj0,385011,2026-06-02,removed-under-500k,近25年熱門新歌,ToNick / YouTube
Recent 25 Years Pop,songlists/pop-recent-25.json,POP25-2019,超快感,k_C-i4rbUpk,383692,2026-06-02,removed-under-500k,近25年熱門新歌,Timeless Music / YouTube
Recent 25 Years Pop,songlists/pop-recent-25.json,POP25-2020,第幾位前任,AOM8n11DZaI,383320,2026-06-02,removed-under-500k,近25年熱門新歌,林家謙 Terence Lam / YouTube
Recent 25 Years Pop,songlists/pop-recent-25.json,POP25-2021,你睡了之後,xe0krTnMUMM,382333,2026-06-02,removed-under-500k,近25年熱門新歌,添翼音樂 TEAM EAR MUSIC / YouTube
Recent 25 Years Pop,songlists/pop-recent-25.json,POP25-2022,別走太遠,pjVzxSRPmhU,381322,2026-06-02,removed-under-500k,近25年熱門新歌,理想混蛋 Bestards / YouTube
Recent 25 Years Pop,songlists/pop-recent-25.json,POP25-2023,騷靈情歌,f4th8Kzkdgk,378837,2026-06-02,removed-under-500k,近25年熱門新歌,C90s 港仔音樂 / YouTube
Recent 25 Years Pop,songlists/pop-recent-25.json,POP25-2024,瀟灑,wjDpUogkZE8,378055,2026-06-02,removed-under-500k,近25年熱門新歌,鄧小巧 Tang Siu Hau / YouTube
Recent 25 Years Pop,songlists/pop-recent-25.json,POP25-2025,哀樂無名,G42UStYNtsc,376633,2026-06-02,removed-under-500k,近25年熱門新歌,Serrini / YouTube
Recent 25 Years Pop,songlists/pop-recent-25.json,POP25-2026,花花,MadWK4SbeFc,376019,2026-06-02,removed-under-500k,近25年熱門新歌,相信音樂BinMusic / YouTube
Recent 25 Years Pop,songlists/pop-recent-25.json,POP25-2027,只有夜來香,KuGkSV-e_bA,375123,2026-06-02,removed-under-500k,近25年熱門新歌,Crowd Lu - Topic / YouTube
Recent 25 Years Pop,songlists/pop-recent-25.json,POP25-2028,旁觀有罪,rcOweqYYX1U,372838,2026-06-02,removed-under-500k,近25年熱門新歌,陳蕾Panther Chan / YouTube
Recent 25 Years Pop,songlists/pop-recent-25.json,POP25-2029,下個星期去英國,sAtziErzpcU,372621,2026-06-02,removed-under-500k,近25年熱門新歌,添翼音樂 TEAM EAR MUSIC / YouTube
Recent 25 Years Pop,songlists/pop-recent-25.json,POP25-2030,無心戀唱,VLkX3FcIjY4,370855,2026-06-02,removed-under-500k,近25年熱門新歌,英皇娛樂 eeg music / YouTube
Recent 25 Years Pop,songlists/pop-recent-25.json,POP25-2031,一路順風,3WniTCb5bb8,370780,2026-06-02,removed-under-500k,近25年熱門新歌,添翼音樂 TEAM EAR MUSIC / YouTube
Recent 25 Years Pop,songlists/pop-recent-25.json,POP25-2032,十號儲物櫃,QlrfrKFcyyI,369494,2026-06-02,removed-under-500k,近25年熱門新歌,洪嘉豪 Hung Kaho / YouTube
Recent 25 Years Pop,songlists/pop-recent-25.json,POP25-2033,愛無餘地,RAZmyyAgDF0,369089,2026-06-02,removed-under-500k,近25年熱門新歌,TVB Music Group / YouTube
Recent 25 Years Pop,songlists/pop-recent-25.json,POP25-2034,彩虹金剛,x_DqkgpbGYI,369048,2026-06-02,removed-under-500k,近25年熱門新歌,UNIVERSAL MUSIC TAIWAN 環球音樂 / YouTube
Recent 25 Years Pop,songlists/pop-recent-25.json,POP25-2035,三十已過,6epFd9l85z4,369023,2026-06-02,removed-under-500k,近25年熱門新歌,新青年理髮廳NewYouthBarbershop / YouTube
Recent 25 Years Pop,songlists/pop-recent-25.json,POP25-2036,垃圾女星,xvXCrOdUqaA,367331,2026-06-02,removed-under-500k,近25年熱門新歌,Serrini / YouTube
Recent 25 Years Pop,songlists/pop-recent-25.json,POP25-2037,新歌六號,dWMuA-lyF2A,367199,2026-06-02,removed-under-500k,近25年熱門新歌,滅火器 Fire EX. / YouTube
Recent 25 Years Pop,songlists/pop-recent-25.json,POP25-2038,長期浪漫,TWv31VGHSo0,366889,2026-06-02,removed-under-500k,近25年熱門新歌,Serrini - Topic / YouTube
Recent 25 Years Pop,songlists/pop-recent-25.json,POP25-2039,觀自在,f6aYUpkNbkA,371523,2026-06-02,removed-under-500k,近25年熱門新歌,Marz23 / YouTube
Recent 25 Years Pop,songlists/pop-recent-25.json,POP25-2040,金草莓,Bf3E21xjhvo,364871,2026-06-02,removed-under-500k,近25年熱門新歌,jasonchanVEVO / YouTube
Recent 25 Years Pop,songlists/pop-recent-25.json,POP25-2041,切膚之痛,sBnSH4Iyf5I,364822,2026-06-02,removed-under-500k,近25年熱門新歌,寰亞音樂 Media Asia Music Official Channel / YouTube
Recent 25 Years Pop,songlists/pop-recent-25.json,POP25-2042,和你在一起,BNJ90YTCJgs,363945,2026-06-02,removed-under-500k,近25年熱門新歌,滾石唱片 ROCK RECORDS / YouTube
Recent 25 Years Pop,songlists/pop-recent-25.json,POP25-2043,還未,INSBJLHfjKc,362548,2026-06-02,removed-under-500k,近25年熱門新歌,英皇娛樂 eeg music / YouTube
Recent 25 Years Pop,songlists/pop-recent-25.json,POP25-2044,黑白,oHiyOBkzitk,361122,2026-06-02,removed-under-500k,近25年熱門新歌,warnermusichk / YouTube
Recent 25 Years Pop,songlists/pop-recent-25.json,POP25-2045,紅薔薇白玫瑰,CJCMd8341j8,360774,2026-06-02,removed-under-500k,近25年熱門新歌,龔子歆 / YouTube
Recent 25 Years Pop,songlists/pop-recent-25.json,POP25-2046,無名,1Q7BoeOgT18,360611,2026-06-02,removed-under-500k,近25年熱門新歌,officialKOLORvids / YouTube
Recent 25 Years Pop,songlists/pop-recent-25.json,POP25-2047,愛過,Bo2uoZbwhoI,360040,2026-06-02,removed-under-500k,近25年熱門新歌,Timeless Music / YouTube
Recent 25 Years Pop,songlists/pop-recent-25.json,POP25-2048,原來愛情這麼難,mBYoBM9CLus,359917,2026-06-02,removed-under-500k,近25年熱門新歌,英皇娛樂 eeg music / YouTube
Recent 25 Years Pop,songlists/pop-recent-25.json,POP25-2049,票房毒藥,MrOgioTlUCo,359370,2026-06-02,removed-under-500k,近25年熱門新歌,寰亞音樂 Media Asia Music Official Channel / YouTube
Recent 25 Years Pop,songlists/pop-recent-25.json,POP25-2050,下一束光,Jadcbo4NcZk,358687,2026-06-02,removed-under-500k,近25年熱門新歌,吳林峰 Official Channel / YouTube
Recent 25 Years Pop,songlists/pop-recent-25.json,POP25-2051,戲一場,Rmxv3-l0Wuo,358550,2026-06-02,removed-under-500k,近25年熱門新歌,寰亞音樂 Media Asia Music Official Channel / YouTube
Recent 25 Years Pop,songlists/pop-recent-25.json,POP25-2052,少數,AyvoxF6VERQ,358541,2026-06-02,removed-under-500k,近25年熱門新歌,寰亞音樂 Media Asia Music Official Channel / YouTube
Recent 25 Years Pop,songlists/pop-recent-25.json,POP25-2053,隨波逐流,AOthNs_4qVM,357899,2026-06-02,removed-under-500k,近25年熱門新歌,洪嘉豪 Hung Kaho / YouTube
Recent 25 Years Pop,songlists/pop-recent-25.json,POP25-2054,以正義之名,CVqm_qM7lG0,356976,2026-06-02,removed-under-500k,近25年熱門新歌,陳蕾Panther Chan / YouTube
Recent 25 Years Pop,songlists/pop-recent-25.json,POP25-2055,害怕,Y_Efx-gRhKU,356554,2026-06-02,removed-under-500k,近25年熱門新歌,Timeless Music / YouTube
Recent 25 Years Pop,songlists/pop-recent-25.json,POP25-2056,摩登時代,xg-1OvlfSbM,356386,2026-06-02,removed-under-500k,近25年熱門新歌,英皇娛樂 eeg music / YouTube
Recent 25 Years Pop,songlists/pop-recent-25.json,POP25-2057,人之初,TMAnICLy2Ew,356043,2026-06-02,removed-under-500k,近25年熱門新歌,滾石唱片 ROCK RECORDS / YouTube
Recent 25 Years Pop,songlists/pop-recent-25.json,POP25-2058,從沒去過巴塞隆納,EVV8YjHH67c,355972,2026-06-02,removed-under-500k,近25年熱門新歌,告五人Accusefive / YouTube
Recent 25 Years Pop,songlists/pop-recent-25.json,POP25-2059,春秋,C7puzQHz1zs,354185,2026-06-02,removed-under-500k,近25年熱門新歌,C90s 港仔音樂 / YouTube
Recent 25 Years Pop,songlists/pop-recent-25.json,POP25-2060,過後,bIeHL45ovgQ,352000,2026-06-02,removed-under-500k,近25年熱門新歌,jasonchanVEVO / YouTube
Recent 25 Years Pop,songlists/pop-recent-25.json,POP25-2061,珍妮佛,QaTG-s5X5XA,350325,2026-06-02,removed-under-500k,近25年熱門新歌,韋禮安 WeiBird / YouTube
Recent 25 Years Pop,songlists/pop-recent-25.json,POP25-2062,太陽雨,Gb9x8xd_P88,350132,2026-06-02,removed-under-500k,近25年熱門新歌,理想混蛋 Bestards / YouTube
Recent 25 Years Pop,songlists/pop-recent-25.json,POP25-2063,雲吞,nUCYMsvns1w,349969,2026-06-02,removed-under-500k,近25年熱門新歌,寰亞音樂 Media Asia Music Official Channel / YouTube
Recent 25 Years Pop,songlists/pop-recent-25.json,POP25-2064,時機,UG4rO_e468A,349880,2026-06-02,removed-under-500k,近25年熱門新歌,jasonchanVEVO / YouTube
Recent 25 Years Pop,songlists/pop-recent-25.json,POP25-2065,可惜你是個人,vtp3bJb7RNE,348077,2026-06-02,removed-under-500k,近25年熱門新歌,寰亞音樂 Media Asia Music Official Channel / YouTube
Recent 25 Years Pop,songlists/pop-recent-25.json,POP25-2066,因愛而來,QeITxfn-wHI,347466,2026-06-02,removed-under-500k,近25年熱門新歌,Dear Jane / YouTube
Recent 25 Years Pop,songlists/pop-recent-25.json,POP25-2067,為何他會離開你,B45O_awdlD0,347498,2026-06-02,removed-under-500k,近25年熱門新歌,Ha Ha / YouTube
Recent 25 Years Pop,songlists/pop-recent-25.json,POP25-2068,也與你的心靈同在,UvyKuo03T68,346843,2026-06-02,removed-under-500k,近25年熱門新歌,Jay Fung 馮允謙 / YouTube
Recent 25 Years Pop,songlists/pop-recent-25.json,POP25-2069,五瓣玫瑰,QKcxNw5JnlQ,345927,2026-06-02,removed-under-500k,近25年熱門新歌,陳蕾Panther Chan / YouTube
Recent 25 Years Pop,songlists/pop-recent-25.json,POP25-2070,别说没爱过,5w-TvCzVWh0,345662,2026-06-02,removed-under-500k,近25年熱門新歌,InvestorCorner / YouTube
Recent 25 Years Pop,songlists/pop-recent-25.json,POP25-2071,別怕失去,l5ZW14QYI3M,345175,2026-06-02,removed-under-500k,近25年熱門新歌,jasonchanVEVO / YouTube
Recent 25 Years Pop,songlists/pop-recent-25.json,POP25-2072,玩酷,r9sOF5Ct_YQ,345178,2026-06-02,removed-under-500k,近25年熱門新歌,UNIVERSAL MUSIC TAIWAN 環球音樂 / YouTube
Recent 25 Years Pop,songlists/pop-recent-25.json,POP25-2073,引我笑,TmyCcYoR0tI,344123,2026-06-02,removed-under-500k,近25年熱門新歌,寰亞音樂 Media Asia Music Official Channel / YouTube
Recent 25 Years Pop,songlists/pop-recent-25.json,POP25-2074,喔伊細,Hk9Xcvso06M,342811,2026-06-02,removed-under-500k,近25年熱門新歌,亞神音樂娛樂 / YouTube
Recent 25 Years Pop,songlists/pop-recent-25.json,POP25-2075,今繼,fXhBoXjA0RA,339520,2026-06-02,removed-under-500k,近25年熱門新歌,MIRROR / YouTube
Recent 25 Years Pop,songlists/pop-recent-25.json,POP25-2076,只記住你,UWo3D-O28lE,339205,2026-06-02,removed-under-500k,近25年熱門新歌,鄧小巧 Tang Siu Hau / YouTube
Recent 25 Years Pop,songlists/pop-recent-25.json,POP25-2077,你在我不遠處,PeQ1r6ZyCgM,335779,2026-06-02,removed-under-500k,近25年熱門新歌,寰亞音樂 Media Asia Music Official Channel / YouTube
Recent 25 Years Pop,songlists/pop-recent-25.json,POP25-2078,下輩子,xNACeEXjoRY,563091,2026-06-02,kept,近25年熱門新歌,哈嘍簡爸 / YouTube
Recent 25 Years Pop,songlists/pop-recent-25.json,POP25-2079,嘻哈庄腳情,NOC6fIN5AU8,547951,2026-06-02,kept,近25年熱門新歌,"LYRICS J, / YouTube"
Recent 25 Years Pop,songlists/pop-recent-25.json,POP25-2080,沒你我沒差,iVFDHu1lQIU,463991,2026-06-02,removed-under-500k,近25年熱門新歌,Xin Yu / YouTube
Recent 25 Years Pop,songlists/pop-recent-25.json,POP25-2081,男子漢的浪漫,qak5b6dtXfg,435223,2026-06-02,removed-under-500k,近25年熱門新歌,Goday Lin / YouTube
Recent 25 Years Pop,songlists/pop-recent-25.json,POP25-2082,一生只督妳一人,mj811Tl6T1s,345792,2026-06-02,removed-under-500k,近25年熱門新歌,Cheng Lyrics Video / YouTube
Recent 25 Years Pop,songlists/pop-recent-25.json,POP25-2083,美丽之最,3xDEabSTPcY,335540,2026-06-02,removed-under-500k,近25年熱門新歌,GM Lyric / YouTube
Recent 25 Years Pop,songlists/pop-recent-25.json,POP25-2084,心有不甘,UTXjAvM6zAE,335356,2026-06-02,removed-under-500k,近25年熱門新歌,AMusic Official Channel / YouTube
Recent 25 Years Pop,songlists/pop-recent-25.json,POP25-2085,查無此字,X91VGjytTt4,334671,2026-06-02,removed-under-500k,近25年熱門新歌,林奕匡 Phil Lam / YouTube
Recent 25 Years Pop,songlists/pop-recent-25.json,POP25-2086,天淵之別,x1a02Ad84WM,334449,2026-06-02,removed-under-500k,近25年熱門新歌,Sony Music Entertainment Hong Kong / YouTube
Recent 25 Years Pop,songlists/pop-recent-25.json,POP25-2087,錯過。再實現,phxpL8ptNTY,331504,2026-06-02,removed-under-500k,近25年熱門新歌,TVB Music Group / YouTube
Recent 25 Years Pop,songlists/pop-recent-25.json,POP25-2088,我最親愛的,pfVDJtphU3o,329766,2026-06-02,removed-under-500k,近25年熱門新歌,Timeless Music / YouTube
Recent 25 Years Pop,songlists/pop-recent-25.json,POP25-2089,海底隧道,7bcYxMjQ390,327749,2026-06-02,removed-under-500k,近25年熱門新歌,officialKOLORvids / YouTube
Recent 25 Years Pop,songlists/pop-recent-25.json,POP25-2090,蘇富比,AwHuodzEi18,326569,2026-06-02,removed-under-500k,近25年熱門新歌,Jay Fung 馮允謙 / YouTube
Recent 25 Years Pop,songlists/pop-recent-25.json,POP25-2091,繁花依旧,7UvX4c4e9pc,325537,2026-06-02,removed-under-500k,近25年熱門新歌,周深粉丝后援会Zhou Shen Fan Club / YouTube
Recent 25 Years Pop,songlists/pop-recent-25.json,POP25-2092,剎那的烏托邦,Fa0QL00-dso,325386,2026-06-02,removed-under-500k,近25年熱門新歌,Utopia Momentarily / YouTube
Recent 25 Years Pop,songlists/pop-recent-25.json,POP25-2093,十七度,Cj3I7xGNymM,324116,2026-06-02,removed-under-500k,近25年熱門新歌,universalmusichk / YouTube
Recent 25 Years Pop,songlists/pop-recent-25.json,POP25-2094,愛我沒錯,w2-aDErjiRY,323877,2026-06-02,removed-under-500k,近25年熱門新歌,韋禮安 WeiBird / YouTube
Recent 25 Years Pop,songlists/pop-recent-25.json,POP25-2095,那些小事情,iZ6oemY35YU,323825,2026-06-02,removed-under-500k,近25年熱門新歌,蔡健雅 Tanya Chua / YouTube
Recent 25 Years Pop,songlists/pop-recent-25.json,POP25-2096,海島冒險王,iSDf-e7S6kw,323421,2026-06-02,removed-under-500k,近25年熱門新歌,滅火器 Fire EX. / YouTube
Recent 25 Years Pop,songlists/pop-recent-25.json,POP25-2097,常願意,mPTM0aGP8lE,322044,2026-06-02,removed-under-500k,近25年熱門新歌,thisisyoyotube / YouTube
Recent 25 Years Pop,songlists/pop-recent-25.json,POP25-2098,孤獨先生,BW4r2_B_9e0,321584,2026-06-02,removed-under-500k,近25年熱門新歌,Redline Music / YouTube
Recent 25 Years Pop,songlists/pop-recent-25.json,POP25-2099,歡樂今宵,V5babx-WF5w,321478,2026-06-02,removed-under-500k,近25年熱門新歌,ChillGOOD TV / YouTube
Recent 25 Years Pop,songlists/pop-recent-25.json,POP25-2100,屬於,9ai16kKPQJE,317724,2026-06-02,removed-under-500k,近25年熱門新歌,柏呈昇 / YouTube
Recent 25 Years Pop,songlists/pop-recent-25.json,POP25-2101,放假總要在雨天,WvrfOO_zNLY,315604,2026-06-02,removed-under-500k,近25年熱門新歌,新青年理髮廳NewYouthBarbershop / YouTube
Recent 25 Years Pop,songlists/pop-recent-25.json,POP25-2102,西湖沒有中秋,1YaoQrLoyxQ,315302,2026-06-02,removed-under-500k,近25年熱門新歌,My Little Airport - Topic / YouTube
Recent 25 Years Pop,songlists/pop-recent-25.json,POP25-2103,藍眼睛,65XoeVyhKLM,315241,2026-06-02,removed-under-500k,近25年熱門新歌,华语歌曲频道 / YouTube
Recent 25 Years Pop,songlists/pop-recent-25.json,POP25-2104,不被祝福的幸福,Ll2WcZwKZfE,313914,2026-06-02,removed-under-500k,近25年熱門新歌,Rou Chen / YouTube
Recent 25 Years Pop,songlists/pop-recent-25.json,POP25-2105,改變自己,F5MgRpArNAY,312646,2026-06-02,removed-under-500k,近25年熱門新歌,Melody Music / YouTube
Recent 25 Years Pop,songlists/pop-recent-25.json,POP25-2106,寄生人,ghZUlIsyLzU,310023,2026-06-02,removed-under-500k,近25年熱門新歌,華研國際 / YouTube
Recent 25 Years Pop,songlists/pop-recent-25.json,POP25-2107,信,tvmXqjpsDnI,307599,2026-06-02,removed-under-500k,近25年熱門新歌,universalmusichk / YouTube
Recent 25 Years Pop,songlists/pop-recent-25.json,POP25-2108,關於纏綿,DHQ1CYIA0e0,307545,2026-06-02,removed-under-500k,近25年熱門新歌,張蔓姿 Gigi Cheung / YouTube
Recent 25 Years Pop,songlists/pop-recent-25.json,POP25-2109,赤地雪,_BbIGjZG9Q4,306975,2026-06-02,removed-under-500k,近25年熱門新歌,英皇娛樂 eeg music / YouTube
Recent 25 Years Pop,songlists/pop-recent-25.json,POP25-2110,隨風,JBgpJq8x9cQ,306297,2026-06-02,removed-under-500k,近25年熱門新歌,新青年理髮廳NewYouthBarbershop / YouTube
Recent 25 Years Pop,songlists/pop-recent-25.json,POP25-2111,会痛的石头,PfbPHRtcGpI,306128,2026-06-02,removed-under-500k,近25年熱門新歌,GM Lyric / YouTube
Recent 25 Years Pop,songlists/pop-recent-25.json,POP25-2112,西湖,FmVDqdHSVv8,304956,2026-06-02,removed-under-500k,近25年熱門新歌,JACE 陳凱詠 / YouTube
Recent 25 Years Pop,songlists/pop-recent-25.json,POP25-2113,和好,UdEqnJWyGLY,302775,2026-06-02,removed-under-500k,近25年熱門新歌,寰亞音樂 Media Asia Music Official Channel / YouTube
Recent 25 Years Pop,songlists/pop-recent-25.json,POP25-2114,路人甲,lcahXrTBVsY,302636,2026-06-02,removed-under-500k,近25年熱門新歌,华语歌曲频道 / YouTube
Recent 25 Years Pop,songlists/pop-recent-25.json,POP25-2115,煩擾中起舞,LIqvq1k11nY,301138,2026-06-02,removed-under-500k,近25年熱門新歌,Redline Music / YouTube
Recent 25 Years Pop,songlists/pop-recent-25.json,POP25-2116,所有下雨天,TukGoOE6wEI,301098,2026-06-02,removed-under-500k,近25年熱門新歌,Fiona Sit薛凱琪 / YouTube
Recent 25 Years Pop,songlists/pop-recent-25.json,POP25-2117,呼吸,rynWwDpXydg,300535,2026-06-02,removed-under-500k,近25年熱門新歌,TanyaChuaVEVO / YouTube
Recent 25 Years Pop,songlists/pop-recent-25.json,POP25-2118,主宰,fA8UErwCKNo,299730,2026-06-02,removed-under-500k,近25年熱門新歌,JW 王灝兒 / YouTube
Recent 25 Years Pop,songlists/pop-recent-25.json,POP25-2119,刚刚好,DyPdHjjlH-4,299494,2026-06-02,removed-under-500k,近25年熱門新歌,月初 / YouTube
Recent 25 Years Pop,songlists/pop-recent-25.json,POP25-2120,愛永遠不會消失,3JyPryx3VVQ,298443,2026-06-02,removed-under-500k,近25年熱門新歌,豐華唱片ForwardMusic / YouTube
Recent 25 Years Pop,songlists/pop-recent-25.json,POP25-2121,別畏高,JTsi1Bc8zuk,296680,2026-06-02,removed-under-500k,近25年熱門新歌,寰亞音樂 Media Asia Music Official Channel / YouTube
Recent 25 Years Pop,songlists/pop-recent-25.json,POP25-2122,卜卜卜,prf5fwHSsow,296197,2026-06-02,removed-under-500k,近25年熱門新歌,Sony Music Entertainment Hong Kong / YouTube
Recent 25 Years Pop,songlists/pop-recent-25.json,POP25-2123,一樣,fU3zsnKszPE,296025,2026-06-02,removed-under-500k,近25年熱門新歌,張蔓姿 Gigi Cheung / YouTube
Recent 25 Years Pop,songlists/pop-recent-25.json,POP25-2124,細間始終你好,4G8SDPTK_lY,295448,2026-06-02,removed-under-500k,近25年熱門新歌,張蔓莎Sabrina Cheung / YouTube
Recent 25 Years Pop,songlists/pop-recent-25.json,POP25-2125,辛苦你了,x6XG6R9aYKU,295093,2026-06-02,removed-under-500k,近25年熱門新歌,容祖兒 Joey Yung / YouTube
Recent 25 Years Pop,songlists/pop-recent-25.json,POP25-2126,百妖夜行的修行,J_US1vmUFl4,291973,2026-06-02,removed-under-500k,近25年熱門新歌,JACE 陳凱詠 / YouTube
Recent 25 Years Pop,songlists/pop-recent-25.json,POP25-2127,無聲浪,AGU_FMudl1Y,291493,2026-06-02,removed-under-500k,近25年熱門新歌,CathWongVEVO / YouTube
Recent 25 Years Pop,songlists/pop-recent-25.json,POP25-2128,花心,AuryR70d-ug,291102,2026-06-02,removed-under-500k,近25年熱門新歌,泳兒 Vincy Chan / YouTube
Recent 25 Years Pop,songlists/pop-recent-25.json,POP25-2129,單身美好,f0fncgrOKos,290634,2026-06-02,removed-under-500k,近25年熱門新歌,jasmine e / YouTube
Recent 25 Years Pop,songlists/pop-recent-25.json,POP25-2130,情永落,wzlhtAyFQjo,290634,2026-06-02,removed-under-500k,近25年熱門新歌,Timeless Music Hong Kong天碟 / YouTube
Recent 25 Years Pop,songlists/pop-recent-25.json,POP25-2131,為民除害,6l_Mwb89Cow,290419,2026-06-02,removed-under-500k,近25年熱門新歌,張蔓姿 Gigi Cheung / YouTube
Recent 25 Years Pop,songlists/pop-recent-25.json,POP25-2132,野男人,WwtANsOElhM,289811,2026-06-02,removed-under-500k,近25年熱門新歌,吳霏 / YouTube
Recent 25 Years Pop,songlists/pop-recent-25.json,POP25-2133,你知道我在等你們分手嗎,yoZbUg9Agz4,289544,2026-06-02,removed-under-500k,近25年熱門新歌,AMusic Official Channel / YouTube
Recent 25 Years Pop,songlists/pop-recent-25.json,POP25-2134,如果你冷,xpxFL6-VSSU,288233,2026-06-02,removed-under-500k,近25年熱門新歌,sodagreen_aka_oaeen / YouTube
Recent 25 Years Pop,songlists/pop-recent-25.json,POP25-2135,原谅我,YQCEyqL-iic,287899,2026-06-02,removed-under-500k,近25年熱門新歌,GM Lyric / YouTube
Recent 25 Years Pop,songlists/pop-recent-25.json,POP25-2136,無需要理由,KcXw7id0Ypo,287798,2026-06-02,removed-under-500k,近25年熱門新歌,officialKOLORvids / YouTube
Recent 25 Years Pop,songlists/pop-recent-25.json,POP25-2137,中二病人,H_rZmG9Erq0,286955,2026-06-02,removed-under-500k,近25年熱門新歌,Zpecial / YouTube
Recent 25 Years Pop,songlists/pop-recent-25.json,POP25-2138,一縷執念,ZdXfY29MC0E,284116,2026-06-02,removed-under-500k,近25年熱門新歌,Melo Mango / YouTube
Recent 25 Years Pop,songlists/pop-recent-25.json,POP25-2139,怎么说我不爱你,AiQO7Sl2M-M,283633,2026-06-02,removed-under-500k,近25年熱門新歌,GM Lyric / YouTube
Recent 25 Years Pop,songlists/pop-recent-25.json,POP25-2140,出場序,5tF0mWqIi9E,282154,2026-06-02,removed-under-500k,近25年熱門新歌,寰亞音樂 Media Asia Music Official Channel / YouTube
Recent 25 Years Pop,songlists/pop-recent-25.json,POP25-2141,彌敦道的一晚,453u20nMAwM,280507,2026-06-02,removed-under-500k,近25年熱門新歌,my little airport / YouTube
Recent 25 Years Pop,songlists/pop-recent-25.json,POP25-2142,不明文規定,YLI5DppJhB0,280243,2026-06-02,removed-under-500k,近25年熱門新歌,陳蕾Panther Chan / YouTube
Recent 25 Years Pop,songlists/pop-recent-25.json,POP25-2143,哪裡,mGKO30Jz-no,279853,2026-06-02,removed-under-500k,近25年熱門新歌,thisisyoyotube / YouTube
